family,map,config,instance,alg,expanded,cost,optimal,time_ms,status,mvc,exp_over_mvc
industrial-plants,plant01,diag,0,astar,2,1.414214,1.414210,0.065,ok,0.0,
industrial-plants,plant01,diag,0,rastar,2,1.414214,1.414210,0.058,ok,0.0,
industrial-plants,plant01,diag,0,mm,1,1.414214,1.414210,0.053,ok,0.0,
industrial-plants,plant01,diag,0,bia,1,1.414214,1.414210,0.049,ok,0.0,
industrial-plants,plant01,diag,0,bae,1,1.414214,1.414210,0.051,ok,0.0,
industrial-plants,plant01,diag,0,nbs,1,1.414214,1.414210,0.024,ok,0.0,
industrial-plants,plant01,diag,0,gbfs,2,2.828427,1.414210,0.064,subopt,0.0,
industrial-plants,plant01,diag,1,astar,2,1.414214,1.414210,0.059,ok,0.0,
industrial-plants,plant01,diag,1,rastar,2,1.414214,1.414210,0.060,ok,0.0,
industrial-plants,plant01,diag,1,mm,1,1.414214,1.414210,0.046,ok,0.0,
industrial-plants,plant01,diag,1,bia,1,1.414214,1.414210,0.047,ok,0.0,
industrial-plants,plant01,diag,1,bae,1,1.414214,1.414210,0.045,ok,0.0,
industrial-plants,plant01,diag,1,nbs,1,1.414214,1.414210,0.015,ok,0.0,
industrial-plants,plant01,diag,1,gbfs,2,1.414214,1.414210,0.060,subopt,0.0,
industrial-plants,plant01,diag,2,astar,3,2.000000,2.000000,0.061,ok,0.0,
industrial-plants,plant01,diag,2,rastar,3,2.000000,2.000000,0.062,ok,0.0,
industrial-plants,plant01,diag,2,mm,2,2.000000,2.000000,0.066,ok,0.0,
industrial-plants,plant01,diag,2,bia,2,2.000000,2.000000,0.067,ok,0.0,
industrial-plants,plant01,diag,2,bae,2,2.000000,2.000000,0.058,ok,0.0,
industrial-plants,plant01,diag,2,nbs,2,2.000000,2.000000,0.031,ok,0.0,
industrial-plants,plant01,diag,2,gbfs,2,3.464102,2.000000,0.062,subopt,0.0,
industrial-plants,plant01,diag,3,astar,3,2.414214,2.414210,0.062,ok,0.0,
industrial-plants,plant01,diag,3,rastar,3,2.414214,2.414210,0.061,ok,0.0,
industrial-plants,plant01,diag,3,mm,2,2.414214,2.414210,0.073,ok,0.0,
industrial-plants,plant01,diag,3,bia,2,2.414214,2.414210,0.057,ok,0.0,
industrial-plants,plant01,diag,3,bae,2,2.414214,2.414210,0.060,ok,0.0,
industrial-plants,plant01,diag,3,nbs,2,2.414214,2.414210,0.032,ok,0.0,
industrial-plants,plant01,diag,3,gbfs,2,2.414214,2.414210,0.064,subopt,0.0,
industrial-plants,plant01,diag,4,astar,3,2.414214,2.414210,0.063,ok,0.0,
industrial-plants,plant01,diag,4,rastar,3,2.414214,2.414210,0.066,ok,0.0,
industrial-plants,plant01,diag,4,mm,2,2.414214,2.414210,0.066,ok,0.0,
industrial-plants,plant01,diag,4,bia,2,2.414214,2.414210,0.055,ok,0.0,
industrial-plants,plant01,diag,4,bae,2,2.414214,2.414210,0.057,ok,0.0,
industrial-plants,plant01,diag,4,nbs,2,2.414214,2.414210,0.052,ok,0.0,
industrial-plants,plant01,diag,4,gbfs,2,2.414214,2.414210,0.128,subopt,0.0,
industrial-plants,plant01,diag,5,astar,3,2.000000,2.000000,0.103,ok,0.0,
industrial-plants,plant01,diag,5,rastar,3,2.000000,2.000000,0.104,ok,0.0,
industrial-plants,plant01,diag,5,mm,2,2.000000,2.000000,0.114,ok,0.0,
industrial-plants,plant01,diag,5,bia,2,2.000000,2.000000,0.099,ok,0.0,
industrial-plants,plant01,diag,5,bae,2,2.000000,2.000000,0.098,ok,0.0,
industrial-plants,plant01,diag,5,nbs,2,2.000000,2.000000,0.056,ok,0.0,
industrial-plants,plant01,diag,5,gbfs,2,3.464102,2.000000,0.110,subopt,0.0,
industrial-plants,plant01,diag,6,astar,3,2.828427,2.828430,0.104,ok,0.0,
industrial-plants,plant01,diag,6,rastar,3,2.828427,2.828430,0.107,ok,0.0,
industrial-plants,plant01,diag,6,mm,2,2.828427,2.828430,0.118,ok,0.0,
industrial-plants,plant01,diag,6,bia,2,2.828427,2.828430,0.092,ok,0.0,
industrial-plants,plant01,diag,6,bae,2,2.828427,2.828430,0.115,ok,0.0,
industrial-plants,plant01,diag,6,nbs,2,2.828427,2.828430,0.054,ok,0.0,
industrial-plants,plant01,diag,6,gbfs,2,2.828427,2.828430,0.109,subopt,0.0,
industrial-plants,plant01,diag,7,astar,3,2.000000,2.000000,0.104,ok,0.0,
industrial-plants,plant01,diag,7,rastar,3,2.000000,2.000000,0.101,ok,0.0,
industrial-plants,plant01,diag,7,mm,2,2.000000,2.000000,0.132,ok,0.0,
industrial-plants,plant01,diag,7,bia,2,2.000000,2.000000,0.091,ok,0.0,
industrial-plants,plant01,diag,7,bae,2,2.000000,2.000000,0.094,ok,0.0,
industrial-plants,plant01,diag,7,nbs,2,2.000000,2.000000,0.054,ok,0.0,
industrial-plants,plant01,diag,7,gbfs,2,2.828427,2.000000,0.106,subopt,0.0,
industrial-plants,plant01,diag,8,astar,3,2.414214,2.414210,0.108,ok,0.0,
industrial-plants,plant01,diag,8,rastar,3,2.414214,2.414210,0.105,ok,0.0,
industrial-plants,plant01,diag,8,mm,2,2.414214,2.414210,0.117,ok,0.0,
industrial-plants,plant01,diag,8,bia,2,2.414214,2.414210,0.093,ok,0.0,
industrial-plants,plant01,diag,8,bae,2,2.414214,2.414210,0.097,ok,0.0,
industrial-plants,plant01,diag,8,nbs,2,2.414214,2.414210,0.056,ok,0.0,
industrial-plants,plant01,diag,8,gbfs,2,2.414214,2.414210,0.112,subopt,0.0,
industrial-plants,plant01,diag,9,astar,3,2.414214,2.414210,0.104,ok,0.0,
industrial-plants,plant01,diag,9,rastar,3,2.414214,2.414210,0.108,ok,0.0,
industrial-plants,plant01,diag,9,mm,2,2.414214,2.414210,0.132,ok,0.0,
industrial-plants,plant01,diag,9,bia,2,2.414214,2.414210,0.093,ok,0.0,
industrial-plants,plant01,diag,9,bae,2,2.414214,2.414210,0.095,ok,0.0,
industrial-plants,plant01,diag,9,nbs,2,2.414214,2.414210,0.055,ok,0.0,
industrial-plants,plant01,diag,9,gbfs,2,3.146264,2.414210,0.104,subopt,0.0,
industrial-plants,plant01,diag,10,astar,801,87.157000,87.157000,4.394,ok,743.0,1.0780619111709286
industrial-plants,plant01,diag,10,rastar,6739,87.157000,87.157000,34.191,ok,743.0,9.069986541049799
industrial-plants,plant01,diag,10,mm,5056,87.157000,87.157000,66.588,ok,743.0,6.804845222072679
industrial-plants,plant01,diag,10,bia,1597,87.157000,87.157000,9.711,ok,743.0,2.149394347240915
industrial-plants,plant01,diag,10,bae,3663,87.157000,87.157000,20.798,ok,743.0,4.930013458950202
industrial-plants,plant01,diag,10,nbs,4944,87.157000,87.157000,23.063,ok,743.0,6.654104979811574
industrial-plants,plant01,diag,10,gbfs,106,89.353152,87.157000,1.720,subopt,743.0,0.1426648721399731
industrial-plants,plant01,diag,11,astar,801,65.069610,65.069600,3.900,ok,762.0,1.0511811023622046
industrial-plants,plant01,diag,11,rastar,14234,65.069610,65.069600,75.936,ok,762.0,18.67979002624672
industrial-plants,plant01,diag,11,mm,10573,65.069610,65.069600,95.309,ok,762.0,13.875328083989501
industrial-plants,plant01,diag,11,bia,1595,65.069610,65.069600,8.965,ok,762.0,2.093175853018373
industrial-plants,plant01,diag,11,bae,11893,65.069610,65.069600,89.203,ok,762.0,15.60761154855643
industrial-plants,plant01,diag,11,nbs,5054,65.069610,65.069600,23.678,ok,762.0,6.63254593175853
industrial-plants,plant01,diag,11,gbfs,100,68.768824,65.069600,1.261,subopt,762.0,0.13123359580052493
industrial-plants,plant01,diag,12,astar,801,99.714755,99.714800,4.226,ok,738.0,1.0853658536585367
industrial-plants,plant01,diag,12,rastar,44944,99.714755,99.714800,216.117,ok,738.0,60.89972899728997
industrial-plants,plant01,diag,12,mm,30381,99.714755,99.714800,347.746,ok,738.0,41.166666666666664
industrial-plants,plant01,diag,12,bia,1597,99.714755,99.714800,4.745,ok,738.0,2.1639566395663956
industrial-plants,plant01,diag,12,bae,36324,99.714755,99.714800,159.917,ok,738.0,49.21951219512195
industrial-plants,plant01,diag,12,nbs,11226,99.714755,99.714800,29.363,ok,738.0,15.211382113821138
industrial-plants,plant01,diag,12,gbfs,146,101.660738,99.714800,1.069,subopt,738.0,0.1978319783197832
industrial-plants,plant01,diag,13,astar,801,101.575342,101.575000,2.209,ok,726.0,1.103305785123967
industrial-plants,plant01,diag,13,rastar,39927,101.575342,101.575000,113.099,ok,726.0,54.99586776859504
industrial-plants,plant01,diag,13,mm,28653,101.575342,101.575000,255.349,ok,726.0,39.46694214876033
industrial-plants,plant01,diag,13,bia,1597,101.575342,101.575000,4.801,ok,726.0,2.1997245179063363
industrial-plants,plant01,diag,13,bae,22543,101.575342,101.575000,70.629,ok,726.0,31.050964187327825
industrial-plants,plant01,diag,13,nbs,12550,101.575342,101.575000,31.206,ok,726.0,17.286501377410467
industrial-plants,plant01,diag,13,gbfs,180,105.137278,101.575000,0.932,subopt,726.0,0.24793388429752067
industrial-plants,plant01,diag,14,astar,801,104.403040,104.403000,2.041,ok,742.0,1.0795148247978437
industrial-plants,plant01,diag,14,rastar,15094,104.403040,104.403000,37.491,ok,742.0,20.342318059299192
industrial-plants,plant01,diag,14,mm,9853,104.403040,104.403000,69.032,ok,742.0,13.278975741239892
industrial-plants,plant01,diag,14,bia,1597,104.403040,104.403000,4.539,ok,742.0,2.152291105121294
industrial-plants,plant01,diag,14,bae,8715,104.403040,104.403000,25.543,ok,742.0,11.745283018867925
industrial-plants,plant01,diag,14,nbs,3820,104.403040,104.403000,8.531,ok,742.0,5.1482479784366575
industrial-plants,plant01,diag,14,gbfs,150,108.044837,104.403000,1.019,subopt,742.0,0.20215633423180593
industrial-plants,plant01,diag,15,astar,800,126.375009,126.375000,2.155,ok,706.0,1.13314447592068
industrial-plants,plant01,diag,15,rastar,87669,126.375009,126.375000,251.747,ok,706.0,124.1770538243626
industrial-plants,plant01,diag,15,mm,43625,126.375009,126.375000,329.181,ok,706.0,61.79178470254958
industrial-plants,plant01,diag,15,bia,1515,126.375009,126.375000,5.061,ok,706.0,2.1458923512747874
industrial-plants,plant01,diag,15,bae,31883,126.375009,126.375000,125.446,ok,706.0,45.1600566572238
industrial-plants,plant01,diag,15,nbs,9736,126.375009,126.375000,22.869,ok,706.0,13.790368271954675
industrial-plants,plant01,diag,15,gbfs,220,134.018264,126.375000,1.291,subopt,706.0,0.311614730878187
industrial-plants,plant01,diag,16,astar,801,63.213203,63.213200,1.850,ok,797.0,1.0050188205771644
industrial-plants,plant01,diag,16,rastar,7039,63.213203,63.213200,15.505,ok,797.0,8.831869510664994
industrial-plants,plant01,diag,16,mm,4781,63.213203,63.213200,264.687,ok,797.0,5.998745294855709
industrial-plants,plant01,diag,16,bia,1555,63.213203,63.213200,3.806,ok,797.0,1.9510664993726474
industrial-plants,plant01,diag,16,bae,2683,63.213203,63.213200,6.933,ok,797.0,3.366373902132999
industrial-plants,plant01,diag,16,nbs,1554,63.213203,63.213200,3.542,ok,797.0,1.9498117942283564
industrial-plants,plant01,diag,16,gbfs,120,65.899495,63.213200,0.503,subopt,797.0,0.15056461731493098
industrial-plants,plant01,diag,17,astar,801,139.756630,139.757000,1.949,ok,683.0,1.1727672035139092
industrial-plants,plant01,diag,17,rastar,2126,139.756630,139.757000,4.786,ok,683.0,3.1127379209370423
industrial-plants,plant01,diag,17,mm,2053,139.756630,139.757000,10.673,ok,683.0,3.005856515373353
industrial-plants,plant01,diag,17,bia,1411,139.756630,139.757000,3.761,ok,683.0,2.0658857979502194
industrial-plants,plant01,diag,17,bae,2227,139.756630,139.757000,5.730,ok,683.0,3.260614934114202
industrial-plants,plant01,diag,17,nbs,2488,139.756630,139.757000,5.927,ok,683.0,3.6427525622254757
industrial-plants,plant01,diag,17,gbfs,240,147.802390,139.757000,0.993,subopt,683.0,0.3513909224011713
industrial-plants,plant01,diag,18,astar,801,80.485281,80.485300,1.874,ok,736.0,1.0883152173913044
industrial-plants,plant01,diag,18,rastar,9818,80.485281,80.485300,19.903,ok,736.0,13.339673913043478
industrial-plants,plant01,diag,18,mm,7004,80.485281,80.485300,33.483,ok,736.0,9.516304347826088
industrial-plants,plant01,diag,18,bia,1493,80.485281,80.485300,3.473,ok,736.0,2.0285326086956523
industrial-plants,plant01,diag,18,bae,5311,80.485281,80.485300,13.702,ok,736.0,7.216032608695652
industrial-plants,plant01,diag,18,nbs,2194,80.485281,80.485300,4.920,ok,736.0,2.9809782608695654
industrial-plants,plant01,diag,18,gbfs,150,82.777810,80.485300,0.577,subopt,736.0,0.20380434782608695
industrial-plants,plant01,diag,19,astar,801,69.137278,69.137300,1.911,ok,753.0,1.0637450199203187
industrial-plants,plant01,diag,19,rastar,12781,69.137278,69.137300,31.340,ok,753.0,16.9734395750332
industrial-plants,plant01,diag,19,mm,9932,69.137278,69.137300,60.974,ok,753.0,13.189907038512617
industrial-plants,plant01,diag,19,bia,1557,69.137278,69.137300,5.162,ok,753.0,2.0677290836653386
industrial-plants,plant01,diag,19,bae,7991,69.137278,69.137300,29.584,ok,753.0,10.612217795484728
industrial-plants,plant01,diag,19,nbs,3336,69.137278,69.137300,9.956,ok,753.0,4.430278884462151
industrial-plants,plant01,diag,19,gbfs,130,74.463373,69.137300,0.802,subopt,753.0,0.17264276228419656
industrial-plants,plant01,diag,20,astar,1599,95.960847,95.960800,4.694,ok,1542.0,1.0369649805447472
industrial-plants,plant01,diag,20,rastar,31651,95.960847,95.960800,100.864,ok,1542.0,20.525940337224384
industrial-plants,plant01,diag,20,mm,20603,95.960847,95.960800,3510.340,ok,1542.0,13.361219195849547
industrial-plants,plant01,diag,20,bia,3153,95.960847,95.960800,8.043,ok,1542.0,2.044747081712062
industrial-plants,plant01,diag,20,bae,17194,95.960847,95.960800,54.404,ok,1542.0,11.150453955901426
industrial-plants,plant01,diag,20,nbs,3372,95.960847,95.960800,7.959,ok,1542.0,2.186770428015564
industrial-plants,plant01,diag,20,gbfs,160,98.547363,95.960800,0.800,subopt,1542.0,0.10376134889753567
industrial-plants,plant01,diag,21,astar,1600,134.792674,134.793000,4.179,ok,216.0,7.407407407407407
industrial-plants,plant01,diag,21,rastar,41760,134.792674,134.793000,102.224,ok,216.0,193.33333333333334
industrial-plants,plant01,diag,21,mm,25373,134.792674,134.793000,4456.115,ok,216.0,117.4675925925926
industrial-plants,plant01,diag,21,bia,3195,134.792674,134.793000,8.240,ok,216.0,14.791666666666666
industrial-plants,plant01,diag,21,bae,3725,134.792674,134.793000,9.186,ok,216.0,17.24537037037037
industrial-plants,plant01,diag,21,nbs,21306,134.792674,134.793000,49.507,ok,216.0,98.63888888888889
industrial-plants,plant01,diag,21,gbfs,394,147.808996,134.793000,1.516,subopt,216.0,1.8240740740740742
industrial-plants,plant01,diag,22,astar,1600,83.035315,83.035300,3.560,ok,1552.0,1.0309278350515463
industrial-plants,plant01,diag,22,rastar,12895,83.035315,83.035300,34.077,ok,1552.0,8.308634020618557
industrial-plants,plant01,diag,22,mm,11300,83.035315,83.035300,57.958,ok,1552.0,7.280927835051546
industrial-plants,plant01,diag,22,bia,3189,83.035315,83.035300,8.435,ok,1552.0,2.0547680412371134
industrial-plants,plant01,diag,22,bae,9837,83.035315,83.035300,29.223,ok,1552.0,6.338273195876289
industrial-plants,plant01,diag,22,nbs,4980,83.035315,83.035300,11.590,ok,1552.0,3.2087628865979383
industrial-plants,plant01,diag,22,gbfs,128,86.843291,83.035300,0.802,subopt,1552.0,0.08247422680412371
industrial-plants,plant01,diag,23,astar,1600,121.308122,121.308000,3.359,ok,1471.0,1.087695445275323
industrial-plants,plant01,diag,23,rastar,57477,121.308122,121.308000,153.381,ok,1471.0,39.07341944255609
industrial-plants,plant01,diag,23,mm,45221,121.308122,121.308000,438.011,ok,1471.0,30.74167233174711
industrial-plants,plant01,diag,23,bia,3195,121.308122,121.308000,8.253,ok,1471.0,2.1719918422841604
industrial-plants,plant01,diag,23,bae,24484,121.308122,121.308000,78.313,ok,1471.0,16.644459551325628
industrial-plants,plant01,diag,23,nbs,12846,121.308122,121.308000,31.413,ok,1471.0,8.73283480625425
industrial-plants,plant01,diag,23,gbfs,920,148.869329,121.308000,2.741,subopt,1471.0,0.6254248810333106
industrial-plants,plant01,diag,24,astar,1600,91.438600,91.438600,3.679,ok,1598.0,1.0012515644555695
industrial-plants,plant01,diag,24,rastar,19740,91.438600,91.438600,52.778,ok,1598.0,12.352941176470589
industrial-plants,plant01,diag,24,mm,13681,91.438600,91.438600,2798.056,ok,1598.0,8.561326658322903
industrial-plants,plant01,diag,24,bia,2781,91.438600,91.438600,6.818,ok,1598.0,1.7403003754693367
industrial-plants,plant01,diag,24,bae,8433,91.438600,91.438600,24.816,ok,1598.0,5.277221526908636
industrial-plants,plant01,diag,24,nbs,3100,91.438600,91.438600,7.061,ok,1598.0,1.9399249061326658
industrial-plants,plant01,diag,24,gbfs,142,104.576800,91.438600,0.730,subopt,1598.0,0.08886107634543179
industrial-plants,plant01,diag,25,astar,1600,117.148690,117.149000,3.776,ok,1532.0,1.0443864229765014
industrial-plants,plant01,diag,25,rastar,49097,117.148690,117.149000,146.098,ok,1532.0,32.047650130548305
industrial-plants,plant01,diag,25,mm,31810,117.148690,117.149000,255.399,ok,1532.0,20.763707571801568
industrial-plants,plant01,diag,25,bia,3195,117.148690,117.149000,9.185,ok,1532.0,2.085509138381201
industrial-plants,plant01,diag,25,bae,43358,117.148690,117.149000,205.876,ok,1532.0,28.301566579634464
industrial-plants,plant01,diag,25,nbs,27678,117.148690,117.149000,71.101,ok,1532.0,18.066579634464752
industrial-plants,plant01,diag,25,gbfs,158,118.805544,117.149000,1.037,subopt,1532.0,0.1031331592689295
industrial-plants,plant01,diag,26,astar,1600,102.245795,102.246000,4.312,ok,334.0,4.790419161676646
industrial-plants,plant01,diag,26,rastar,6692,102.245795,102.246000,16.495,ok,334.0,20.035928143712574
industrial-plants,plant01,diag,26,mm,3419,102.245795,102.246000,151.611,ok,334.0,10.236526946107784
industrial-plants,plant01,diag,26,bia,3155,102.245795,102.246000,9.868,ok,334.0,9.446107784431138
industrial-plants,plant01,diag,26,bae,1453,102.245795,102.246000,5.268,ok,334.0,4.350299401197605
industrial-plants,plant01,diag,26,nbs,7652,102.245795,102.246000,18.318,ok,334.0,22.910179640718564
industrial-plants,plant01,diag,26,gbfs,138,104.923829,102.246000,1.105,subopt,334.0,0.41317365269461076
industrial-plants,plant01,diag,27,astar,1601,72.120227,72.120200,3.618,ok,1548.0,1.0342377260981912
industrial-plants,plant01,diag,27,rastar,27448,72.120227,72.120200,68.795,ok,1548.0,17.7312661498708
industrial-plants,plant01,diag,27,mm,25564,72.120227,72.120200,217.988,ok,1548.0,16.51421188630491
industrial-plants,plant01,diag,27,bia,3157,72.120227,72.120200,8.059,ok,1548.0,2.039405684754522
industrial-plants,plant01,diag,27,bae,14896,72.120227,72.120200,49.169,ok,1548.0,9.622739018087856
industrial-plants,plant01,diag,27,nbs,5368,72.120227,72.120200,12.472,ok,1548.0,3.4677002583979326
industrial-plants,plant01,diag,27,gbfs,352,78.555620,72.120200,1.228,subopt,1548.0,0.22739018087855298
industrial-plants,plant01,diag,28,astar,1601,89.970563,89.970600,3.562,ok,1532.0,1.0450391644908616
industrial-plants,plant01,diag,28,rastar,27741,89.970563,89.970600,73.393,ok,1532.0,18.107702349869452
industrial-plants,plant01,diag,28,mm,20390,89.970563,89.970600,152.233,ok,1532.0,13.309399477806789
industrial-plants,plant01,diag,28,bia,3091,89.970563,89.970600,7.994,ok,1532.0,2.0176240208877285
industrial-plants,plant01,diag,28,bae,13086,89.970563,89.970600,42.232,ok,1532.0,8.54177545691906
industrial-plants,plant01,diag,28,nbs,4534,89.970563,89.970600,10.726,ok,1532.0,2.9595300261096606
industrial-plants,plant01,diag,28,gbfs,164,92.263091,89.970600,0.695,subopt,1532.0,0.10704960835509138
industrial-plants,plant01,diag,29,astar,1601,183.773436,183.773000,3.805,ok,1469.0,1.089857045609258
industrial-plants,plant01,diag,29,rastar,253097,183.773436,183.773000,915.945,ok,1469.0,172.2920353982301
industrial-plants,plant01,diag,29,mm,150764,183.773436,183.773000,1584.173,ok,1469.0,102.63036078965283
industrial-plants,plant01,diag,29,bia,3197,183.773436,183.773000,9.574,ok,1469.0,2.1763104152484685
industrial-plants,plant01,diag,29,bae,96509,183.773436,183.773000,448.472,ok,1469.0,65.69707283866576
industrial-plants,plant01,diag,29,nbs,79938,183.773436,183.773000,229.138,ok,1469.0,54.416609938733835
industrial-plants,plant01,diag,29,gbfs,292,188.436413,183.773000,1.622,subopt,1469.0,0.19877467665078286
industrial-plants,plant01,diag,30,astar,2398,49.262363,49.262400,5.080,ok,2395.0,1.0012526096033403
industrial-plants,plant01,diag,30,rastar,3411,49.262363,49.262400,7.329,ok,2395.0,1.4242171189979123
industrial-plants,plant01,diag,30,mm,3658,49.262363,49.262400,317.733,ok,2395.0,1.527348643006263
industrial-plants,plant01,diag,30,bia,3565,49.262363,49.262400,8.817,ok,2395.0,1.488517745302714
industrial-plants,plant01,diag,30,bae,4071,49.262363,49.262400,11.175,ok,2395.0,1.6997912317327766
industrial-plants,plant01,diag,30,nbs,3690,49.262363,49.262400,7.816,ok,2395.0,1.5407098121085594
industrial-plants,plant01,diag,30,gbfs,68,51.554891,49.262400,0.451,subopt,2395.0,0.028392484342379957
industrial-plants,plant01,diag,31,astar,2398,56.747644,56.747600,5.152,ok,2386.0,1.0050293378038557
industrial-plants,plant01,diag,31,rastar,4242,56.747644,56.747600,9.668,ok,2386.0,1.7778709136630344
industrial-plants,plant01,diag,31,mm,5118,56.747644,56.747600,491.019,ok,2386.0,2.1450125733445096
industrial-plants,plant01,diag,31,bia,4073,56.747644,56.747600,10.582,ok,2386.0,1.7070410729253982
industrial-plants,plant01,diag,31,bae,4527,56.747644,56.747600,13.077,ok,2386.0,1.8973176865046102
industrial-plants,plant01,diag,31,nbs,4728,56.747644,56.747600,10.504,ok,2386.0,1.9815590947191952
industrial-plants,plant01,diag,31,gbfs,78,58.404498,56.747600,0.478,subopt,2386.0,0.03269069572506287
industrial-plants,plant01,diag,32,astar,2398,89.919217,89.919200,5.477,ok,2319.0,1.0340664079344546
industrial-plants,plant01,diag,32,rastar,26918,89.919217,89.919200,68.249,ok,2319.0,11.607589478223373
industrial-plants,plant01,diag,32,mm,18134,89.919217,89.919200,8144.515,ok,2319.0,7.819749892194912
industrial-plants,plant01,diag,32,bia,4725,89.919217,89.919200,12.604,ok,2319.0,2.03751617076326
industrial-plants,plant01,diag,32,bae,14690,89.919217,89.919200,46.075,ok,2319.0,6.334626994394135
industrial-plants,plant01,diag,32,nbs,5220,89.919217,89.919200,12.523,ok,2319.0,2.2509702457956013
industrial-plants,plant01,diag,32,gbfs,164,92.263091,89.919200,0.741,subopt,2319.0,0.07072013799051315
industrial-plants,plant01,diag,33,astar,2398,83.640287,83.640300,5.199,ok,2345.0,1.0226012793176973
industrial-plants,plant01,diag,33,rastar,18949,83.640287,83.640300,48.126,ok,2345.0,8.080597014925374
industrial-plants,plant01,diag,33,mm,17447,83.640287,83.640300,119.035,ok,2345.0,7.440085287846482
industrial-plants,plant01,diag,33,bia,4723,83.640287,83.640300,12.357,ok,2345.0,2.0140724946695094
industrial-plants,plant01,diag,33,bae,17290,83.640287,83.640300,55.149,ok,2345.0,7.373134328358209
industrial-plants,plant01,diag,33,nbs,8788,83.640287,83.640300,21.753,ok,2345.0,3.747547974413646
industrial-plants,plant01,diag,33,gbfs,122,87.146748,83.640300,0.885,subopt,2345.0,0.05202558635394456
industrial-plants,plant01,diag,34,astar,2398,91.525454,91.525500,5.366,ok,2338.0,1.0256629597946962
industrial-plants,plant01,diag,34,rastar,50173,91.525454,91.525500,145.799,ok,2338.0,21.45979469632164
industrial-plants,plant01,diag,34,mm,41091,91.525454,91.525500,363.792,ok,2338.0,17.575278015397775
industrial-plants,plant01,diag,34,bia,4791,91.525454,91.525500,12.475,ok,2338.0,2.0491873396065015
industrial-plants,plant01,diag,34,bae,28043,91.525454,91.525500,100.573,ok,2338.0,11.994439692044482
industrial-plants,plant01,diag,34,nbs,11036,91.525454,91.525500,27.390,ok,2338.0,4.72027373823781
industrial-plants,plant01,diag,34,gbfs,460,118.213203,91.525500,1.592,subopt,2338.0,0.19674935842600513
industrial-plants,plant01,diag,35,astar,2399,51.284271,51.284300,5.128,ok,2374.0,1.010530749789385
industrial-plants,plant01,diag,35,rastar,3521,51.284271,51.284300,8.010,ok,2374.0,1.483150800336984
industrial-plants,plant01,diag,35,mm,5720,51.284271,51.284300,243.975,ok,2374.0,2.409435551811289
industrial-plants,plant01,diag,35,bia,4753,51.284271,51.284300,12.233,ok,2374.0,2.002106149957877
industrial-plants,plant01,diag,35,bae,5768,51.284271,51.284300,16.025,ok,2374.0,2.429654591406908
industrial-plants,plant01,diag,35,nbs,5052,51.284271,51.284300,11.549,ok,2374.0,2.1280539174389217
industrial-plants,plant01,diag,35,gbfs,80,53.576800,51.284300,0.631,subopt,2374.0,0.03369839932603201
industrial-plants,plant01,diag,36,astar,2399,84.854949,84.854900,5.356,ok,2165.0,1.1080831408775982
industrial-plants,plant01,diag,36,rastar,27437,84.854949,84.854900,70.122,ok,2165.0,12.6729792147806
industrial-plants,plant01,diag,36,mm,23406,84.854949,84.854900,151.001,ok,2165.0,10.81108545034642
industrial-plants,plant01,diag,36,bia,4783,84.854949,84.854900,12.881,ok,2165.0,2.2092378752886837
industrial-plants,plant01,diag,36,bae,23718,84.854949,84.854900,79.762,ok,2165.0,10.955196304849885
industrial-plants,plant01,diag,36,nbs,10252,84.854949,84.854900,24.521,ok,2165.0,4.735334872979215
industrial-plants,plant01,diag,36,gbfs,132,86.704555,84.854900,0.777,subopt,2165.0,0.06096997690531178
industrial-plants,plant01,diag,37,astar,2399,112.833576,112.834000,5.675,ok,2339.0,1.0256519880290722
industrial-plants,plant01,diag,37,rastar,79165,112.833576,112.834000,230.725,ok,2339.0,33.845660538691746
industrial-plants,plant01,diag,37,mm,55536,112.833576,112.834000,493.085,ok,2339.0,23.74348011970928
industrial-plants,plant01,diag,37,bia,4793,112.833576,112.834000,12.911,ok,2339.0,2.049166310389055
industrial-plants,plant01,diag,37,bae,68593,112.833576,112.834000,317.341,ok,2339.0,29.325780247969217
industrial-plants,plant01,diag,37,nbs,8428,112.833576,112.834000,22.555,ok,2339.0,3.6032492518170156
industrial-plants,plant01,diag,37,gbfs,168,116.649081,112.834000,1.140,subopt,2339.0,0.07182556648140231
industrial-plants,plant01,diag,38,astar,2399,105.059166,105.059000,4.789,ok,2339.0,1.0256519880290722
industrial-plants,plant01,diag,38,rastar,45537,105.059166,105.059000,130.422,ok,2339.0,19.468576314664386
industrial-plants,plant01,diag,38,mm,39932,105.059166,105.059000,355.241,ok,2339.0,17.07225309961522
industrial-plants,plant01,diag,38,bia,4791,105.059166,105.059000,12.681,ok,2339.0,2.0483112441214195
industrial-plants,plant01,diag,38,bae,22763,105.059166,105.059000,80.704,ok,2339.0,9.731936725096196
industrial-plants,plant01,diag,38,nbs,7732,105.059166,105.059000,18.475,ok,2339.0,3.305686190679778
industrial-plants,plant01,diag,38,gbfs,196,115.940397,105.059000,1.077,subopt,2339.0,0.0837964942283027
industrial-plants,plant01,diag,39,astar,2399,120.430291,120.430000,5.604,ok,2327.0,1.0309411259131929
industrial-plants,plant01,diag,39,rastar,12730,120.430291,120.430000,31.991,ok,2327.0,5.470562956596476
industrial-plants,plant01,diag,39,mm,13977,120.430291,120.430000,122.026,ok,2327.0,6.006446067898582
industrial-plants,plant01,diag,39,bia,4793,120.430291,120.430000,12.950,ok,2327.0,2.0597335625268585
industrial-plants,plant01,diag,39,bae,13975,120.430291,120.430000,43.905,ok,2327.0,6.005586592178771
industrial-plants,plant01,diag,39,nbs,8978,120.430291,120.430000,21.677,ok,2327.0,3.858186506231199
industrial-plants,plant01,diag,39,gbfs,212,134.824782,120.430000,1.180,subopt,2327.0,0.09110442629995702
industrial-plants,plant01,diag,40,astar,3198,73.656854,73.656900,7.248,ok,3146.0,1.0165289256198347
industrial-plants,plant01,diag,40,rastar,15549,73.656854,73.656900,39.324,ok,3146.0,4.9424666242848065
industrial-plants,plant01,diag,40,mm,14520,73.656854,73.656900,106.824,ok,3146.0,4.615384615384615
industrial-plants,plant01,diag,40,bia,6311,73.656854,73.656900,16.236,ok,3146.0,2.0060394151303242
industrial-plants,plant01,diag,40,bae,11299,73.656854,73.656900,33.660,ok,3146.0,3.591544818817546
industrial-plants,plant01,diag,40,nbs,6624,73.656854,73.656900,16.211,ok,3146.0,2.1055308328035602
industrial-plants,plant01,diag,40,gbfs,138,75.949383,73.656900,0.541,subopt,3146.0,0.043865225683407505
industrial-plants,plant01,diag,41,astar,3198,79.679976,79.680000,7.364,ok,3165.0,1.0104265402843602
industrial-plants,plant01,diag,41,rastar,9823,79.679976,79.680000,23.328,ok,3165.0,3.1036334913112165
industrial-plants,plant01,diag,41,mm,12766,79.679976,79.680000,106.881,ok,3165.0,4.03349131121643
industrial-plants,plant01,diag,41,bia,6391,79.679976,79.680000,17.649,ok,3165.0,2.0192733017377567
industrial-plants,plant01,diag,41,bae,13280,79.679976,79.680000,38.990,ok,3165.0,4.195892575039495
industrial-plants,plant01,diag,41,nbs,7636,79.679976,79.680000,18.948,ok,3165.0,2.412638230647709
industrial-plants,plant01,diag,41,gbfs,124,82.608179,79.680000,0.728,subopt,3165.0,0.039178515007898894
industrial-plants,plant01,diag,42,astar,3198,147.646946,147.647000,6.975,ok,1806.0,1.7707641196013288
industrial-plants,plant01,diag,42,rastar,36960,147.646946,147.647000,107.412,ok,1806.0,20.46511627906977
industrial-plants,plant01,diag,42,mm,25625,147.646946,147.647000,1647.577,ok,1806.0,14.188815060908084
industrial-plants,plant01,diag,42,bia,6391,147.646946,147.647000,16.924,ok,1806.0,3.5387596899224807
industrial-plants,plant01,diag,42,bae,23195,147.646946,147.647000,74.203,ok,1806.0,12.843300110741971
industrial-plants,plant01,diag,42,nbs,9154,147.646946,147.647000,20.503,ok,1806.0,5.068660022148395
industrial-plants,plant01,diag,42,gbfs,224,150.197901,147.647000,1.362,subopt,1806.0,0.12403100775193798
industrial-plants,plant01,diag,43,astar,3199,87.906778,87.906800,6.996,ok,3148.0,1.0162007623888183
industrial-plants,plant01,diag,43,rastar,18194,87.906778,87.906800,45.417,ok,3148.0,5.779542566709021
industrial-plants,plant01,diag,43,mm,20582,87.906778,87.906800,156.706,ok,3148.0,6.538119440914866
industrial-plants,plant01,diag,43,bia,6361,87.906778,87.906800,16.597,ok,3148.0,2.0206480304955527
industrial-plants,plant01,diag,43,bae,16367,87.906778,87.906800,50.854,ok,3148.0,5.199174078780178
industrial-plants,plant01,diag,43,nbs,6894,87.906778,87.906800,17.333,ok,3148.0,2.189961880559085
industrial-plants,plant01,diag,43,gbfs,156,98.483094,87.906800,0.872,subopt,3148.0,0.04955527318932656
industrial-plants,plant01,diag,44,astar,3199,114.218545,114.219000,6.866,ok,3129.0,1.0223713646532437
industrial-plants,plant01,diag,44,rastar,86733,114.218545,114.219000,256.462,ok,3129.0,27.71907957813998
industrial-plants,plant01,diag,44,mm,68285,114.218545,114.219000,646.233,ok,3129.0,21.823266219239375
industrial-plants,plant01,diag,44,bia,6393,114.218545,114.219000,17.091,ok,3129.0,2.043144774688399
industrial-plants,plant01,diag,44,bae,35483,114.218545,114.219000,132.827,ok,3129.0,11.340044742729306
industrial-plants,plant01,diag,44,nbs,14922,114.218545,114.219000,37.298,ok,3129.0,4.768935762224353
industrial-plants,plant01,diag,44,gbfs,182,118.881522,114.219000,0.933,subopt,3129.0,0.058165548098434
industrial-plants,plant01,diag,45,astar,3200,136.980033,136.980000,7.104,ok,2899.0,1.1038289065194895
industrial-plants,plant01,diag,45,rastar,149720,136.980033,136.980000,511.901,ok,2899.0,51.64539496378061
industrial-plants,plant01,diag,45,mm,100990,136.980033,136.980000,1081.901,ok,2899.0,34.83615039668852
industrial-plants,plant01,diag,45,bia,6395,136.980033,136.980000,17.864,ok,2899.0,2.2059330803725423
industrial-plants,plant01,diag,45,bae,58131,136.980033,136.980000,235.938,ok,2899.0,20.05208692652639
industrial-plants,plant01,diag,45,nbs,16586,136.980033,136.980000,43.147,ok,2899.0,5.721283201103829
industrial-plants,plant01,diag,45,gbfs,244,142.567814,136.980000,1.494,subopt,2899.0,0.08416695412211107
industrial-plants,plant01,diag,46,astar,3200,51.213203,51.213200,6.750,ok,3177.0,1.0072395341517155
industrial-plants,plant01,diag,46,rastar,3389,51.213203,51.213200,7.458,ok,3177.0,1.066729619137551
industrial-plants,plant01,diag,46,mm,6487,51.213203,51.213200,270.919,ok,3177.0,2.041863393138181
industrial-plants,plant01,diag,46,bia,6353,51.213203,51.213200,16.116,ok,3177.0,1.9996852376455776
industrial-plants,plant01,diag,46,bae,6353,51.213203,51.213200,17.798,ok,3177.0,1.9996852376455776
industrial-plants,plant01,diag,46,nbs,6354,51.213203,51.213200,15.054,ok,3177.0,2.0
industrial-plants,plant01,diag,46,gbfs,84,53.505732,51.213200,0.429,subopt,3177.0,0.02644003777148253
industrial-plants,plant01,diag,47,astar,3201,142.951132,142.951000,7.117,ok,3083.0,1.0382744080441129
industrial-plants,plant01,diag,47,rastar,13934,142.951132,142.951000,40.744,ok,3083.0,4.519623743107363
industrial-plants,plant01,diag,47,mm,15165,142.951132,142.951000,109.343,ok,3083.0,4.918910152448913
industrial-plants,plant01,diag,47,bia,6207,142.951132,142.951000,17.546,ok,3083.0,2.0132987349983784
industrial-plants,plant01,diag,47,bae,16957,142.951132,142.951000,57.257,ok,3083.0,5.500162179695102
industrial-plants,plant01,diag,47,nbs,15296,142.951132,142.951000,37.143,ok,3083.0,4.961401232565683
industrial-plants,plant01,diag,47,gbfs,240,151.387983,142.951000,1.335,subopt,3083.0,0.07784625364904314
industrial-plants,plant01,diag,48,astar,3200,86.254834,86.254800,7.219,ok,3198.0,1.0006253908692933
industrial-plants,plant01,diag,48,rastar,8012,86.254834,86.254800,17.429,ok,3198.0,2.5053158223889933
industrial-plants,plant01,diag,48,mm,6802,86.254834,86.254800,802.262,ok,3198.0,2.1269543464665417
industrial-plants,plant01,diag,48,bia,3503,86.254834,86.254800,8.623,ok,3198.0,1.0953721075672296
industrial-plants,plant01,diag,48,bae,6529,86.254834,86.254800,18.886,ok,3198.0,2.041588492808005
industrial-plants,plant01,diag,48,nbs,5612,86.254834,86.254800,11.287,ok,3198.0,1.754846779237023
industrial-plants,plant01,diag,48,gbfs,192,99.970563,86.254800,0.744,subopt,3198.0,0.0600375234521576
industrial-plants,plant01,diag,49,astar,3200,75.627417,75.627400,6.299,ok,3155.0,1.0142630744849446
industrial-plants,plant01,diag,49,rastar,17306,75.627417,75.627400,43.199,ok,3155.0,5.485261489698891
industrial-plants,plant01,diag,49,mm,18271,75.627417,75.627400,104.641,ok,3155.0,5.791125198098257
industrial-plants,plant01,diag,49,bia,6345,75.627417,75.627400,16.340,ok,3155.0,2.011093502377179
industrial-plants,plant01,diag,49,bae,14397,75.627417,75.627400,42.449,ok,3155.0,4.563232963549921
industrial-plants,plant01,diag,49,nbs,7240,75.627417,75.627400,17.395,ok,3155.0,2.294770206022187
industrial-plants,plant01,diag,49,gbfs,132,77.919946,75.627400,0.634,subopt,3155.0,0.041838351822503964
industrial-plants,plant01,diag,50,astar,3995,113.919217,113.919000,9.009,ok,3848.0,1.0382016632016633
industrial-plants,plant01,diag,50,rastar,40024,113.919217,113.919000,103.600,ok,3848.0,10.401247401247401
industrial-plants,plant01,diag,50,mm,23581,113.919217,113.919000,5288.423,ok,3848.0,6.128118503118503
industrial-plants,plant01,diag,50,bia,7859,113.919217,113.919000,21.128,ok,3848.0,2.0423596673596673
industrial-plants,plant01,diag,50,bae,16505,113.919217,113.919000,52.155,ok,3848.0,4.289241164241164
industrial-plants,plant01,diag,50,nbs,8180,113.919217,113.919000,18.517,ok,3848.0,2.125779625779626
industrial-plants,plant01,diag,50,gbfs,178,117.292529,113.919000,0.734,subopt,3848.0,0.04625779625779626
industrial-plants,plant01,diag,51,astar,3995,48.242641,48.242600,9.237,ok,3986.0,1.0022579026593075
industrial-plants,plant01,diag,51,rastar,4553,48.242641,48.242600,10.516,ok,3986.0,1.1422478675363774
industrial-plants,plant01,diag,51,mm,7145,48.242641,48.242600,269.109,ok,3986.0,1.7925238334169593
industrial-plants,plant01,diag,51,bia,6697,48.242641,48.242600,17.712,ok,3986.0,1.6801304565980932
industrial-plants,plant01,diag,51,bae,6249,48.242641,48.242600,18.142,ok,3986.0,1.5677370797792274
industrial-plants,plant01,diag,51,nbs,7476,48.242641,48.242600,17.424,ok,3986.0,1.8755644756648269
industrial-plants,plant01,diag,51,gbfs,544,49.899495,48.242600,1.598,subopt,3986.0,0.1364776718514802
industrial-plants,plant01,diag,52,astar,3996,87.069610,87.069600,8.883,ok,3932.0,1.0162767039674465
industrial-plants,plant01,diag,52,rastar,22523,87.069610,87.069600,56.317,ok,3932.0,5.728128179043743
industrial-plants,plant01,diag,52,mm,24424,87.069610,87.069600,206.822,ok,3932.0,6.211597151576806
industrial-plants,plant01,diag,52,bia,7927,87.069610,87.069600,21.629,ok,3932.0,2.0160223804679553
industrial-plants,plant01,diag,52,bae,19357,87.069610,87.069600,62.146,ok,3932.0,4.92293997965412
industrial-plants,plant01,diag,52,nbs,10746,87.069610,87.069600,26.757,ok,3932.0,2.7329603255340795
industrial-plants,plant01,diag,52,gbfs,1568,95.112698,87.069600,4.298,subopt,3932.0,0.3987792472024415
industrial-plants,plant01,diag,53,astar,3996,70.740115,70.740100,8.013,ok,3971.0,1.006295643414757
industrial-plants,plant01,diag,53,rastar,7324,70.740115,70.740100,18.210,ok,3971.0,1.8443716947872073
industrial-plants,plant01,diag,53,mm,10946,70.740115,70.740100,59.171,ok,3971.0,2.7564845127171997
industrial-plants,plant01,diag,53,bia,7961,70.740115,70.740100,21.309,ok,3971.0,2.0047846889952154
industrial-plants,plant01,diag,53,bae,9761,70.740115,70.740100,28.833,ok,3971.0,2.4580710148577185
industrial-plants,plant01,diag,53,nbs,8196,70.740115,70.740100,19.878,ok,3971.0,2.063963737093931
industrial-plants,plant01,diag,53,gbfs,104,73.032644,70.740100,0.826,subopt,3971.0,0.02618987660538907
industrial-plants,plant01,diag,54,astar,3997,59.242641,59.242600,9.185,ok,3993.0,1.0010017530678688
industrial-plants,plant01,diag,54,rastar,8903,59.242641,59.242600,19.865,ok,3993.0,2.2296518908089156
industrial-plants,plant01,diag,54,mm,6740,59.242641,59.242600,982.354,ok,3993.0,1.687953919358878
industrial-plants,plant01,diag,54,bia,5333,59.242641,59.242600,14.274,ok,3993.0,1.335587277736038
industrial-plants,plant01,diag,54,bae,2191,59.242641,59.242600,6.358,ok,3993.0,0.5487102429251189
industrial-plants,plant01,diag,54,nbs,6864,59.242641,59.242600,15.558,ok,3993.0,1.71900826446281
industrial-plants,plant01,diag,54,gbfs,190,63.727922,59.242600,0.827,subopt,3993.0,0.04758327072376659
industrial-plants,plant01,diag,55,astar,3997,76.539105,76.539100,7.776,ok,3988.0,1.0022567703109329
industrial-plants,plant01,diag,55,rastar,6613,76.539105,76.539100,14.692,ok,3988.0,1.6582246740220663
industrial-plants,plant01,diag,55,mm,9507,76.539105,76.539100,1028.972,ok,3988.0,2.383901705115346
industrial-plants,plant01,diag,55,bia,7973,76.539105,76.539100,19.170,ok,3988.0,1.9992477432296891
industrial-plants,plant01,diag,55,bae,8835,76.539105,76.539100,23.348,ok,3988.0,2.215396188565697
industrial-plants,plant01,diag,55,nbs,7866,76.539105,76.539100,17.001,ok,3988.0,1.9724172517552658
industrial-plants,plant01,diag,55,gbfs,246,94.606237,76.539100,0.834,subopt,3988.0,0.06168505516549649
industrial-plants,plant01,diag,56,astar,3997,142.668074,142.668000,8.295,ok,3704.0,1.0791036717062634
industrial-plants,plant01,diag,56,rastar,55178,142.668074,142.668000,168.459,ok,3704.0,14.896868250539956
industrial-plants,plant01,diag,56,mm,45086,142.668074,142.668000,491.679,ok,3704.0,12.172246220302377
industrial-plants,plant01,diag,56,bia,7969,142.668074,142.668000,21.322,ok,3704.0,2.1514578833693303
industrial-plants,plant01,diag,56,bae,25729,142.668074,142.668000,85.388,ok,3704.0,6.946274298056156
industrial-plants,plant01,diag,56,nbs,9544,142.668074,142.668000,23.039,ok,3704.0,2.576673866090713
industrial-plants,plant01,diag,56,gbfs,196,145.279845,142.668000,1.329,subopt,3704.0,0.052915766738660906
industrial-plants,plant01,diag,57,astar,3998,73.087390,73.087400,9.512,ok,3985.0,1.0032622333751569
industrial-plants,plant01,diag,57,rastar,4994,73.087390,73.087400,11.508,ok,3985.0,1.2531994981179422
industrial-plants,plant01,diag,57,mm,5165,73.087390,73.087400,936.194,ok,3985.0,1.2961104140526976
industrial-plants,plant01,diag,57,bia,7645,73.087390,73.087400,18.934,ok,3985.0,1.9184441656210791
industrial-plants,plant01,diag,57,bae,7860,73.087390,73.087400,21.678,ok,3985.0,1.972396486825596
industrial-plants,plant01,diag,57,nbs,5120,73.087390,73.087400,11.699,ok,3985.0,1.2848180677540777
industrial-plants,plant01,diag,57,gbfs,82,75.572671,73.087400,0.698,subopt,3985.0,0.020577164366373902
industrial-plants,plant01,diag,58,astar,3998,90.938939,90.938900,8.674,ok,3640.0,1.0983516483516484
industrial-plants,plant01,diag,58,rastar,5222,90.938939,90.938900,12.066,ok,3640.0,1.4346153846153846
industrial-plants,plant01,diag,58,mm,6595,90.938939,90.938900,52.310,ok,3640.0,1.8118131868131868
industrial-plants,plant01,diag,58,bia,6579,90.938939,90.938900,16.121,ok,3640.0,1.8074175824175824
industrial-plants,plant01,diag,58,bae,5799,90.938939,90.938900,15.478,ok,3640.0,1.593131868131868
industrial-plants,plant01,diag,58,nbs,7132,90.938939,90.938900,15.396,ok,3640.0,1.9593406593406593
industrial-plants,plant01,diag,58,gbfs,176,105.083261,90.938900,0.947,subopt,3640.0,0.04835164835164835
industrial-plants,plant01,diag,59,astar,3998,93.186437,93.186400,8.261,ok,3979.0,1.0047750691128423
industrial-plants,plant01,diag,59,rastar,5384,93.186437,93.186400,10.441,ok,3979.0,1.3531037949233475
industrial-plants,plant01,diag,59,mm,6952,93.186437,93.186400,202.520,ok,3979.0,1.7471726564463432
industrial-plants,plant01,diag,59,bia,7977,93.186437,93.186400,19.312,ok,3979.0,2.0047750691128425
industrial-plants,plant01,diag,59,bae,10140,93.186437,93.186400,25.615,ok,3979.0,2.5483789896959035
industrial-plants,plant01,diag,59,nbs,7200,93.186437,93.186400,15.418,ok,3979.0,1.8094998743402866
industrial-plants,plant01,diag,59,gbfs,144,96.114640,93.186400,0.903,subopt,3979.0,0.03618999748680573
industrial-plants,plant01,diag,60,astar,4794,101.964195,101.964000,11.484,ok,4749.0,1.0094756790903348
industrial-plants,plant01,diag,60,rastar,27526,101.964195,101.964000,71.560,ok,4749.0,5.796167614234576
industrial-plants,plant01,diag,60,mm,24942,101.964195,101.964000,204.725,ok,4749.0,5.252053063802906
industrial-plants,plant01,diag,60,bia,9575,101.964195,101.964000,26.368,ok,4749.0,2.016213939776795
industrial-plants,plant01,diag,60,bae,15699,101.964195,101.964000,50.435,ok,4749.0,3.3057485786481364
industrial-plants,plant01,diag,60,nbs,10430,101.964195,101.964000,26.812,ok,4749.0,2.1962518424931563
industrial-plants,plant01,diag,60,gbfs,140,104.199307,101.964000,1.052,subopt,4749.0,0.029479890503263845
industrial-plants,plant01,diag,61,astar,4794,113.358546,113.359000,12.919,ok,4788.0,1.0012531328320802
industrial-plants,plant01,diag,61,rastar,14603,113.358546,113.359000,38.652,ok,4788.0,3.049916457811195
industrial-plants,plant01,diag,61,mm,11431,113.358546,113.359000,4034.667,ok,4788.0,2.3874269005847952
industrial-plants,plant01,diag,61,bia,9281,113.358546,113.359000,28.358,ok,4788.0,1.9383876357560568
industrial-plants,plant01,diag,61,bae,10106,113.358546,113.359000,32.226,ok,4788.0,2.1106934001670843
industrial-plants,plant01,diag,61,nbs,9126,113.358546,113.359000,22.086,ok,4788.0,1.906015037593985
industrial-plants,plant01,diag,61,gbfs,220,126.639610,113.359000,1.300,subopt,4788.0,0.04594820384294068
industrial-plants,plant01,diag,62,astar,4794,76.673176,76.673200,10.719,ok,4760.0,1.0071428571428571
industrial-plants,plant01,diag,62,rastar,7747,76.673176,76.673200,18.564,ok,4760.0,1.6275210084033613
industrial-plants,plant01,diag,62,mm,12444,76.673176,76.673200,84.031,ok,4760.0,2.6142857142857143
industrial-plants,plant01,diag,62,bia,9567,76.673176,76.673200,26.610,ok,4760.0,2.009873949579832
industrial-plants,plant01,diag,62,bae,12285,76.673176,76.673200,36.273,ok,4760.0,2.5808823529411766
industrial-plants,plant01,diag,62,nbs,9948,76.673176,76.673200,25.293,ok,4760.0,2.0899159663865547
industrial-plants,plant01,diag,62,gbfs,126,78.965705,76.673200,0.808,subopt,4760.0,0.026470588235294117
industrial-plants,plant01,diag,63,astar,4794,49.899495,49.899500,10.798,ok,4788.0,1.0012531328320802
industrial-plants,plant01,diag,63,rastar,6162,49.899495,49.899500,14.807,ok,4788.0,1.286967418546366
industrial-plants,plant01,diag,63,mm,9713,49.899495,49.899500,959.953,ok,4788.0,2.0286131996658314
industrial-plants,plant01,diag,63,bia,8319,49.899495,49.899500,21.847,ok,4788.0,1.737468671679198
industrial-plants,plant01,diag,63,bae,8972,49.899495,49.899500,27.408,ok,4788.0,1.8738512949039265
industrial-plants,plant01,diag,63,nbs,8968,49.899495,49.899500,22.266,ok,4788.0,1.873015873015873
industrial-plants,plant01,diag,63,gbfs,216,50.727922,49.899500,0.880,subopt,4788.0,0.045112781954887216
industrial-plants,plant01,diag,64,astar,4794,210.750018,210.750000,14.383,ok,1444.0,3.3199445983379503
industrial-plants,plant01,diag,64,rastar,341961,210.750018,210.750000,1396.007,ok,1444.0,236.8150969529086
industrial-plants,plant01,diag,64,mm,211555,210.750018,210.750000,57122.002,ok,1444.0,146.5062326869806
industrial-plants,plant01,diag,64,bia,9581,210.750018,210.750000,31.733,ok,1444.0,6.6350415512465375
industrial-plants,plant01,diag,64,bae,96401,210.750018,210.750000,474.804,ok,1444.0,66.75969529085873
industrial-plants,plant01,diag,64,nbs,15682,210.750018,210.750000,39.022,ok,1444.0,10.8601108033241
industrial-plants,plant01,diag,64,gbfs,330,216.007768,210.750000,1.884,subopt,1444.0,0.22853185595567868
industrial-plants,plant01,diag,65,astar,4794,121.108325,121.108000,10.608,ok,3514.0,1.3642572566875355
industrial-plants,plant01,diag,65,rastar,20187,121.108325,121.108000,52.774,ok,3514.0,5.744735344336938
industrial-plants,plant01,diag,65,mm,18879,121.108325,121.108000,983.141,ok,3514.0,5.372509960159363
industrial-plants,plant01,diag,65,bia,9355,121.108325,121.108000,25.686,ok,3514.0,2.662208309618668
industrial-plants,plant01,diag,65,bae,13256,121.108325,121.108000,40.365,ok,3514.0,3.77233921457029
industrial-plants,plant01,diag,65,nbs,10030,121.108325,121.108000,25.003,ok,3514.0,2.8542970973249857
industrial-plants,plant01,diag,65,gbfs,238,138.915088,121.108000,1.319,subopt,3514.0,0.06772908366533864
industrial-plants,plant01,diag,66,astar,4796,115.410569,115.411000,10.776,ok,4723.0,1.0154562777895406
industrial-plants,plant01,diag,66,rastar,61881,115.410569,115.411000,176.534,ok,4723.0,13.102053779377515
industrial-plants,plant01,diag,66,mm,48831,115.410569,115.411000,421.065,ok,4723.0,10.338979462206225
industrial-plants,plant01,diag,66,bia,9587,115.410569,115.411000,26.331,ok,4723.0,2.029853906415414
industrial-plants,plant01,diag,66,bae,56339,115.410569,115.411000,271.730,ok,4723.0,11.928647046368834
industrial-plants,plant01,diag,66,nbs,38530,115.410569,115.411000,109.553,ok,4723.0,8.15795045521914
industrial-plants,plant01,diag,66,gbfs,174,118.338772,115.411000,1.204,subopt,4723.0,0.036840990895617196
industrial-plants,plant01,diag,67,astar,4797,95.970563,95.970600,9.712,ok,4735.0,1.0130939809926083
industrial-plants,plant01,diag,67,rastar,53634,95.970563,95.970600,160.824,ok,4735.0,11.327138331573389
industrial-plants,plant01,diag,67,mm,50510,95.970563,95.970600,380.551,ok,4735.0,10.667370644139387
industrial-plants,plant01,diag,67,bia,9525,95.970563,95.970600,24.667,ok,4735.0,2.0116156282998943
industrial-plants,plant01,diag,67,bae,27440,95.970563,95.970600,92.229,ok,4735.0,5.795142555438226
industrial-plants,plant01,diag,67,nbs,10476,95.970563,95.970600,26.176,ok,4735.0,2.2124604012671596
industrial-plants,plant01,diag,67,gbfs,220,101.334159,95.970600,0.957,subopt,4735.0,0.046462513199577615
industrial-plants,plant01,diag,68,astar,4797,149.914307,149.914000,11.152,ok,4693.0,1.0221606648199446
industrial-plants,plant01,diag,68,rastar,138582,149.914307,149.914000,524.888,ok,4693.0,29.52951203920733
industrial-plants,plant01,diag,68,mm,79833,149.914307,149.914000,756.933,ok,4693.0,17.01108033240997
industrial-plants,plant01,diag,68,bia,9551,149.914307,149.914000,26.187,ok,4693.0,2.0351587470701045
industrial-plants,plant01,diag,68,bae,93395,149.914307,149.914000,516.687,ok,4693.0,19.900916258256977
industrial-plants,plant01,diag,68,nbs,18878,149.914307,149.914000,49.856,ok,4693.0,4.022586831451098
industrial-plants,plant01,diag,68,gbfs,238,153.845233,149.914000,1.480,subopt,4693.0,0.050713829107180905
industrial-plants,plant01,diag,69,astar,4797,120.317108,120.317000,10.478,ok,4703.0,1.019987242185839
industrial-plants,plant01,diag,69,rastar,115249,120.317108,120.317000,339.789,ok,4703.0,24.505422071018497
industrial-plants,plant01,diag,69,mm,88585,120.317108,120.317000,770.377,ok,4703.0,18.835849457792897
industrial-plants,plant01,diag,69,bia,9473,120.317108,120.317000,25.706,ok,4703.0,2.0142462258133107
industrial-plants,plant01,diag,69,bae,46119,120.317108,120.317000,172.093,ok,4703.0,9.80629385498618
industrial-plants,plant01,diag,69,nbs,12364,120.317108,120.317000,31.266,ok,4703.0,2.6289602381458645
industrial-plants,plant01,diag,69,gbfs,846,123.727193,120.317000,2.558,subopt,4703.0,0.17988517967254944
industrial-plants,plant01,diag,70,astar,5588,56.605508,56.605500,12.474,ok,5582.0,1.0010748835542815
industrial-plants,plant01,diag,70,rastar,6547,56.605508,56.605500,15.009,ok,5582.0,1.1728771049802937
industrial-plants,plant01,diag,70,mm,8969,56.605508,56.605500,1270.057,ok,5582.0,1.6067717663919743
industrial-plants,plant01,diag,70,bia,8759,56.605508,56.605500,23.325,ok,5582.0,1.5691508419921176
industrial-plants,plant01,diag,70,bae,9321,56.605508,56.605500,27.715,ok,5582.0,1.6698316015764958
industrial-plants,plant01,diag,70,nbs,9202,56.605508,56.605500,21.902,ok,5582.0,1.6485130777499104
industrial-plants,plant01,diag,70,gbfs,86,58.898037,56.605500,0.587,subopt,5582.0,0.015406664278036546
industrial-plants,plant01,diag,71,astar,5589,154.728406,154.728000,12.486,ok,5485.0,1.018960802187785
industrial-plants,plant01,diag,71,rastar,38825,154.728406,154.728000,104.079,ok,5485.0,7.078395624430264
industrial-plants,plant01,diag,71,mm,36362,154.728406,154.728000,324.694,ok,5485.0,6.629352780309937
industrial-plants,plant01,diag,71,bia,11173,154.728406,154.728000,32.145,ok,5485.0,2.037010027347311
industrial-plants,plant01,diag,71,bae,19615,154.728406,154.728000,63.479,ok,5485.0,3.576116681859617
industrial-plants,plant01,diag,71,nbs,16578,154.728406,154.728000,39.791,ok,5485.0,3.022424794895169
industrial-plants,plant01,diag,71,gbfs,298,169.565091,154.728000,1.541,subopt,5485.0,0.05432999088422972
industrial-plants,plant01,diag,72,astar,5590,96.880793,96.880800,12.406,ok,5577.0,1.0023310023310024
industrial-plants,plant01,diag,72,rastar,6616,96.880793,96.880800,15.014,ok,5577.0,1.186300878608571
industrial-plants,plant01,diag,72,mm,7552,96.880793,96.880800,1835.238,ok,5577.0,1.3541330464407388
industrial-plants,plant01,diag,72,bia,10327,96.880793,96.880800,27.249,ok,5577.0,1.8517123901739287
industrial-plants,plant01,diag,72,bae,8558,96.880793,96.880800,25.098,ok,5577.0,1.5345167652859961
industrial-plants,plant01,diag,72,nbs,7980,96.880793,96.880800,16.938,ok,5577.0,1.4308768154922
industrial-plants,plant01,diag,72,gbfs,96,98.248518,96.880800,0.656,subopt,5577.0,0.017213555675094135
industrial-plants,plant01,diag,73,astar,5590,77.429807,77.429800,13.210,ok,5547.0,1.0077519379844961
industrial-plants,plant01,diag,73,rastar,24794,77.429807,77.429800,69.619,ok,5547.0,4.469803497385975
industrial-plants,plant01,diag,73,mm,26734,77.429807,77.429800,227.759,ok,5547.0,4.819542094826032
industrial-plants,plant01,diag,73,bia,11141,77.429807,77.429800,33.012,ok,5547.0,2.008473048494682
industrial-plants,plant01,diag,73,bae,24311,77.429807,77.429800,91.589,ok,5547.0,4.382729403281052
industrial-plants,plant01,diag,73,nbs,12490,77.429807,77.429800,34.686,ok,5547.0,2.2516675680548044
industrial-plants,plant01,diag,73,gbfs,138,80.698485,77.429800,0.749,subopt,5547.0,0.024878312601406164
industrial-plants,plant01,diag,74,astar,5590,116.091519,116.092000,12.019,ok,5580.0,1.0017921146953406
industrial-plants,plant01,diag,74,rastar,78324,116.091519,116.092000,238.708,ok,5580.0,14.036559139784947
industrial-plants,plant01,diag,74,mm,0,0,116.092000,60000.000,timeout,5580.0,0.0
industrial-plants,plant01,diag,74,bia,11159,116.091519,116.092000,28.522,ok,5580.0,1.999820788530466
industrial-plants,plant01,diag,74,bae,26669,116.091519,116.092000,83.827,ok,5580.0,4.779390681003584
industrial-plants,plant01,diag,74,nbs,11144,116.091519,116.092000,26.679,ok,5580.0,1.9971326164874552
industrial-plants,plant01,diag,74,gbfs,382,126.622559,116.092000,1.529,subopt,5580.0,0.06845878136200717
industrial-plants,plant01,diag,75,astar,5591,53.698485,53.698500,13.485,ok,5584.0,1.001253581661891
industrial-plants,plant01,diag,75,rastar,6722,53.698485,53.698500,16.740,ok,5584.0,1.2037965616045845
industrial-plants,plant01,diag,75,mm,9721,53.698485,53.698500,1452.826,ok,5584.0,1.7408667621776504
industrial-plants,plant01,diag,75,bia,9183,53.698485,53.698500,24.398,ok,5584.0,1.6445200573065903
industrial-plants,plant01,diag,75,bae,9273,53.698485,53.698500,28.704,ok,5584.0,1.660637535816619
industrial-plants,plant01,diag,75,nbs,10210,53.698485,53.698500,25.453,ok,5584.0,1.8284383954154728
industrial-plants,plant01,diag,75,gbfs,330,62.192024,53.698500,1.083,subopt,5584.0,0.059097421203438395
industrial-plants,plant01,diag,76,astar,5592,122.418097,122.418000,14.121,ok,5513.0,1.0143297660076183
industrial-plants,plant01,diag,76,rastar,119857,122.418097,122.418000,419.233,ok,5513.0,21.74079448576093
industrial-plants,plant01,diag,76,mm,0,0,122.418000,60000.000,timeout,5513.0,0.0
industrial-plants,plant01,diag,76,bia,11179,122.418097,122.418000,31.603,ok,5513.0,2.0277525847995648
industrial-plants,plant01,diag,76,bae,97127,122.418097,122.418000,505.847,ok,5513.0,17.6178124433158
industrial-plants,plant01,diag,76,nbs,39342,122.418097,122.418000,106.814,ok,5513.0,7.136223471793942
industrial-plants,plant01,diag,76,gbfs,194,127.192508,122.418000,1.097,subopt,5513.0,0.03518955196807546
industrial-plants,plant01,diag,77,astar,5592,81.727193,81.727200,13.001,ok,5541.0,1.0092041147807256
industrial-plants,plant01,diag,77,rastar,52359,81.727193,81.727200,148.670,ok,5541.0,9.44937736870601
industrial-plants,plant01,diag,77,mm,53344,81.727193,81.727200,434.038,ok,5541.0,9.627143114961198
industrial-plants,plant01,diag,77,bia,11135,81.727193,81.727200,32.154,ok,5541.0,2.009565060458401
industrial-plants,plant01,diag,77,bae,40258,81.727193,81.727200,157.317,ok,5541.0,7.265475545930338
industrial-plants,plant01,diag,77,nbs,13248,81.727193,81.727200,35.269,ok,5541.0,2.390904168922577
industrial-plants,plant01,diag,77,gbfs,212,85.040902,81.727200,0.922,subopt,5541.0,0.03826024183360404
industrial-plants,plant01,diag,78,astar,5592,160.483631,160.484000,11.193,ok,5528.0,1.0115774240231548
industrial-plants,plant01,diag,78,rastar,66127,160.483631,160.484000,175.353,ok,5528.0,11.962192474674385
industrial-plants,plant01,diag,78,mm,62718,160.483631,160.484000,652.625,ok,5528.0,11.345513748191028
industrial-plants,plant01,diag,78,bia,11179,160.483631,160.484000,31.485,ok,5528.0,2.0222503617945007
industrial-plants,plant01,diag,78,bae,56644,160.483631,160.484000,205.621,ok,5528.0,10.246743849493487
industrial-plants,plant01,diag,78,nbs,29995,160.483631,160.484000,78.399,ok,5528.0,5.426013024602026
industrial-plants,plant01,diag,78,gbfs,272,166.781017,160.484000,1.420,subopt,5528.0,0.049204052098408106
industrial-plants,plant01,diag,79,astar,5592,63.369667,63.369700,12.366,ok,5586.0,1.0010741138560688
industrial-plants,plant01,diag,79,rastar,8548,63.369667,63.369700,20.394,ok,5586.0,1.5302542069459362
industrial-plants,plant01,diag,79,mm,9081,63.369667,63.369700,2132.349,ok,5586.0,1.6256713211600429
industrial-plants,plant01,diag,79,bia,7513,63.369667,63.369700,21.742,ok,5586.0,1.344969566774078
industrial-plants,plant01,diag,79,bae,6474,63.369667,63.369700,20.899,ok,5586.0,1.158968850698174
industrial-plants,plant01,diag,79,nbs,8854,63.369667,63.369700,20.200,ok,5586.0,1.5850340136054422
industrial-plants,plant01,diag,79,gbfs,94,65.990285,63.369700,0.619,subopt,5586.0,0.016827783745076978
industrial-plants,plant01,diag,80,astar,6382,125.903379,125.903000,15.483,ok,5636.0,1.1323633782824698
industrial-plants,plant01,diag,80,rastar,7160,125.903379,125.903000,17.620,ok,5636.0,1.2704045422285308
industrial-plants,plant01,diag,80,mm,11040,125.903379,125.903000,79.687,ok,5636.0,1.9588360539389638
industrial-plants,plant01,diag,80,bia,12627,125.903379,125.903000,34.655,ok,5636.0,2.24041873669269
industrial-plants,plant01,diag,80,bae,12615,125.903379,125.903000,37.424,ok,5636.0,2.238289567068843
industrial-plants,plant01,diag,80,nbs,11245,125.903379,125.903000,27.771,ok,5636.0,1.995209368346345
industrial-plants,plant01,diag,80,gbfs,192,128.581413,125.903000,1.326,subopt,5636.0,0.034066713981547196
industrial-plants,plant01,diag,81,astar,6382,55.526912,55.526900,15.250,ok,6376.0,1.0009410288582183
industrial-plants,plant01,diag,81,rastar,8023,55.526912,55.526900,20.195,ok,6376.0,1.2583124215809285
industrial-plants,plant01,diag,81,mm,12161,55.526912,55.526900,1803.087,ok,6376.0,1.9073086574654956
industrial-plants,plant01,diag,81,bia,11091,55.526912,55.526900,29.770,ok,6376.0,1.7394918444165621
industrial-plants,plant01,diag,81,bae,11771,55.526912,55.526900,36.365,ok,6376.0,1.8461417816813048
industrial-plants,plant01,diag,81,nbs,11940,55.526912,55.526900,29.366,ok,6376.0,1.8726474278544543
industrial-plants,plant01,diag,81,gbfs,242,62.213203,55.526900,0.869,subopt,6376.0,0.03795483061480552
industrial-plants,plant01,diag,82,astar,6384,107.806273,107.806000,14.523,ok,6331.0,1.008371505291423
industrial-plants,plant01,diag,82,rastar,36628,107.806273,107.806000,94.210,ok,6331.0,5.785499921023535
industrial-plants,plant01,diag,82,mm,36791,107.806273,107.806000,280.316,ok,6331.0,5.811246248617912
industrial-plants,plant01,diag,82,bia,12745,107.806273,107.806000,38.804,ok,6331.0,2.0131100931922288
industrial-plants,plant01,diag,82,bae,42049,107.806273,107.806000,145.948,ok,6331.0,6.6417627546991
industrial-plants,plant01,diag,82,nbs,26694,107.806273,107.806000,69.529,ok,6331.0,4.216395514136787
industrial-plants,plant01,diag,82,gbfs,146,111.119982,107.806000,1.095,subopt,6331.0,0.02306112778392039
industrial-plants,plant01,diag,83,astar,6385,66.513261,66.513300,13.420,ok,6368.0,1.0026695979899498
industrial-plants,plant01,diag,83,rastar,17545,66.513261,66.513300,44.085,ok,6368.0,2.75518216080402
industrial-plants,plant01,diag,83,mm,22234,66.513261,66.513300,5283.018,ok,6368.0,3.4915201005025125
industrial-plants,plant01,diag,83,bia,12735,66.513261,66.513300,33.643,ok,6368.0,1.9998429648241205
industrial-plants,plant01,diag,83,bae,19811,66.513261,66.513300,60.959,ok,6368.0,3.1110238693467336
industrial-plants,plant01,diag,83,nbs,12794,66.513261,66.513300,30.914,ok,6368.0,2.009108040201005
industrial-plants,plant01,diag,83,gbfs,3826,74.898766,66.513300,9.536,subopt,6368.0,0.6008165829145728
industrial-plants,plant01,diag,84,astar,6386,100.045514,100.046000,15.717,ok,6340.0,1.0072555205047318
industrial-plants,plant01,diag,84,rastar,41602,100.045514,100.046000,105.514,ok,6340.0,6.561829652996845
industrial-plants,plant01,diag,84,mm,39766,100.045514,100.046000,276.314,ok,6340.0,6.272239747634069
industrial-plants,plant01,diag,84,bia,12757,100.045514,100.046000,39.925,ok,6340.0,2.0121451104100947
industrial-plants,plant01,diag,84,bae,44365,100.045514,100.046000,157.413,ok,6340.0,6.997634069400631
industrial-plants,plant01,diag,84,nbs,20402,100.045514,100.046000,53.409,ok,6340.0,3.217981072555205
industrial-plants,plant01,diag,84,gbfs,146,103.953267,100.046000,1.034,subopt,6340.0,0.02302839116719243
industrial-plants,plant01,diag,85,astar,6386,80.625959,80.626000,13.945,ok,6373.0,1.0020398556409853
industrial-plants,plant01,diag,85,rastar,12724,80.625959,80.626000,29.520,ok,6373.0,1.9965479366075631
industrial-plants,plant01,diag,85,mm,11227,80.625959,80.626000,4551.162,ok,6373.0,1.7616507139494744
industrial-plants,plant01,diag,85,bia,8847,80.625959,80.626000,22.683,ok,6373.0,1.3882002196767613
industrial-plants,plant01,diag,85,bae,9113,80.625959,80.626000,26.088,ok,6373.0,1.4299388043307704
industrial-plants,plant01,diag,85,nbs,11684,80.625959,80.626000,25.541,ok,6373.0,1.8333594853287305
industrial-plants,plant01,diag,85,gbfs,122,82.918488,80.626000,0.794,subopt,6373.0,0.01914326063078613
industrial-plants,plant01,diag,86,astar,6387,81.347758,81.347800,15.053,ok,6355.0,1.0050354051927617
industrial-plants,plant01,diag,86,rastar,12358,81.347758,81.347800,29.128,ok,6355.0,1.9446105428796223
industrial-plants,plant01,diag,86,mm,18499,81.347758,81.347800,131.428,ok,6355.0,2.9109362706530293
industrial-plants,plant01,diag,86,bia,12763,81.347758,81.347800,36.843,ok,6355.0,2.0083398898505114
industrial-plants,plant01,diag,86,bae,19256,81.347758,81.347800,60.708,ok,6355.0,3.030055074744296
industrial-plants,plant01,diag,86,nbs,13496,81.347758,81.347800,35.764,ok,6355.0,2.123682140047207
industrial-plants,plant01,diag,86,gbfs,122,84.275962,81.347800,0.715,subopt,6355.0,0.01919748229740362
industrial-plants,plant01,diag,87,astar,6387,93.788545,93.788500,14.273,ok,5697.0,1.1211163770405477
industrial-plants,plant01,diag,87,rastar,19238,93.788545,93.788500,48.263,ok,5697.0,3.3768650166754433
industrial-plants,plant01,diag,87,mm,20131,93.788545,93.788500,232.662,ok,5697.0,3.5336141829032823
industrial-plants,plant01,diag,87,bia,12739,93.788545,93.788500,35.749,ok,5697.0,2.236089169738459
industrial-plants,plant01,diag,87,bae,14007,93.788545,93.788500,43.839,ok,5697.0,2.458662453923117
industrial-plants,plant01,diag,87,nbs,12566,93.788545,93.788500,30.778,ok,5697.0,2.205722309987713
industrial-plants,plant01,diag,87,gbfs,128,96.081074,93.788500,0.869,subopt,5697.0,0.02246796559592768
industrial-plants,plant01,diag,88,astar,6388,106.271833,106.272000,15.332,ok,6333.0,1.008684667614085
industrial-plants,plant01,diag,88,rastar,68934,106.271833,106.272000,196.157,ok,6333.0,10.884888678351492
industrial-plants,plant01,diag,88,mm,57965,106.271833,106.272000,463.598,ok,6333.0,9.152850150007895
industrial-plants,plant01,diag,88,bia,12769,106.271833,106.272000,36.127,ok,6333.0,2.0162640138954684
industrial-plants,plant01,diag,88,bae,53295,106.271833,106.272000,200.087,ok,6333.0,8.415442918048319
industrial-plants,plant01,diag,88,nbs,21784,106.271833,106.272000,59.330,ok,6333.0,3.439759987367756
industrial-plants,plant01,diag,88,gbfs,170,110.781746,106.272000,0.911,subopt,6333.0,0.026843518079898942
industrial-plants,plant01,diag,89,astar,6388,135.446129,135.446000,13.245,ok,6293.0,1.0150961385666615
industrial-plants,plant01,diag,89,rastar,191124,135.446129,135.446000,632.241,ok,6293.0,30.370888288574605
industrial-plants,plant01,diag,89,mm,132328,135.446129,135.446000,1357.644,ok,6293.0,21.027808676307007
industrial-plants,plant01,diag,89,bia,12715,135.446129,135.446000,34.201,ok,6293.0,2.0204989671063087
industrial-plants,plant01,diag,89,bae,72661,135.446129,135.446000,291.356,ok,6293.0,11.546321309391388
industrial-plants,plant01,diag,89,nbs,20642,135.446129,135.446000,52.179,ok,6293.0,3.2801525504528843
industrial-plants,plant01,diag,89,gbfs,3720,161.111969,135.446000,10.201,subopt,6293.0,0.5911330049261084
industrial-plants,plant01,diag,90,astar,7173,95.923882,95.923900,17.383,ok,7158.0,1.0020955574182733
industrial-plants,plant01,diag,90,rastar,7605,95.923882,95.923900,19.722,ok,7158.0,1.062447611064543
industrial-plants,plant01,diag,90,mm,11039,95.923882,95.923900,2911.551,ok,7158.0,1.542190556021235
industrial-plants,plant01,diag,90,bia,12103,95.923882,95.923900,32.763,ok,7158.0,1.6908354288907517
industrial-plants,plant01,diag,90,bae,6385,95.923882,95.923900,19.143,ok,7158.0,0.8920089410449846
industrial-plants,plant01,diag,90,nbs,12626,95.923882,95.923900,30.483,ok,7158.0,1.763900530874546
industrial-plants,plant01,diag,90,gbfs,220,116.970563,95.923900,0.926,subopt,7158.0,0.03073484213467449
industrial-plants,plant01,diag,91,astar,7173,119.577232,119.577000,17.193,ok,7118.0,1.0077268895757234
industrial-plants,plant01,diag,91,rastar,31217,119.577232,119.577000,79.860,ok,7118.0,4.385642034279292
industrial-plants,plant01,diag,91,mm,32634,119.577232,119.577000,267.084,ok,7118.0,4.584714807530205
industrial-plants,plant01,diag,91,bia,14333,119.577232,119.577000,45.501,ok,7118.0,2.0136274234335487
industrial-plants,plant01,diag,91,bae,35687,119.577232,119.577000,121.789,ok,7118.0,5.013627423433549
industrial-plants,plant01,diag,91,nbs,17350,119.577232,119.577000,47.133,ok,7118.0,2.437482438887328
industrial-plants,plant01,diag,91,gbfs,156,123.565575,119.577000,1.299,subopt,7118.0,0.02191626861477943
industrial-plants,plant01,diag,92,astar,7173,94.529583,94.529600,16.453,ok,6820.0,1.0517595307917889
industrial-plants,plant01,diag,92,rastar,26181,94.529583,94.529600,69.661,ok,6820.0,3.8388563049853373
industrial-plants,plant01,diag,92,mm,19803,94.529583,94.529600,11653.428,ok,6820.0,2.9036656891495602
industrial-plants,plant01,diag,92,bia,9803,94.529583,94.529600,27.873,ok,6820.0,1.4373900293255133
industrial-plants,plant01,diag,92,bae,13572,94.529583,94.529600,43.618,ok,6820.0,1.9900293255131964
industrial-plants,plant01,diag,92,nbs,15008,94.529583,94.529600,36.013,ok,6820.0,2.2005865102639297
industrial-plants,plant01,diag,92,gbfs,160,98.325902,94.529600,0.818,subopt,6820.0,0.02346041055718475
industrial-plants,plant01,diag,93,astar,7174,96.267027,96.267000,16.710,ok,7157.0,1.002375296912114
industrial-plants,plant01,diag,93,rastar,15800,96.267027,96.267000,40.265,ok,7157.0,2.207628894788319
industrial-plants,plant01,diag,93,mm,16971,96.267027,96.267000,4688.338,ok,7157.0,2.3712449350286433
industrial-plants,plant01,diag,93,bia,13823,96.267027,96.267000,39.281,ok,7157.0,1.9313958362442365
industrial-plants,plant01,diag,93,bae,15863,96.267027,96.267000,52.329,ok,7157.0,2.216431465697918
industrial-plants,plant01,diag,93,nbs,14274,96.267027,96.267000,34.214,ok,7157.0,1.9944110660891434
industrial-plants,plant01,diag,93,gbfs,446,113.547363,96.267000,1.336,subopt,7157.0,0.06231661310605002
industrial-plants,plant01,diag,94,astar,7174,72.384776,72.384800,14.717,ok,7171.0,1.0004183516943244
industrial-plants,plant01,diag,94,rastar,15421,72.384776,72.384800,38.658,ok,7171.0,2.1504671593919955
industrial-plants,plant01,diag,94,mm,20427,72.384776,72.384800,95.790,ok,7171.0,2.848556686654581
industrial-plants,plant01,diag,94,bia,13813,72.384776,72.384800,36.803,ok,7171.0,1.9262306512341374
industrial-plants,plant01,diag,94,bae,19061,72.384776,72.384800,59.761,ok,7171.0,2.6580672151722213
industrial-plants,plant01,diag,94,nbs,13836,72.384776,72.384800,33.943,ok,7171.0,1.9294380142239576
industrial-plants,plant01,diag,94,gbfs,144,73.213203,72.384800,0.594,subopt,7171.0,0.020080881327569376
industrial-plants,plant01,diag,95,astar,7176,172.925094,172.925000,16.981,ok,7121.0,1.0077236343210223
industrial-plants,plant01,diag,95,rastar,40150,172.925094,172.925000,95.226,ok,7121.0,5.6382530543463
industrial-plants,plant01,diag,95,mm,0,0,172.925000,60000.000,timeout,7121.0,0.0
industrial-plants,plant01,diag,95,bia,14283,172.925094,172.925000,39.128,ok,7121.0,2.005757618312035
industrial-plants,plant01,diag,95,bae,15809,172.925094,172.925000,45.948,ok,7121.0,2.2200533632916724
industrial-plants,plant01,diag,95,nbs,20774,172.925094,172.925000,54.672,ok,7121.0,2.9172868979075974
industrial-plants,plant01,diag,95,gbfs,252,177.491695,172.925000,1.605,subopt,7121.0,0.035388288161775035
industrial-plants,plant01,diag,96,astar,7179,84.965705,84.965700,16.808,ok,7123.0,1.0078618559595676
industrial-plants,plant01,diag,96,rastar,39267,84.965705,84.965700,106.253,ok,7123.0,5.5127053207918015
industrial-plants,plant01,diag,96,mm,44223,84.965705,84.965700,391.047,ok,7123.0,6.208479573213534
industrial-plants,plant01,diag,96,bia,14313,84.965705,84.965700,41.559,ok,7123.0,2.009406149094483
industrial-plants,plant01,diag,96,bae,30587,84.965705,84.965700,108.567,ok,7123.0,4.294117647058823
industrial-plants,plant01,diag,96,nbs,15292,84.965705,84.965700,42.810,ok,7123.0,2.1468482381019234
industrial-plants,plant01,diag,96,gbfs,3866,91.994413,84.965700,10.222,subopt,7123.0,0.5427488417801488
industrial-plants,plant01,diag,97,astar,7180,81.870058,81.870100,16.592,ok,7175.0,1.0006968641114982
industrial-plants,plant01,diag,97,rastar,12584,81.870058,81.870100,30.661,ok,7175.0,1.7538675958188152
industrial-plants,plant01,diag,97,mm,10916,81.870058,81.870100,3423.016,ok,7175.0,1.5213937282229966
industrial-plants,plant01,diag,97,bia,8851,81.870058,81.870100,23.122,ok,7175.0,1.233588850174216
industrial-plants,plant01,diag,97,bae,5275,81.870058,81.870100,14.831,ok,7175.0,0.735191637630662
industrial-plants,plant01,diag,97,nbs,11760,81.870058,81.870100,26.193,ok,7175.0,1.6390243902439023
industrial-plants,plant01,diag,97,gbfs,338,95.434664,81.870100,1.161,subopt,7175.0,0.04710801393728223
industrial-plants,plant01,diag,98,astar,7181,159.971047,159.971000,16.003,ok,47.0,152.7872340425532
industrial-plants,plant01,diag,98,rastar,62564,159.971047,159.971000,162.720,ok,47.0,1331.1489361702127
industrial-plants,plant01,diag,98,mm,37526,159.971047,159.971000,15687.310,ok,47.0,798.4255319148937
industrial-plants,plant01,diag,98,bia,921,159.971047,159.971000,3.316,ok,47.0,19.595744680851062
industrial-plants,plant01,diag,98,bae,1513,159.971047,159.971000,4.576,ok,47.0,32.191489361702125
industrial-plants,plant01,diag,98,nbs,34720,159.971047,159.971000,91.777,ok,47.0,738.7234042553191
industrial-plants,plant01,diag,98,gbfs,304,163.627901,159.971000,1.623,subopt,47.0,6.468085106382978
industrial-plants,plant01,diag,99,astar,7182,93.828427,93.828400,16.367,ok,7111.0,1.009984531008297
industrial-plants,plant01,diag,99,rastar,25148,93.828427,93.828400,61.404,ok,7111.0,3.5364927576993392
industrial-plants,plant01,diag,99,mm,20363,93.828427,93.828400,12302.815,ok,7111.0,2.863591618619041
industrial-plants,plant01,diag,99,bia,13827,93.828427,93.828400,37.086,ok,7111.0,1.9444522570665166
industrial-plants,plant01,diag,99,bae,20326,93.828427,93.828400,71.328,ok,7111.0,2.8583884123189427
industrial-plants,plant01,diag,99,nbs,14288,93.828427,93.828400,36.254,ok,7111.0,2.009281395021797
industrial-plants,plant01,diag,99,gbfs,94,96.120956,93.828400,0.413,subopt,7111.0,0.013218956546196035
industrial-plants,plant01,diag,100,astar,7979,98.809725,98.809700,17.846,ok,7924.0,1.0069409389197375
industrial-plants,plant01,diag,100,rastar,22230,98.809725,98.809700,55.789,ok,7924.0,2.8054013124684505
industrial-plants,plant01,diag,100,mm,25887,98.809725,98.809700,6448.139,ok,7924.0,3.2669106511862696
industrial-plants,plant01,diag,100,bia,15833,98.809725,98.809700,43.739,ok,7924.0,1.9981070166582533
industrial-plants,plant01,diag,100,bae,18751,98.809725,98.809700,61.568,ok,7924.0,2.3663553760726908
industrial-plants,plant01,diag,100,nbs,15488,98.809725,98.809700,39.535,ok,7924.0,1.9545683997980818
industrial-plants,plant01,diag,100,gbfs,202,113.112698,98.809700,0.973,subopt,7924.0,0.025492175668854113
industrial-plants,plant01,diag,101,astar,7979,78.172786,78.172800,19.142,ok,7948.0,1.0039003522898842
industrial-plants,plant01,diag,101,rastar,18926,78.172786,78.172800,49.954,ok,7948.0,2.3812279818822346
industrial-plants,plant01,diag,101,mm,22950,78.172786,78.172800,13234.851,ok,7948.0,2.8875188726723704
industrial-plants,plant01,diag,101,bia,15895,78.172786,78.172800,44.841,ok,7948.0,1.9998741821841972
industrial-plants,plant01,diag,101,bae,20583,78.172786,78.172800,64.746,ok,7948.0,2.5897081026673376
industrial-plants,plant01,diag,101,nbs,17494,78.172786,78.172800,45.822,ok,7948.0,2.2010568696527426
industrial-plants,plant01,diag,101,gbfs,118,80.947196,78.172800,0.814,subopt,7948.0,0.014846502264720684
industrial-plants,plant01,diag,102,astar,7980,88.768095,88.768100,17.601,ok,7964.0,1.0020090406830737
industrial-plants,plant01,diag,102,rastar,20049,88.768095,88.768100,50.793,ok,7964.0,2.517453540934204
industrial-plants,plant01,diag,102,mm,21376,88.768095,88.768100,5823.060,ok,7964.0,2.68407835258664
industrial-plants,plant01,diag,102,bia,15039,88.768095,88.768100,40.687,ok,7964.0,1.8883726770467102
industrial-plants,plant01,diag,102,bae,16100,88.768095,88.768100,54.176,ok,7964.0,2.0215971873430436
industrial-plants,plant01,diag,102,nbs,15798,88.768095,88.768100,38.898,ok,7964.0,1.983676544450025
industrial-plants,plant01,diag,102,gbfs,178,97.606237,88.768100,0.859,subopt,7964.0,0.022350577599196383
industrial-plants,plant01,diag,103,astar,7980,96.830369,96.830400,18.276,ok,7907.0,1.009232325787277
industrial-plants,plant01,diag,103,rastar,15260,96.830369,96.830400,38.034,ok,7907.0,1.9299355001897054
industrial-plants,plant01,diag,103,mm,12274,96.830369,96.830400,5526.325,ok,7907.0,1.552295434425193
industrial-plants,plant01,diag,103,bia,13599,96.830369,96.830400,35.120,ok,7907.0,1.7198684709750853
industrial-plants,plant01,diag,103,bae,10902,96.830369,96.830400,30.282,ok,7907.0,1.3787782977108891
industrial-plants,plant01,diag,103,nbs,15148,96.830369,96.830400,35.013,ok,7907.0,1.9157708359681296
industrial-plants,plant01,diag,103,gbfs,272,108.580200,96.830400,1.194,subopt,7907.0,0.03439989882382699
industrial-plants,plant01,diag,104,astar,7981,90.245848,90.245800,18.841,ok,7976.0,1.0006268806419258
industrial-plants,plant01,diag,104,rastar,24479,90.245848,90.245800,62.985,ok,7976.0,3.0690822467402206
industrial-plants,plant01,diag,104,mm,25519,90.245848,90.245800,40784.032,ok,7976.0,3.1994734202607824
industrial-plants,plant01,diag,104,bia,15417,90.245848,90.245800,44.004,ok,7976.0,1.9329237713139418
industrial-plants,plant01,diag,104,bae,19543,90.245848,90.245800,67.377,ok,7976.0,2.450225677031093
industrial-plants,plant01,diag,104,nbs,14758,90.245848,90.245800,38.964,ok,7976.0,1.8503009027081243
industrial-plants,plant01,diag,104,gbfs,136,93.174780,90.245800,0.979,subopt,7976.0,0.017051153460381142
industrial-plants,plant01,diag,105,astar,7982,104.844749,104.845000,19.151,ok,7980.0,1.000250626566416
industrial-plants,plant01,diag,105,rastar,65481,104.844749,104.845000,179.413,ok,7980.0,8.205639097744362
industrial-plants,plant01,diag,105,mm,0,0,104.845000,60000.000,timeout,7980.0,0.0
industrial-plants,plant01,diag,105,bia,14001,104.844749,104.845000,38.237,ok,7980.0,1.7545112781954888
industrial-plants,plant01,diag,105,bae,31089,104.844749,104.845000,110.419,ok,7980.0,3.8958646616541355
industrial-plants,plant01,diag,105,nbs,15276,104.844749,104.845000,38.555,ok,7980.0,1.9142857142857144
industrial-plants,plant01,diag,105,gbfs,208,109.284271,104.845000,0.844,subopt,7980.0,0.02606516290726817
industrial-plants,plant01,diag,106,astar,7982,145.263091,145.263000,17.037,ok,7980.0,1.000250626566416
industrial-plants,plant01,diag,106,rastar,147594,145.263091,145.263000,442.244,ok,7980.0,18.495488721804513
industrial-plants,plant01,diag,106,mm,0,0,145.263000,60000.000,timeout,7980.0,0.0
industrial-plants,plant01,diag,106,bia,15959,145.263091,145.263000,41.053,ok,7980.0,1.999874686716792
industrial-plants,plant01,diag,106,bae,46113,145.263091,145.263000,167.762,ok,7980.0,5.7785714285714285
industrial-plants,plant01,diag,106,nbs,15460,145.263091,145.263000,38.317,ok,7980.0,1.93734335839599
industrial-plants,plant01,diag,106,gbfs,304,150.819441,145.263000,1.355,subopt,7980.0,0.0380952380952381
industrial-plants,plant01,diag,107,astar,7982,107.488681,107.489000,18.868,ok,7979.0,1.0003759869657851
industrial-plants,plant01,diag,107,rastar,15550,107.488681,107.489000,40.515,ok,7979.0,1.9488657726532146
industrial-plants,plant01,diag,107,mm,12285,107.488681,107.489000,5156.933,ok,7979.0,1.5396666248903372
industrial-plants,plant01,diag,107,bia,9375,107.488681,107.489000,25.554,ok,7979.0,1.1749592680787067
industrial-plants,plant01,diag,107,bae,5391,107.488681,107.489000,15.604,ok,7979.0,0.6756485775159794
industrial-plants,plant01,diag,107,nbs,12540,107.488681,107.489000,28.936,ok,7979.0,1.5716255169820779
industrial-plants,plant01,diag,107,gbfs,228,109.384776,107.489000,1.041,subopt,7979.0,0.028575009399674143
industrial-plants,plant01,diag,108,astar,7982,152.596522,152.597000,16.569,ok,7787.0,1.025041736227045
industrial-plants,plant01,diag,108,rastar,221723,152.596522,152.597000,834.005,ok,7787.0,28.47348144343136
industrial-plants,plant01,diag,108,mm,141683,152.596522,152.597000,1530.434,ok,7787.0,18.194811865930397
industrial-plants,plant01,diag,108,bia,15915,152.596522,152.597000,46.565,ok,7787.0,2.043790933607294
industrial-plants,plant01,diag,108,bae,93743,152.596522,152.597000,469.120,ok,7787.0,12.03839732888147
industrial-plants,plant01,diag,108,nbs,34342,152.596522,152.597000,94.687,ok,7787.0,4.4101707974829845
industrial-plants,plant01,diag,108,gbfs,520,166.890508,152.597000,2.011,subopt,7787.0,0.0667779632721202
industrial-plants,plant01,diag,109,astar,7983,174.719368,174.719000,18.757,ok,6902.0,1.156621269197334
industrial-plants,plant01,diag,109,rastar,29963,174.719368,174.719000,92.911,ok,6902.0,4.3412054476963196
industrial-plants,plant01,diag,109,mm,17261,174.719368,174.719000,14949.290,ok,6902.0,2.5008693132425384
industrial-plants,plant01,diag,109,bia,15917,174.719368,174.719000,44.868,ok,6902.0,2.306143146913938
industrial-plants,plant01,diag,109,bae,17959,174.719368,174.719000,53.740,ok,6902.0,2.6019994204578385
industrial-plants,plant01,diag,109,nbs,10258,174.719368,174.719000,24.860,ok,6902.0,1.4862358736598087
industrial-plants,plant01,diag,109,gbfs,258,178.264788,174.719000,1.837,subopt,6902.0,0.03738046942915097
industrial-plants,plant01,diag,110,astar,8772,118.646358,118.646000,21.644,ok,8705.0,1.007696726019529
industrial-plants,plant01,diag,110,rastar,62653,118.646358,118.646000,174.399,ok,8705.0,7.197357840321654
industrial-plants,plant01,diag,110,mm,57610,118.646358,118.646000,557.875,ok,8705.0,6.618035611717404
industrial-plants,plant01,diag,110,bia,17483,118.646358,118.646000,50.868,ok,8705.0,2.008385985066054
industrial-plants,plant01,diag,110,bae,66393,118.646358,118.646000,288.157,ok,8705.0,7.626995979322229
industrial-plants,plant01,diag,110,nbs,22242,118.646358,118.646000,60.076,ok,8705.0,2.555083285468122
industrial-plants,plant01,diag,110,gbfs,174,122.538324,118.646000,1.141,subopt,8705.0,0.019988512349224583
industrial-plants,plant01,diag,111,astar,8773,112.690175,112.690000,21.200,ok,8771.0,1.0002280241705621
industrial-plants,plant01,diag,111,rastar,17457,112.690175,112.690000,45.947,ok,8771.0,1.9903089727511116
industrial-plants,plant01,diag,111,mm,14359,112.690175,112.690000,3518.800,ok,8771.0,1.6370995325504503
industrial-plants,plant01,diag,111,bia,13565,112.690175,112.690000,39.527,ok,8771.0,1.5465739368373048
industrial-plants,plant01,diag,111,bae,5659,112.690175,112.690000,17.041,ok,8771.0,0.6451943906054042
industrial-plants,plant01,diag,111,nbs,12790,112.690175,112.690000,33.786,ok,8771.0,1.458214570744499
industrial-plants,plant01,diag,111,gbfs,202,118.131691,112.690000,1.157,subopt,8771.0,0.02303044122677004
industrial-plants,plant01,diag,112,astar,8775,123.703826,123.704000,21.445,ok,8685.0,1.0103626943005182
industrial-plants,plant01,diag,112,rastar,65032,123.703826,123.704000,179.382,ok,8685.0,7.487852619458837
industrial-plants,plant01,diag,112,mm,52422,123.703826,123.704000,476.545,ok,8685.0,6.035924006908463
industrial-plants,plant01,diag,112,bia,17545,123.703826,123.704000,51.535,ok,8685.0,2.0201496833621184
industrial-plants,plant01,diag,112,bae,62348,123.703826,123.704000,228.682,ok,8685.0,7.17881404720783
industrial-plants,plant01,diag,112,nbs,42736,123.703826,123.704000,113.943,ok,8685.0,4.920667818077145
industrial-plants,plant01,diag,112,gbfs,276,129.796074,123.704000,1.482,subopt,8685.0,0.03177892918825561
industrial-plants,plant01,diag,113,astar,8775,97.409840,97.409800,21.386,ok,8768.0,1.0007983576642336
industrial-plants,plant01,diag,113,rastar,11645,97.409840,97.409800,26.734,ok,8768.0,1.328125
industrial-plants,plant01,diag,113,mm,13515,97.409840,97.409800,8098.023,ok,8768.0,1.5414005474452555
industrial-plants,plant01,diag,113,bia,12615,97.409840,97.409800,37.157,ok,8768.0,1.4387545620437956
industrial-plants,plant01,diag,113,bae,9362,97.409840,97.409800,30.395,ok,8768.0,1.0677463503649636
industrial-plants,plant01,diag,113,nbs,12348,97.409840,97.409800,31.259,ok,8768.0,1.4083029197080292
industrial-plants,plant01,diag,113,gbfs,190,111.560962,97.409800,0.967,subopt,8768.0,0.02166970802919708
industrial-plants,plant01,diag,114,astar,8775,145.955209,145.955000,20.115,ok,6563.0,1.3370409873533444
industrial-plants,plant01,diag,114,rastar,103809,145.955209,145.955000,349.789,ok,6563.0,15.817309157397531
industrial-plants,plant01,diag,114,mm,78819,145.955209,145.955000,738.878,ok,6563.0,12.009599268627152
industrial-plants,plant01,diag,114,bia,17509,145.955209,145.955000,51.888,ok,6563.0,2.667834831631876
industrial-plants,plant01,diag,114,bae,70467,145.955209,145.955000,333.774,ok,6563.0,10.737010513484687
industrial-plants,plant01,diag,114,nbs,47110,145.955209,145.955000,127.506,ok,6563.0,7.178119762303824
industrial-plants,plant01,diag,114,gbfs,214,150.726219,145.955000,1.607,subopt,6563.0,0.03260703946365991
industrial-plants,plant01,diag,115,astar,8777,151.424756,151.425000,19.495,ok,8772.0,1.0005699954400364
industrial-plants,plant01,diag,115,rastar,88127,151.424756,151.425000,289.010,ok,8772.0,10.04639762881897
industrial-plants,plant01,diag,115,mm,0,0,151.425000,60000.000,timeout,8772.0,0.0
industrial-plants,plant01,diag,115,bia,17543,151.424756,151.425000,47.966,ok,8772.0,1.9998860009119928
industrial-plants,plant01,diag,115,bae,18171,151.424756,151.425000,60.991,ok,8772.0,2.0714774281805743
industrial-plants,plant01,diag,115,nbs,16030,151.424756,151.425000,39.592,ok,8772.0,1.827405380756954
industrial-plants,plant01,diag,115,gbfs,210,153.717285,151.425000,1.509,subopt,8772.0,0.023939808481532147
industrial-plants,plant01,diag,116,astar,8777,84.986156,84.986200,19.862,ok,8763.0,1.0015976263836586
industrial-plants,plant01,diag,116,rastar,11796,84.986156,84.986200,29.264,ok,8763.0,1.3461143444026018
industrial-plants,plant01,diag,116,mm,14919,84.986156,84.986200,9275.343,ok,8763.0,1.702499144128723
industrial-plants,plant01,diag,116,bia,14691,84.986156,84.986200,37.823,ok,8763.0,1.6764806573091406
industrial-plants,plant01,diag,116,bae,10486,84.986156,84.986200,29.452,ok,8763.0,1.1966221613602648
industrial-plants,plant01,diag,116,nbs,15816,84.986156,84.986200,36.737,ok,8763.0,1.8048613488531324
industrial-plants,plant01,diag,116,gbfs,168,95.630817,84.986200,0.769,subopt,8763.0,0.019171516603902775
industrial-plants,plant01,diag,117,astar,8777,124.844504,124.845000,19.800,ok,8721.0,1.0064212819630776
industrial-plants,plant01,diag,117,rastar,15800,124.844504,124.845000,37.268,ok,8721.0,1.8117188395826167
industrial-plants,plant01,diag,117,mm,22662,124.844504,124.845000,176.976,ok,8721.0,2.5985552115583075
industrial-plants,plant01,diag,117,bia,17549,124.844504,124.845000,46.758,ok,8721.0,2.0122692351794518
industrial-plants,plant01,diag,117,bae,22043,124.844504,124.845000,61.895,ok,8721.0,2.5275771127164317
industrial-plants,plant01,diag,117,nbs,24835,124.844504,124.845000,63.249,ok,8721.0,2.8477238848755877
industrial-plants,plant01,diag,117,gbfs,170,126.944280,124.845000,1.249,subopt,8721.0,0.01949317738791423
industrial-plants,plant01,diag,118,astar,8779,131.099583,131.100000,20.398,ok,8733.0,1.005267376617428
industrial-plants,plant01,diag,118,rastar,46846,131.099583,131.100000,126.506,ok,8733.0,5.36425054391389
industrial-plants,plant01,diag,118,mm,0,0,131.100000,60000.000,timeout,8733.0,0.0
industrial-plants,plant01,diag,118,bia,17333,131.099583,131.100000,50.274,ok,8733.0,1.9847704110843924
industrial-plants,plant01,diag,118,bae,22931,131.099583,131.100000,76.972,ok,8733.0,2.625787243787931
industrial-plants,plant01,diag,118,nbs,18414,131.099583,131.100000,46.994,ok,8733.0,2.108553761593954
industrial-plants,plant01,diag,118,gbfs,114,133.488488,131.100000,0.720,subopt,8733.0,0.01305393335623497
industrial-plants,plant01,diag,119,astar,8781,95.935487,95.935500,22.116,ok,8746.0,1.0040018294077293
industrial-plants,plant01,diag,119,rastar,13835,95.935487,95.935500,35.965,ok,8746.0,1.5818659958838326
industrial-plants,plant01,diag,119,mm,22327,95.935487,95.935500,170.362,ok,8746.0,2.552824148182026
industrial-plants,plant01,diag,119,bia,17547,95.935487,95.935500,55.903,ok,8746.0,2.006288589069289
industrial-plants,plant01,diag,119,bae,22555,95.935487,95.935500,75.406,ok,8746.0,2.578893208323805
industrial-plants,plant01,diag,119,nbs,18868,95.935487,95.935500,53.115,ok,8746.0,2.1573290647152983
industrial-plants,plant01,diag,119,gbfs,128,98.960066,95.935500,0.954,subopt,8746.0,0.014635261833981249
industrial-plants,plant01,diag,120,astar,9565,158.779507,158.780000,21.633,ok,8049.0,1.1883463784321033
industrial-plants,plant01,diag,120,rastar,79079,158.779507,158.780000,229.925,ok,8049.0,9.82469872033793
industrial-plants,plant01,diag,120,mm,63985,158.779507,158.780000,2172.922,ok,8049.0,7.949434712386632
industrial-plants,plant01,diag,120,bia,19027,158.779507,158.780000,52.031,ok,8049.0,2.3638961361659834
industrial-plants,plant01,diag,120,bae,42688,158.779507,158.780000,164.464,ok,8049.0,5.303515964716114
industrial-plants,plant01,diag,120,nbs,26622,158.779507,158.780000,67.444,ok,8049.0,3.3074916138650763
industrial-plants,plant01,diag,120,gbfs,288,178.238267,158.780000,1.571,subopt,8049.0,0.035780842340663435
industrial-plants,plant01,diag,121,astar,9565,79.538569,79.538600,21.627,ok,9521.0,1.004621363302174
industrial-plants,plant01,diag,121,rastar,20860,79.538569,79.538600,49.434,ok,9521.0,2.190946329167104
industrial-plants,plant01,diag,121,mm,27177,79.538569,79.538600,172.958,ok,9521.0,2.8544270559815144
industrial-plants,plant01,diag,121,bia,19065,79.538569,79.538600,56.596,ok,9521.0,2.0024157126352273
industrial-plants,plant01,diag,121,bae,28315,79.538569,79.538600,101.910,ok,9521.0,2.9739523159332
industrial-plants,plant01,diag,121,nbs,19548,79.538569,79.538600,49.985,ok,9521.0,2.0531456779750026
industrial-plants,plant01,diag,121,gbfs,270,81.002671,79.538600,0.957,subopt,9521.0,0.028358365717886778
industrial-plants,plant01,diag,122,astar,9570,115.722335,115.722000,22.539,ok,9518.0,1.005463332632906
industrial-plants,plant01,diag,122,rastar,43917,115.722335,115.722000,112.848,ok,9518.0,4.614099600756462
industrial-plants,plant01,diag,122,mm,50967,115.722335,115.722000,514.469,ok,9518.0,5.354801428871611
industrial-plants,plant01,diag,122,bia,19131,115.722335,115.722000,55.397,ok,9518.0,2.009981088463963
industrial-plants,plant01,diag,122,bae,40588,115.722335,115.722000,145.671,ok,9518.0,4.2643412481613785
industrial-plants,plant01,diag,122,nbs,23782,115.722335,115.722000,62.213,ok,9518.0,2.4986341668417733
industrial-plants,plant01,diag,122,gbfs,192,118.014864,115.722000,1.002,subopt,9518.0,0.02017230510611473
industrial-plants,plant01,diag,123,astar,9570,165.221945,165.222000,22.376,ok,9469.0,1.0106663850459394
industrial-plants,plant01,diag,123,rastar,31785,165.221945,165.222000,85.558,ok,9469.0,3.3567430562889427
industrial-plants,plant01,diag,123,mm,40325,165.221945,165.222000,366.564,ok,9469.0,4.258633435420847
industrial-plants,plant01,diag,123,bia,19135,165.221945,165.222000,57.075,ok,9469.0,2.0208047312282185
industrial-plants,plant01,diag,123,bae,28865,165.221945,165.222000,102.183,ok,9469.0,3.0483683599112896
industrial-plants,plant01,diag,123,nbs,22268,165.221945,165.222000,61.459,ok,9469.0,2.3516738831978032
industrial-plants,plant01,diag,123,gbfs,288,168.535653,165.222000,1.631,subopt,9469.0,0.030415038546837046
industrial-plants,plant01,diag,124,astar,9571,155.849362,155.849000,21.003,ok,8934.0,1.0713006492052832
industrial-plants,plant01,diag,124,rastar,31215,155.849362,155.849000,74.101,ok,8934.0,3.4939556749496306
industrial-plants,plant01,diag,124,mm,37915,155.849362,155.849000,340.586,ok,8934.0,4.243899708976942
industrial-plants,plant01,diag,124,bia,19137,155.849362,155.849000,53.662,ok,8934.0,2.1420416386836805
industrial-plants,plant01,diag,124,bae,26855,155.849362,155.849000,87.692,ok,8934.0,3.005932393104992
industrial-plants,plant01,diag,124,nbs,22603,155.849362,155.849000,56.867,ok,8934.0,2.5299977613610927
industrial-plants,plant01,diag,124,gbfs,288,170.342901,155.849000,1.522,subopt,8934.0,0.03223640026863667
industrial-plants,plant01,diag,125,astar,9571,105.220732,105.221000,22.346,ok,9566.0,1.0005226845076312
industrial-plants,plant01,diag,125,rastar,31469,105.220732,105.221000,75.874,ok,9566.0,3.2896717541292078
industrial-plants,plant01,diag,125,mm,28233,105.220732,105.221000,46740.629,ok,9566.0,2.951390340790299
industrial-plants,plant01,diag,125,bia,16783,105.220732,105.221000,47.523,ok,9566.0,1.754442818314865
industrial-plants,plant01,diag,125,bae,15355,105.220732,105.221000,48.775,ok,9566.0,1.6051641229353961
industrial-plants,plant01,diag,125,nbs,18238,105.220732,105.221000,46.806,ok,9566.0,1.9065440100355426
industrial-plants,plant01,diag,125,gbfs,350,111.120227,105.221000,1.308,subopt,9566.0,0.036587915534183564
industrial-plants,plant01,diag,126,astar,9574,97.329302,97.329300,22.500,ok,9566.0,1.0008362952122098
industrial-plants,plant01,diag,126,rastar,25553,97.329302,97.329300,61.763,ok,9566.0,2.671231444699979
industrial-plants,plant01,diag,126,mm,21543,97.329302,97.329300,21566.435,ok,9566.0,2.2520384695797615
industrial-plants,plant01,diag,126,bia,12417,97.329302,97.329300,32.598,ok,9566.0,1.2980347062513067
industrial-plants,plant01,diag,126,bae,15704,97.329302,97.329300,49.056,ok,9566.0,1.6416475015680536
industrial-plants,plant01,diag,126,nbs,18396,97.329302,97.329300,43.534,ok,9566.0,1.9230608404766882
industrial-plants,plant01,diag,126,gbfs,664,122.656125,97.329300,2.014,subopt,9566.0,0.06941250261342254
industrial-plants,plant01,diag,127,astar,9575,90.483823,90.483800,23.538,ok,9517.0,1.0060943574655878
industrial-plants,plant01,diag,127,rastar,37532,90.483823,90.483800,95.333,ok,9517.0,3.9436797310076703
industrial-plants,plant01,diag,127,mm,40180,90.483823,90.483800,9799.863,ok,9517.0,4.221918671850373
industrial-plants,plant01,diag,127,bia,19079,90.483823,90.483800,58.961,ok,9517.0,2.0047283807922667
industrial-plants,plant01,diag,127,bae,42497,90.483823,90.483800,183.037,ok,9517.0,4.465377745087737
industrial-plants,plant01,diag,127,nbs,28270,90.483823,90.483800,77.342,ok,9517.0,2.9704738888305138
industrial-plants,plant01,diag,127,gbfs,150,93.893908,90.483800,0.948,subopt,9517.0,0.015761269307554903
industrial-plants,plant01,diag,128,astar,9575,95.755901,95.755900,22.315,ok,9556.0,1.0019882796149016
industrial-plants,plant01,diag,128,rastar,25623,95.755901,95.755900,61.990,ok,9556.0,2.6813520301381333
industrial-plants,plant01,diag,128,mm,25269,95.755901,95.755900,22359.954,ok,9556.0,2.64430724152365
industrial-plants,plant01,diag,128,bia,19111,95.755901,95.755900,54.836,ok,9556.0,1.9998953537044788
industrial-plants,plant01,diag,128,bae,24243,95.755901,95.755900,79.511,ok,9556.0,2.536940142318962
industrial-plants,plant01,diag,128,nbs,19094,95.755901,95.755900,49.070,ok,9556.0,1.9981163666806194
industrial-plants,plant01,diag,128,gbfs,400,96.584329,95.755900,1.308,subopt,9556.0,0.041858518208455424
industrial-plants,plant01,diag,129,astar,9577,75.253376,75.253400,22.938,ok,9554.0,1.0024073686414068
industrial-plants,plant01,diag,129,rastar,17965,75.253376,75.253400,45.059,ok,9554.0,1.880364245342265
industrial-plants,plant01,diag,129,mm,24272,75.253376,75.253400,6823.276,ok,9554.0,2.5405065940967133
industrial-plants,plant01,diag,129,bia,19107,75.253376,75.253400,56.792,ok,9554.0,1.9998953317981998
industrial-plants,plant01,diag,129,bae,24235,75.253376,75.253400,84.095,ok,9554.0,2.5366338706301024
industrial-plants,plant01,diag,129,nbs,19188,75.253376,75.253400,51.986,ok,9554.0,2.0083734561440236
industrial-plants,plant01,diag,129,gbfs,148,77.563149,75.253400,0.706,subopt,9554.0,0.015490893866443374
industrial-plants,plant01,diag,130,astar,10363,85.898037,85.898000,24.895,ok,10360.0,1.0002895752895753
industrial-plants,plant01,diag,130,rastar,25703,85.898037,85.898000,64.651,ok,10360.0,2.480984555984556
industrial-plants,plant01,diag,130,mm,21682,85.898037,85.898000,37273.094,ok,10360.0,2.092857142857143
industrial-plants,plant01,diag,130,bia,11649,85.898037,85.898000,33.968,ok,10360.0,1.1244208494208494
industrial-plants,plant01,diag,130,bae,16086,85.898037,85.898000,53.294,ok,10360.0,1.5527027027027027
industrial-plants,plant01,diag,130,nbs,17426,85.898037,85.898000,43.569,ok,10360.0,1.6820463320463321
industrial-plants,plant01,diag,130,gbfs,140,88.383318,85.898000,0.810,subopt,10360.0,0.013513513513513514
industrial-plants,plant01,diag,131,astar,10364,105.336830,105.337000,25.755,ok,10311.0,1.0051401415963535
industrial-plants,plant01,diag,131,rastar,50658,105.336830,105.337000,129.195,ok,10311.0,4.913005528076811
industrial-plants,plant01,diag,131,mm,51349,105.336830,105.337000,456.478,ok,10311.0,4.980021336436815
industrial-plants,plant01,diag,131,bia,20683,105.336830,105.337000,61.922,ok,10311.0,2.005916012025992
industrial-plants,plant01,diag,131,bae,43656,105.336830,105.337000,149.207,ok,10311.0,4.233924934535932
industrial-plants,plant01,diag,131,nbs,28972,105.336830,105.337000,80.059,ok,10311.0,2.8098147609349238
industrial-plants,plant01,diag,131,gbfs,172,107.629359,105.337000,0.888,subopt,10311.0,0.016681214237222384
industrial-plants,plant01,diag,132,astar,10364,129.504029,129.504000,25.349,ok,10350.0,1.001352657004831
industrial-plants,plant01,diag,132,rastar,14246,129.504029,129.504000,34.445,ok,10350.0,1.3764251207729468
industrial-plants,plant01,diag,132,mm,14640,129.504029,129.504000,7591.339,ok,10350.0,1.4144927536231884
industrial-plants,plant01,diag,132,bia,15367,129.504029,129.504000,43.940,ok,10350.0,1.4847342995169082
industrial-plants,plant01,diag,132,bae,4587,129.504029,129.504000,14.839,ok,10350.0,0.44318840579710145
industrial-plants,plant01,diag,132,nbs,15866,129.504029,129.504000,38.345,ok,10350.0,1.5329468599033818
industrial-plants,plant01,diag,132,gbfs,136,130.871755,129.504000,0.953,subopt,10350.0,0.013140096618357487
industrial-plants,plant01,diag,133,astar,10365,68.634946,68.634900,25.537,ok,10337.0,1.0027087162619717
industrial-plants,plant01,diag,133,rastar,10497,68.634946,68.634900,25.332,ok,10337.0,1.0154783786398376
industrial-plants,plant01,diag,133,mm,17504,68.634946,68.634900,5084.665,ok,10337.0,1.69333462319822
industrial-plants,plant01,diag,133,bia,18299,68.634946,68.634900,50.679,ok,10337.0,1.7702428170649125
industrial-plants,plant01,diag,133,bae,17472,68.634946,68.634900,56.319,ok,10337.0,1.6902389474702524
industrial-plants,plant01,diag,133,nbs,18408,68.634946,68.634900,49.485,ok,10337.0,1.7807874625133018
industrial-plants,plant01,diag,133,gbfs,120,71.505732,68.634900,0.640,subopt,10337.0,0.011608783979878108
industrial-plants,plant01,diag,134,astar,10368,111.493294,111.493000,23.608,ok,10366.0,1.0001929384526336
industrial-plants,plant01,diag,134,rastar,71659,111.493294,111.493000,202.457,ok,10366.0,6.9128882886359255
industrial-plants,plant01,diag,134,mm,0,0,111.493000,60000.000,timeout,10366.0,0.0
industrial-plants,plant01,diag,134,bia,14349,111.493294,111.493000,39.314,ok,10366.0,1.3842369284198341
industrial-plants,plant01,diag,134,bae,38401,111.493294,111.493000,134.812,ok,10366.0,3.7045147597916266
industrial-plants,plant01,diag,134,nbs,17342,111.493294,111.493000,42.002,ok,10366.0,1.6729693227860312
industrial-plants,plant01,diag,134,gbfs,306,128.596522,111.493000,1.223,subopt,10366.0,0.02951958325294231
industrial-plants,plant01,diag,135,astar,10368,90.384776,90.384800,21.537,ok,10343.0,1.0024170936865513
industrial-plants,plant01,diag,135,rastar,16882,90.384776,90.384800,41.486,ok,10343.0,1.6322150246543556
industrial-plants,plant01,diag,135,mm,23304,90.384776,90.384800,130.676,ok,10343.0,2.253118050855651
industrial-plants,plant01,diag,135,bia,20695,90.384776,90.384800,55.093,ok,10343.0,2.0008701537271585
industrial-plants,plant01,diag,135,bae,23899,90.384776,90.384800,70.435,ok,10343.0,2.310644880595572
industrial-plants,plant01,diag,135,nbs,20688,90.384776,90.384800,51.784,ok,10343.0,2.000193367494924
industrial-plants,plant01,diag,135,gbfs,164,92.677305,90.384800,0.685,subopt,10343.0,0.015856134583776466
industrial-plants,plant01,diag,136,astar,10370,144.818519,144.819000,28.699,ok,10365.0,1.0004823926676314
industrial-plants,plant01,diag,136,rastar,12645,144.818519,144.819000,33.780,ok,10365.0,1.2199710564399422
industrial-plants,plant01,diag,136,mm,15186,144.818519,144.819000,10426.817,ok,10365.0,1.465123010130246
industrial-plants,plant01,diag,136,bia,15642,144.818519,144.819000,44.445,ok,10365.0,1.5091172214182345
industrial-plants,plant01,diag,136,bae,12700,144.818519,144.819000,38.091,ok,10365.0,1.2252773757838882
industrial-plants,plant01,diag,136,nbs,16732,144.818519,144.819000,42.959,ok,10365.0,1.614278822961891
industrial-plants,plant01,diag,136,gbfs,184,155.555427,144.819000,1.422,subopt,10365.0,0.017752050168837432
industrial-plants,plant01,diag,137,astar,10373,154.050372,154.050000,22.689,ok,10289.0,1.0081640587034697
industrial-plants,plant01,diag,137,rastar,21677,154.050372,154.050000,49.567,ok,10289.0,2.1068131013703955
industrial-plants,plant01,diag,137,mm,32119,154.050372,154.050000,275.231,ok,10289.0,3.1216833511517152
industrial-plants,plant01,diag,137,bia,20741,154.050372,154.050000,62.056,ok,10289.0,2.015842161531733
industrial-plants,plant01,diag,137,bae,28253,154.050372,154.050000,92.785,ok,10289.0,2.7459422684420254
industrial-plants,plant01,diag,137,nbs,23210,154.050372,154.050000,57.715,ok,10289.0,2.255807172708718
industrial-plants,plant01,diag,137,gbfs,264,157.653209,154.050000,1.433,subopt,10289.0,0.02565847021090485
industrial-plants,plant01,diag,138,astar,10373,63.012193,63.012200,25.129,ok,10367.0,1.0005787595254172
industrial-plants,plant01,diag,138,rastar,10792,63.012193,63.012200,26.708,ok,10367.0,1.0409954663837175
industrial-plants,plant01,diag,138,mm,18354,63.012193,63.012200,4018.760,ok,10367.0,1.7704253882511816
industrial-plants,plant01,diag,138,bia,18449,63.012193,63.012200,51.724,ok,10367.0,1.7795890807369539
industrial-plants,plant01,diag,138,bae,17834,63.012193,63.012200,56.904,ok,10367.0,1.720266229381692
industrial-plants,plant01,diag,138,nbs,18810,63.012193,63.012200,49.218,ok,10367.0,1.814411112182888
industrial-plants,plant01,diag,138,gbfs,260,72.091519,63.012200,0.889,subopt,10367.0,0.025079579434744863
industrial-plants,plant01,diag,139,astar,10374,68.183766,68.183800,26.590,ok,10365.0,1.0008683068017366
industrial-plants,plant01,diag,139,rastar,12828,68.183766,68.183800,32.849,ok,10365.0,1.2376266280752533
industrial-plants,plant01,diag,139,mm,17415,68.183766,68.183800,4987.917,ok,10365.0,1.6801736613603473
industrial-plants,plant01,diag,139,bia,16581,68.183766,68.183800,51.043,ok,10365.0,1.5997105643994212
industrial-plants,plant01,diag,139,bae,14765,68.183766,68.183800,51.306,ok,10365.0,1.4245055475156778
industrial-plants,plant01,diag,139,nbs,18808,68.183766,68.183800,51.764,ok,10365.0,1.8145682585624698
industrial-plants,plant01,diag,139,gbfs,272,77.706742,68.183800,0.914,subopt,10365.0,0.026242161119150988
industrial-plants,plant01,diag,140,astar,11161,109.651804,109.652000,26.556,ok,11159.0,1.0001792275293484
industrial-plants,plant01,diag,140,rastar,18166,109.651804,109.652000,46.235,ok,11159.0,1.6279236490724975
industrial-plants,plant01,diag,140,mm,22707,109.651804,109.652000,19841.517,ok,11159.0,2.0348597544582847
industrial-plants,plant01,diag,140,bia,22139,109.651804,109.652000,65.946,ok,11159.0,1.9839591361233084
industrial-plants,plant01,diag,140,bae,18522,109.651804,109.652000,63.864,ok,11159.0,1.659826149296532
industrial-plants,plant01,diag,140,nbs,22136,109.651804,109.652000,60.521,ok,11159.0,1.9836902948292858
industrial-plants,plant01,diag,140,gbfs,254,132.556349,109.652000,0.913,subopt,11159.0,0.022761896227260506
industrial-plants,plant01,diag,141,astar,11166,180.869136,180.869000,24.114,ok,11050.0,1.0104977375565611
industrial-plants,plant01,diag,141,rastar,311699,180.869136,180.869000,1252.608,ok,11050.0,28.208054298642534
industrial-plants,plant01,diag,141,mm,202032,180.869136,180.869000,1904.162,ok,11050.0,18.283438914027148
industrial-plants,plant01,diag,141,bia,22267,180.869136,180.869000,67.189,ok,11050.0,2.015113122171946
industrial-plants,plant01,diag,141,bae,166601,180.869136,180.869000,971.101,ok,11050.0,15.077013574660633
industrial-plants,plant01,diag,141,nbs,39276,180.869136,180.869000,103.487,ok,11050.0,3.554389140271493
industrial-plants,plant01,diag,141,gbfs,516,185.404305,180.869000,2.183,subopt,11050.0,0.04669683257918552
industrial-plants,plant01,diag,142,astar,11167,116.545853,116.546000,27.239,ok,11165.0,1.000179131213614
industrial-plants,plant01,diag,142,rastar,30857,116.545853,116.546000,79.576,ok,11165.0,2.763725929243171
industrial-plants,plant01,diag,142,mm,21938,116.545853,116.546000,40587.753,ok,11165.0,1.9648902821316614
industrial-plants,plant01,diag,142,bia,16491,116.545853,116.546000,46.622,ok,11165.0,1.4770264218540081
industrial-plants,plant01,diag,142,bae,1570,116.545853,116.546000,5.632,ok,11165.0,0.1406180026869682
industrial-plants,plant01,diag,142,nbs,15630,116.545853,116.546000,38.322,ok,11165.0,1.399910434393193
industrial-plants,plant01,diag,142,gbfs,170,118.048914,116.546000,1.217,subopt,11165.0,0.01522615315718764
industrial-plants,plant01,diag,143,astar,11167,115.635429,115.635000,27.767,ok,11165.0,1.000179131213614
industrial-plants,plant01,diag,143,rastar,66430,115.635429,115.635000,174.179,ok,11165.0,5.9498432601880875
industrial-plants,plant01,diag,143,mm,0,0,115.635000,60000.000,timeout,11165.0,0.0
industrial-plants,plant01,diag,143,bia,17519,115.635429,115.635000,49.366,ok,11165.0,1.5690998656515898
industrial-plants,plant01,diag,143,bae,13961,115.635429,115.635000,46.891,ok,11165.0,1.250425436632333
industrial-plants,plant01,diag,143,nbs,19196,115.635429,115.635000,50.240,ok,11165.0,1.7193013882669055
industrial-plants,plant01,diag,143,gbfs,240,131.617702,115.635000,1.461,subopt,11165.0,0.021495745633676667
industrial-plants,plant01,diag,144,astar,11168,89.069610,89.069600,23.378,ok,11166.0,1.000179115171055
industrial-plants,plant01,diag,144,rastar,28837,89.069610,89.069600,70.162,ok,11166.0,2.5825720938563497
industrial-plants,plant01,diag,144,mm,27113,89.069610,89.069600,54823.860,ok,11166.0,2.42817481640695
industrial-plants,plant01,diag,144,bia,15821,89.069610,89.069600,41.102,ok,11166.0,1.4168905606304854
industrial-plants,plant01,diag,144,bae,17417,89.069610,89.069600,54.890,ok,11166.0,1.5598244671323662
industrial-plants,plant01,diag,144,nbs,19072,89.069610,89.069600,46.818,ok,11166.0,1.7080422711803689
industrial-plants,plant01,diag,144,gbfs,148,91.362139,89.069600,0.831,subopt,11166.0,0.013254522658069139
industrial-plants,plant01,diag,145,astar,11169,111.105654,111.106000,28.135,ok,5282.0,2.1145399469897765
industrial-plants,plant01,diag,145,rastar,13612,111.105654,111.106000,35.529,ok,5282.0,2.5770541461567587
industrial-plants,plant01,diag,145,mm,12895,111.105654,111.106000,6970.111,ok,5282.0,2.4413101098068912
industrial-plants,plant01,diag,145,bia,19363,111.105654,111.106000,60.766,ok,5282.0,3.6658462703521395
industrial-plants,plant01,diag,145,bae,16003,111.105654,111.106000,50.855,ok,5282.0,3.029723589549413
industrial-plants,plant01,diag,145,nbs,14552,111.105654,111.106000,36.261,ok,5282.0,2.7550170390003785
industrial-plants,plant01,diag,145,gbfs,162,114.459051,111.106000,1.024,subopt,5282.0,0.030670200681560015
industrial-plants,plant01,diag,146,astar,11170,56.798990,56.799000,27.275,ok,11156.0,1.001254930082467
industrial-plants,plant01,diag,146,rastar,11624,56.798990,56.799000,29.968,ok,11156.0,1.0419505198996055
industrial-plants,plant01,diag,146,mm,19069,56.798990,56.799000,4258.909,ok,11156.0,1.7093044101828612
industrial-plants,plant01,diag,146,bia,20091,56.798990,56.799000,59.865,ok,11156.0,1.80091430620294
industrial-plants,plant01,diag,146,bae,17195,56.798990,56.799000,59.143,ok,11156.0,1.541323054858372
industrial-plants,plant01,diag,146,nbs,20150,56.798990,56.799000,56.331,ok,11156.0,1.8062029401219075
industrial-plants,plant01,diag,146,gbfs,952,60.556349,56.799000,2.521,subopt,11156.0,0.0853352456077447
industrial-plants,plant01,diag,147,astar,11170,153.443161,153.443000,28.724,ok,78.0,143.2051282051282
industrial-plants,plant01,diag,147,rastar,22241,153.443161,153.443000,50.821,ok,78.0,285.14102564102564
industrial-plants,plant01,diag,147,mm,13934,153.443161,153.443000,5720.898,ok,78.0,178.64102564102564
industrial-plants,plant01,diag,147,bia,22317,153.443161,153.443000,69.503,ok,78.0,286.11538461538464
industrial-plants,plant01,diag,147,bae,4505,153.443161,153.443000,11.832,ok,78.0,57.756410256410255
industrial-plants,plant01,diag,147,nbs,21596,153.443161,153.443000,47.782,ok,78.0,276.87179487179486
industrial-plants,plant01,diag,147,gbfs,202,155.581897,153.443000,1.485,subopt,78.0,2.58974358974359
industrial-plants,plant01,diag,148,astar,11171,69.019722,69.019700,27.251,ok,11160.0,1.0009856630824372
industrial-plants,plant01,diag,148,rastar,11863,69.019722,69.019700,28.990,ok,11160.0,1.0629928315412187
industrial-plants,plant01,diag,148,mm,18564,69.019722,69.019700,5607.140,ok,11160.0,1.6634408602150537
industrial-plants,plant01,diag,148,bia,19259,69.019722,69.019700,57.571,ok,11160.0,1.7257168458781362
industrial-plants,plant01,diag,148,bae,18920,69.019722,69.019700,65.096,ok,11160.0,1.6953405017921146
industrial-plants,plant01,diag,148,nbs,18886,69.019722,69.019700,53.944,ok,11160.0,1.6922939068100358
industrial-plants,plant01,diag,148,gbfs,110,71.312251,69.019700,0.719,subopt,11160.0,0.00985663082437276
industrial-plants,plant01,diag,149,astar,11172,174.186244,174.186000,28.301,ok,972.0,11.493827160493828
industrial-plants,plant01,diag,149,rastar,65973,174.186244,174.186000,176.675,ok,972.0,67.87345679012346
industrial-plants,plant01,diag,149,mm,0,0,174.186000,60000.000,timeout,972.0,0.0
industrial-plants,plant01,diag,149,bia,22297,174.186244,174.186000,66.110,ok,972.0,22.939300411522634
industrial-plants,plant01,diag,149,bae,28189,174.186244,174.186000,90.172,ok,972.0,29.00102880658436
industrial-plants,plant01,diag,149,nbs,32916,174.186244,174.186000,83.453,ok,972.0,33.864197530864196
industrial-plants,plant01,diag,149,gbfs,264,175.843098,174.186000,1.738,subopt,972.0,0.2716049382716049
industrial-plants,plant01,diag,150,astar,11963,117.269646,117.270000,30.386,ok,11922.0,1.0034390202986077
industrial-plants,plant01,diag,150,rastar,12964,117.269646,117.270000,32.847,ok,11922.0,1.0874014427109546
industrial-plants,plant01,diag,150,mm,24828,117.269646,117.270000,182.137,ok,11922.0,2.082536487166583
industrial-plants,plant01,diag,150,bia,23843,117.269646,117.270000,75.103,ok,11922.0,1.9999161214561316
industrial-plants,plant01,diag,150,bae,18962,117.269646,117.270000,64.666,ok,11922.0,1.5905049488340883
industrial-plants,plant01,diag,150,nbs,24248,117.269646,117.270000,70.023,ok,11922.0,2.0338869317228654
industrial-plants,plant01,diag,150,gbfs,80,119.254589,117.270000,0.648,subopt,11922.0,0.006710283509478276
industrial-plants,plant01,diag,151,astar,11963,120.219758,120.220000,34.997,ok,11883.0,1.006732306656568
industrial-plants,plant01,diag,151,rastar,22004,120.219758,120.220000,63.482,ok,11883.0,1.8517209458890853
industrial-plants,plant01,diag,151,mm,17025,120.219758,120.220000,16073.635,ok,11883.0,1.4327190103509215
industrial-plants,plant01,diag,151,bia,23607,120.219758,120.220000,87.573,ok,11883.0,1.9866195405200706
industrial-plants,plant01,diag,151,bae,27911,120.219758,120.220000,101.293,ok,11883.0,2.3488176386434403
industrial-plants,plant01,diag,151,nbs,25964,120.219758,120.220000,68.959,ok,11883.0,2.1849701253892113
industrial-plants,plant01,diag,151,gbfs,160,123.090545,120.220000,1.311,subopt,11883.0,0.013464613313136413
industrial-plants,plant01,diag,152,astar,11967,172.033128,172.033000,29.264,ok,415.0,28.836144578313252
industrial-plants,plant01,diag,152,rastar,49273,172.033128,172.033000,113.728,ok,415.0,118.73012048192771
industrial-plants,plant01,diag,152,mm,35592,172.033128,172.033000,5060.387,ok,415.0,85.76385542168674
industrial-plants,plant01,diag,152,bia,23777,172.033128,172.033000,77.080,ok,415.0,57.29397590361446
industrial-plants,plant01,diag,152,bae,3537,172.033128,172.033000,10.088,ok,415.0,8.522891566265061
industrial-plants,plant01,diag,152,nbs,36252,172.033128,172.033000,90.647,ok,415.0,87.35421686746987
industrial-plants,plant01,diag,152,gbfs,262,175.482173,172.033000,1.489,subopt,415.0,0.6313253012048192
industrial-plants,plant01,diag,153,astar,11967,101.698485,101.698000,24.394,ok,11919.0,1.0040271834885477
industrial-plants,plant01,diag,153,rastar,43561,101.698485,101.698000,112.822,ok,11919.0,3.6547529155130465
industrial-plants,plant01,diag,153,mm,45629,101.698485,101.698000,43306.015,ok,11919.0,3.828257404144643
industrial-plants,plant01,diag,153,bia,22499,101.698485,101.698000,64.160,ok,11919.0,1.8876583606007216
industrial-plants,plant01,diag,153,bae,36725,101.698485,101.698000,132.542,ok,11919.0,3.081214867019045
industrial-plants,plant01,diag,153,nbs,24108,101.698485,101.698000,61.929,ok,11919.0,2.022652907123081
industrial-plants,plant01,diag,153,gbfs,180,103.991014,101.698000,0.902,subopt,11919.0,0.015101938082053864
industrial-plants,plant01,diag,154,astar,11969,82.657338,82.657300,27.276,ok,11954.0,1.001254810105404
industrial-plants,plant01,diag,154,rastar,22018,82.657338,82.657300,54.714,ok,11954.0,1.84189392671909
industrial-plants,plant01,diag,154,mm,23476,82.657338,82.657300,20513.492,ok,11954.0,1.9638614689643634
industrial-plants,plant01,diag,154,bia,20659,82.657338,82.657300,56.932,ok,11954.0,1.728208131169483
industrial-plants,plant01,diag,154,bae,24363,82.657338,82.657300,76.736,ok,11954.0,2.0380625731972564
industrial-plants,plant01,diag,154,nbs,20472,82.657338,82.657300,52.172,ok,11954.0,1.7125648318554458
industrial-plants,plant01,diag,154,gbfs,162,85.871271,82.657300,0.989,subopt,11954.0,0.013551949138363727
industrial-plants,plant01,diag,155,astar,11971,98.095454,98.095500,28.123,ok,11964.0,1.0005850885991308
industrial-plants,plant01,diag,155,rastar,13739,98.095454,98.095500,34.932,ok,11964.0,1.148361751922434
industrial-plants,plant01,diag,155,mm,18809,98.095454,98.095500,3345.381,ok,11964.0,1.5721330658642594
industrial-plants,plant01,diag,155,bia,20447,98.095454,98.095500,61.799,ok,11964.0,1.7090437980608493
industrial-plants,plant01,diag,155,bae,15539,98.095454,98.095500,52.309,ok,11964.0,1.2988131059846206
industrial-plants,plant01,diag,155,nbs,21816,98.095454,98.095500,58.286,ok,11964.0,1.823470411233701
industrial-plants,plant01,diag,155,gbfs,212,116.455844,98.095500,0.958,subopt,11964.0,0.017719826145101973
industrial-plants,plant01,diag,156,astar,11972,98.069610,98.069600,24.295,ok,11946.0,1.0021764607399966
industrial-plants,plant01,diag,156,rastar,87335,98.069610,98.069600,246.252,ok,11946.0,7.310815335677214
industrial-plants,plant01,diag,156,mm,0,0,98.069600,60000.000,timeout,11946.0,0.0
industrial-plants,plant01,diag,156,bia,23915,98.069610,98.069600,65.006,ok,11946.0,2.0019253306546125
industrial-plants,plant01,diag,156,bae,74800,98.069610,98.069600,329.267,ok,11946.0,6.261510128913444
industrial-plants,plant01,diag,156,nbs,24164,98.069610,98.069600,64.421,ok,11946.0,2.0227691277415034
industrial-plants,plant01,diag,156,gbfs,8508,99.669048,98.069600,23.181,subopt,11946.0,0.7122049221496736
industrial-plants,plant01,diag,157,astar,11972,129.100989,129.101000,28.466,ok,11945.0,1.0022603599832567
industrial-plants,plant01,diag,157,rastar,68064,129.100989,129.101000,189.096,ok,11945.0,5.69811636668062
industrial-plants,plant01,diag,157,mm,0,0,129.101000,60000.000,timeout,11945.0,0.0
industrial-plants,plant01,diag,157,bia,23891,129.100989,129.101000,70.620,ok,11945.0,2.000083717036417
industrial-plants,plant01,diag,157,bae,37224,129.100989,129.101000,127.050,ok,11945.0,3.1162829635830893
industrial-plants,plant01,diag,157,nbs,24688,129.100989,129.101000,64.900,ok,11945.0,2.066806195060695
industrial-plants,plant01,diag,157,gbfs,250,141.283542,129.101000,1.331,subopt,11945.0,0.020929259104227712
industrial-plants,plant01,diag,158,astar,11973,189.750851,189.751000,27.949,ok,11892.0,1.006811301715439
industrial-plants,plant01,diag,158,rastar,48970,189.750851,189.751000,120.059,ok,11892.0,4.1178943827783385
industrial-plants,plant01,diag,158,mm,0,0,189.751000,60000.000,timeout,11892.0,0.0
industrial-plants,plant01,diag,158,bia,23783,189.750851,189.751000,67.551,ok,11892.0,1.999915909855365
industrial-plants,plant01,diag,158,bae,24605,189.750851,189.751000,76.458,ok,11892.0,2.069038008745375
industrial-plants,plant01,diag,158,nbs,28630,189.750851,189.751000,75.406,ok,11892.0,2.4075008409014464
industrial-plants,plant01,diag,158,gbfs,302,190.868407,189.751000,1.645,subopt,11892.0,0.02539522367978473
industrial-plants,plant01,diag,159,astar,11973,93.545905,93.545900,31.148,ok,11965.0,1.000668616798997
industrial-plants,plant01,diag,159,rastar,18254,93.545905,93.545900,48.839,ok,11965.0,1.5256163811115755
industrial-plants,plant01,diag,159,mm,23734,93.545905,93.545900,29795.693,ok,11965.0,1.9836188884245716
industrial-plants,plant01,diag,159,bia,22543,93.545905,93.545900,67.406,ok,11965.0,1.884078562473882
industrial-plants,plant01,diag,159,bae,25151,93.545905,93.545900,84.407,ok,11965.0,2.1020476389469285
industrial-plants,plant01,diag,159,nbs,20656,93.545905,93.545900,57.054,ok,11965.0,1.7263685750104472
industrial-plants,plant01,diag,159,gbfs,130,95.838434,93.545900,0.955,subopt,11965.0,0.010865022983702465
industrial-plants,plant01,diag,160,astar,12755,94.213203,94.213200,27.468,ok,12733.0,1.0017277939213067
industrial-plants,plant01,diag,160,rastar,19636,94.213203,94.213200,50.258,ok,12733.0,1.5421346108536873
industrial-plants,plant01,diag,160,mm,25445,94.213203,94.213200,24939.168,ok,12733.0,1.9983507421660254
industrial-plants,plant01,diag,160,bia,25465,94.213203,94.213200,69.992,ok,12733.0,1.999921463912668
industrial-plants,plant01,diag,160,bae,24606,94.213203,94.213200,77.659,ok,12733.0,1.9324589648943689
industrial-plants,plant01,diag,160,nbs,25464,94.213203,94.213200,63.269,ok,12733.0,1.9998429278253358
industrial-plants,plant01,diag,160,gbfs,186,95.677305,94.213200,0.748,subopt,12733.0,0.014607712243776015
industrial-plants,plant01,diag,161,astar,12755,93.827505,93.827500,27.656,ok,12742.0,1.0010202479987442
industrial-plants,plant01,diag,161,rastar,19871,93.827505,93.827500,47.712,ok,12742.0,1.559488306388322
industrial-plants,plant01,diag,161,mm,27026,93.827505,93.827500,16907.876,ok,12742.0,2.121017108774133
industrial-plants,plant01,diag,161,bia,25459,93.827505,93.827500,70.347,ok,12742.0,1.9980379846177994
industrial-plants,plant01,diag,161,bae,29765,93.827505,93.827500,90.081,ok,12742.0,2.3359755140480303
industrial-plants,plant01,diag,161,nbs,25198,93.827505,93.827500,61.614,ok,12742.0,1.9775545440276252
industrial-plants,plant01,diag,161,gbfs,164,95.798261,93.827500,0.903,subopt,12742.0,0.012870820907235913
industrial-plants,plant01,diag,162,astar,12756,154.465070,154.465000,31.592,ok,12696.0,1.0047258979206048
industrial-plants,plant01,diag,162,rastar,58922,154.465070,154.465000,162.473,ok,12696.0,4.640989287964714
industrial-plants,plant01,diag,162,mm,43972,154.465070,154.465000,437.410,ok,12696.0,3.463453056080655
industrial-plants,plant01,diag,162,bia,25391,154.465070,154.465000,72.352,ok,12696.0,1.9999212350346567
industrial-plants,plant01,diag,162,bae,30871,154.465070,154.465000,95.948,ok,12696.0,2.431553245116572
industrial-plants,plant01,diag,162,nbs,35610,154.465070,154.465000,96.226,ok,12696.0,2.804820415879017
industrial-plants,plant01,diag,162,gbfs,212,156.989311,154.465000,1.580,subopt,12696.0,0.016698172652804034
industrial-plants,plant01,diag,163,astar,12761,135.110995,135.111000,33.597,ok,12737.0,1.0018842741618905
industrial-plants,plant01,diag,163,rastar,31967,135.110995,135.111000,83.075,ok,12737.0,2.509774672214807
industrial-plants,plant01,diag,163,mm,0,0,135.111000,60000.000,timeout,12737.0,0.0
industrial-plants,plant01,diag,163,bia,25473,135.110995,135.111000,100.153,ok,12737.0,1.999921488576588
industrial-plants,plant01,diag,163,bae,17620,135.110995,135.111000,74.352,ok,12737.0,1.3833712805213159
industrial-plants,plant01,diag,163,nbs,25014,135.110995,135.111000,70.802,ok,12737.0,1.963884745230431
industrial-plants,plant01,diag,163,gbfs,200,143.119253,135.111000,1.385,subopt,12737.0,0.015702284682421293
industrial-plants,plant01,diag,164,astar,12761,105.667538,105.668000,34.745,ok,12721.0,1.0031444068862512
industrial-plants,plant01,diag,164,rastar,14953,105.667538,105.668000,39.709,ok,12721.0,1.1754579042528104
industrial-plants,plant01,diag,164,mm,27226,105.667538,105.668000,268.801,ok,12721.0,2.140240547126798
industrial-plants,plant01,diag,164,bia,25443,105.667538,105.668000,98.004,ok,12721.0,2.000078610172156
industrial-plants,plant01,diag,164,bae,21768,105.667538,105.668000,91.620,ok,12721.0,1.7111862274978382
industrial-plants,plant01,diag,164,nbs,25769,105.667538,105.668000,76.894,ok,12721.0,2.0257055262951025
industrial-plants,plant01,diag,164,gbfs,146,108.191779,105.668000,1.182,subopt,12721.0,0.011477085134816446
industrial-plants,plant01,diag,165,astar,12764,145.587535,145.588000,28.926,ok,10756.0,1.1866865005578282
industrial-plants,plant01,diag,165,rastar,44073,145.587535,145.588000,124.583,ok,10756.0,4.097526961695798
industrial-plants,plant01,diag,165,mm,42716,145.587535,145.588000,734.493,ok,10756.0,3.971364819635552
industrial-plants,plant01,diag,165,bia,21581,145.587535,145.588000,62.567,ok,10756.0,2.0064150241725547
industrial-plants,plant01,diag,165,bae,26681,145.587535,145.588000,87.489,ok,10756.0,2.480568984752696
industrial-plants,plant01,diag,165,nbs,25876,145.587535,145.588000,65.448,ok,10756.0,2.4057270360728897
industrial-plants,plant01,diag,165,gbfs,284,165.296465,145.588000,1.555,subopt,10756.0,0.026403867608776495
industrial-plants,plant01,diag,166,astar,12766,176.949867,176.950000,28.616,ok,12665.0,1.0079747335175682
industrial-plants,plant01,diag,166,rastar,37599,176.949867,176.950000,96.278,ok,12665.0,2.968732727990525
industrial-plants,plant01,diag,166,mm,50458,176.949867,176.950000,500.002,ok,12665.0,3.9840505329648637
industrial-plants,plant01,diag,166,bia,25527,176.949867,176.950000,81.552,ok,12665.0,2.015554678247138
industrial-plants,plant01,diag,166,bae,36997,176.949867,176.950000,126.706,ok,12665.0,2.921200157915515
industrial-plants,plant01,diag,166,nbs,30436,176.949867,176.950000,81.395,ok,12665.0,2.4031583103039873
industrial-plants,plant01,diag,166,gbfs,304,180.167199,176.950000,1.584,subopt,12665.0,0.024003158310303987
industrial-plants,plant01,diag,167,astar,12767,100.737928,100.738000,32.197,ok,12756.0,1.0008623392913139
industrial-plants,plant01,diag,167,rastar,30279,100.737928,100.738000,78.479,ok,12756.0,2.3737064910630292
industrial-plants,plant01,diag,167,mm,21502,100.737928,100.738000,33363.835,ok,12756.0,1.6856381310755724
industrial-plants,plant01,diag,167,bia,21827,100.737928,100.738000,64.072,ok,12756.0,1.7111163374098464
industrial-plants,plant01,diag,167,bae,25252,100.737928,100.738000,87.588,ok,12756.0,1.9796174349325808
industrial-plants,plant01,diag,167,nbs,22766,100.737928,100.738000,55.913,ok,12756.0,1.7847287550956412
industrial-plants,plant01,diag,167,gbfs,146,103.424220,100.738000,0.906,subopt,12756.0,0.011445594230166197
industrial-plants,plant01,diag,168,astar,12771,181.361946,181.362000,30.226,ok,12760.0,1.0008620689655172
industrial-plants,plant01,diag,168,rastar,134852,181.361946,181.362000,408.490,ok,12760.0,10.56833855799373
industrial-plants,plant01,diag,168,mm,0,0,181.362000,60000.000,timeout,12760.0,0.0
industrial-plants,plant01,diag,168,bia,25519,181.361946,181.362000,72.981,ok,12760.0,1.999921630094044
industrial-plants,plant01,diag,168,bae,37504,181.361946,181.362000,134.457,ok,12760.0,2.9391849529780565
industrial-plants,plant01,diag,168,nbs,23548,181.361946,181.362000,59.543,ok,12760.0,1.8454545454545455
industrial-plants,plant01,diag,168,gbfs,320,189.509668,181.362000,1.697,subopt,12760.0,0.025078369905956112
industrial-plants,plant01,diag,169,astar,12777,71.065481,71.065500,31.363,ok,12773.0,1.000313160573084
industrial-plants,plant01,diag,169,rastar,16600,71.065481,71.065500,40.470,ok,12773.0,1.2996163782979724
industrial-plants,plant01,diag,169,mm,23864,71.065481,71.065500,10342.230,ok,12773.0,1.8683159790182415
industrial-plants,plant01,diag,169,bia,21863,71.065481,71.065500,65.384,ok,12773.0,1.7116574023330462
industrial-plants,plant01,diag,169,bae,23677,71.065481,71.065500,78.639,ok,12773.0,1.8536757222265716
industrial-plants,plant01,diag,169,nbs,22436,71.065481,71.065500,59.191,ok,12773.0,1.7565176544273076
industrial-plants,plant01,diag,169,gbfs,338,82.187895,71.065500,1.082,subopt,12773.0,0.026462068425585218
industrial-plants,plant01,diag,170,astar,13539,88.065481,88.065500,32.169,ok,13534.0,1.0003694399290675
industrial-plants,plant01,diag,170,rastar,18876,88.065481,88.065500,45.576,ok,13534.0,1.394709620215753
industrial-plants,plant01,diag,170,mm,18926,88.065481,88.065500,23003.723,ok,13534.0,1.3984040195064282
industrial-plants,plant01,diag,170,bia,15719,88.065481,88.065500,45.594,ok,13534.0,1.1614452490025122
industrial-plants,plant01,diag,170,bae,13797,88.065481,88.065500,41.960,ok,13534.0,1.0194325402689524
industrial-plants,plant01,diag,170,nbs,19568,88.065481,88.065500,48.082,ok,13534.0,1.4458401063986996
industrial-plants,plant01,diag,170,gbfs,228,93.571942,88.065500,1.009,subopt,13534.0,0.016846460765479535
industrial-plants,plant01,diag,171,astar,13540,132.698969,132.699000,33.772,ok,13455.0,1.0063173541434411
industrial-plants,plant01,diag,171,rastar,55071,132.698969,132.699000,147.958,ok,13455.0,4.092976588628763
industrial-plants,plant01,diag,171,mm,53350,132.698969,132.699000,556.548,ok,13455.0,3.9650687476774436
industrial-plants,plant01,diag,171,bia,27005,132.698969,132.699000,91.935,ok,13455.0,2.0070605722779638
industrial-plants,plant01,diag,171,bae,60415,132.698969,132.699000,229.878,ok,13455.0,4.490152359717577
industrial-plants,plant01,diag,171,nbs,32028,132.698969,132.699000,88.455,ok,13455.0,2.3803790412486063
industrial-plants,plant01,diag,171,gbfs,238,137.672447,132.699000,1.202,subopt,13455.0,0.01768859160163508
industrial-plants,plant01,diag,172,astar,13542,139.655203,139.655000,32.053,ok,13489.0,1.003929127437171
industrial-plants,plant01,diag,172,rastar,16626,139.655203,139.655000,41.759,ok,13489.0,1.232559863592557
industrial-plants,plant01,diag,172,mm,20304,139.655203,139.655000,8280.863,ok,13489.0,1.505226480836237
industrial-plants,plant01,diag,172,bia,25517,139.655203,139.655000,76.175,ok,13489.0,1.8916895247979835
industrial-plants,plant01,diag,172,bae,19297,139.655203,139.655000,64.652,ok,13489.0,1.4305730595299875
industrial-plants,plant01,diag,172,nbs,20448,139.655203,139.655000,53.519,ok,13489.0,1.5159018459485507
industrial-plants,plant01,diag,172,gbfs,208,141.312058,139.655000,1.022,subopt,13489.0,0.01541997182889762
industrial-plants,plant01,diag,173,astar,13542,172.068688,172.069000,32.607,ok,13445.0,1.0072145779100037
industrial-plants,plant01,diag,173,rastar,15802,172.068688,172.069000,39.872,ok,13445.0,1.1753068055039049
industrial-plants,plant01,diag,173,mm,24893,172.068688,172.069000,204.708,ok,13445.0,1.8514689475641501
industrial-plants,plant01,diag,173,bia,26889,172.068688,172.069000,66.265,ok,13445.0,1.9999256229081444
industrial-plants,plant01,diag,173,bae,27221,172.068688,172.069000,71.671,ok,13445.0,2.0246188174042397
industrial-plants,plant01,diag,173,nbs,24550,172.068688,172.069000,63.771,ok,13445.0,1.8259576050576423
industrial-plants,plant01,diag,173,gbfs,262,174.111047,172.069000,1.592,subopt,13445.0,0.01948679806619561
industrial-plants,plant01,diag,174,astar,13543,121.554646,121.555000,33.001,ok,13527.0,1.001182819546093
industrial-plants,plant01,diag,174,rastar,22111,121.554646,121.555000,55.718,ok,13527.0,1.6345826864788942
industrial-plants,plant01,diag,174,mm,21065,121.554646,121.555000,17733.803,ok,13527.0,1.5572558586530643
industrial-plants,plant01,diag,174,bia,23229,121.554646,121.555000,66.675,ok,13527.0,1.7172322022621425
industrial-plants,plant01,diag,174,bae,18370,121.554646,121.555000,59.483,ok,13527.0,1.3580246913580247
industrial-plants,plant01,diag,174,nbs,22872,121.554646,121.555000,55.176,ok,13527.0,1.6908405411399423
industrial-plants,plant01,diag,174,gbfs,154,123.847175,121.555000,1.137,subopt,13527.0,0.011384638131145116
industrial-plants,plant01,diag,175,astar,13544,131.148013,131.148000,32.664,ok,13469.0,1.0055683421189399
industrial-plants,plant01,diag,175,rastar,44928,131.148013,131.148000,129.748,ok,13469.0,3.3356596629296904
industrial-plants,plant01,diag,175,mm,46204,131.148013,131.148000,30381.778,ok,13469.0,3.4303957235132527
industrial-plants,plant01,diag,175,bia,24459,131.148013,131.148000,75.935,ok,13469.0,1.8159477318286434
industrial-plants,plant01,diag,175,bae,31680,131.148013,131.148000,122.634,ok,13469.0,2.352067711040166
industrial-plants,plant01,diag,175,nbs,25954,131.148013,131.148000,69.686,ok,13469.0,1.92694335139951
industrial-plants,plant01,diag,175,gbfs,240,149.062081,131.148000,1.235,subopt,13469.0,0.01781869478060732
industrial-plants,plant01,diag,176,astar,13544,182.996839,182.997000,35.686,ok,230.0,58.88695652173913
industrial-plants,plant01,diag,176,rastar,63121,182.996839,182.997000,153.820,ok,230.0,274.4391304347826
industrial-plants,plant01,diag,176,mm,41405,182.996839,182.997000,40286.334,ok,230.0,180.02173913043478
industrial-plants,plant01,diag,176,bia,27065,182.996839,182.997000,98.186,ok,230.0,117.67391304347827
industrial-plants,plant01,diag,176,bae,9381,182.996839,182.997000,27.823,ok,230.0,40.78695652173913
industrial-plants,plant01,diag,176,nbs,54146,182.996839,182.997000,149.210,ok,230.0,235.41739130434783
industrial-plants,plant01,diag,176,gbfs,272,186.603805,182.997000,1.729,subopt,230.0,1.182608695652174
industrial-plants,plant01,diag,177,astar,13545,112.215629,112.216000,33.949,ok,13541.0,1.0002953991581125
industrial-plants,plant01,diag,177,rastar,37076,112.215629,112.216000,97.655,ok,13541.0,2.73805479654383
industrial-plants,plant01,diag,177,mm,44865,112.215629,112.216000,41906.878,ok,13541.0,3.3132708071781996
industrial-plants,plant01,diag,177,bia,24659,112.215629,112.216000,84.121,ok,13541.0,1.8210619599734141
industrial-plants,plant01,diag,177,bae,38341,112.215629,112.216000,146.424,ok,13541.0,2.831474780296876
industrial-plants,plant01,diag,177,nbs,25756,112.215629,112.216000,75.815,ok,13541.0,1.9020751790857395
industrial-plants,plant01,diag,177,gbfs,184,122.375009,112.216000,1.188,subopt,13541.0,0.013588361273170372
industrial-plants,plant01,diag,178,astar,13546,149.709949,149.710000,38.410,ok,13199.0,1.0262898704447307
industrial-plants,plant01,diag,178,rastar,20520,149.709949,149.710000,56.078,ok,13199.0,1.5546632320630351
industrial-plants,plant01,diag,178,mm,24553,149.709949,149.710000,244.542,ok,13199.0,1.8602166830820517
industrial-plants,plant01,diag,178,bia,25845,149.709949,149.710000,85.821,ok,13199.0,1.958102886582317
industrial-plants,plant01,diag,178,bae,30077,149.709949,149.710000,113.781,ok,13199.0,2.2787332373664673
industrial-plants,plant01,diag,178,nbs,26696,149.709949,149.710000,74.906,ok,13199.0,2.0225774679899993
industrial-plants,plant01,diag,178,gbfs,242,151.366803,149.710000,1.489,subopt,13199.0,0.018334722327449048
industrial-plants,plant01,diag,179,astar,13549,111.693575,111.694000,34.142,ok,13507.0,1.0031094987784113
industrial-plants,plant01,diag,179,rastar,66415,111.693575,111.694000,186.124,ok,13507.0,4.917080032575702
industrial-plants,plant01,diag,179,mm,66170,111.693575,111.694000,18585.269,ok,13507.0,4.898941289701636
industrial-plants,plant01,diag,179,bia,26767,111.693575,111.694000,82.117,ok,13507.0,1.9817131857555341
industrial-plants,plant01,diag,179,bae,51319,111.693575,111.694000,194.094,ok,13507.0,3.799437328792478
industrial-plants,plant01,diag,179,nbs,27498,111.693575,111.694000,78.593,ok,13507.0,2.035833271636929
industrial-plants,plant01,diag,179,gbfs,172,114.467985,111.694000,1.147,subopt,13507.0,0.012734137854445843
industrial-plants,plant01,diag,180,astar,14319,61.828427,61.828400,35.064,ok,14308.0,1.0007688006709534
industrial-plants,plant01,diag,180,rastar,14639,61.828427,61.828400,35.555,ok,14308.0,1.0231339110986861
industrial-plants,plant01,diag,180,mm,26320,61.828427,61.828400,2687.602,ok,14308.0,1.8395303326810175
industrial-plants,plant01,diag,180,bia,27233,61.828427,61.828400,79.121,ok,14308.0,1.9033407883701425
industrial-plants,plant01,diag,180,bae,25235,61.828427,61.828400,79.753,ok,14308.0,1.7636986301369864
industrial-plants,plant01,diag,180,nbs,27526,61.828427,61.828400,73.136,ok,14308.0,1.9238188426055354
industrial-plants,plant01,diag,180,gbfs,948,62.656854,61.828400,2.540,subopt,14308.0,0.06625663964215824
industrial-plants,plant01,diag,181,astar,14329,144.467792,144.468000,33.612,ok,14281.0,1.0033611091660248
industrial-plants,plant01,diag,181,rastar,171975,144.467792,144.468000,596.019,ok,14281.0,12.042223933898187
industrial-plants,plant01,diag,181,mm,0,0,144.468000,60000.000,timeout,14281.0,0.0
industrial-plants,plant01,diag,181,bia,28631,144.467792,144.468000,87.305,ok,14281.0,2.0048315944261605
industrial-plants,plant01,diag,181,bae,91531,144.467792,144.468000,403.314,ok,14281.0,6.409285064071144
industrial-plants,plant01,diag,181,nbs,33704,144.467792,144.468000,94.129,ok,14281.0,2.3600588194104053
industrial-plants,plant01,diag,181,gbfs,256,160.659332,144.468000,1.533,subopt,14281.0,0.017925915552132205
industrial-plants,plant01,diag,182,astar,14331,63.355339,63.355300,36.180,ok,14317.0,1.0009778584899072
industrial-plants,plant01,diag,182,rastar,17395,63.355339,63.355300,48.273,ok,14317.0,1.214989173709576
industrial-plants,plant01,diag,182,mm,27586,63.355339,63.355300,5657.334,ok,14317.0,1.926800307326954
industrial-plants,plant01,diag,182,bia,26467,63.355339,63.355300,81.391,ok,14317.0,1.8486414751693792
industrial-plants,plant01,diag,182,bae,27389,63.355339,63.355300,94.110,ok,14317.0,1.9130404414332611
industrial-plants,plant01,diag,182,nbs,27366,63.355339,63.355300,75.910,ok,14317.0,1.9114339596284138
industrial-plants,plant01,diag,182,gbfs,442,65.656854,63.355300,1.274,subopt,14317.0,0.030872389467067125
industrial-plants,plant01,diag,183,astar,14338,127.688040,127.688000,33.883,ok,14299.0,1.0027274634589831
industrial-plants,plant01,diag,183,rastar,75725,127.688040,127.688000,215.786,ok,14299.0,5.295824882858941
industrial-plants,plant01,diag,183,mm,0,0,127.688000,60000.000,timeout,14299.0,0.0
industrial-plants,plant01,diag,183,bia,25909,127.688040,127.688000,75.471,ok,14299.0,1.8119448912511364
industrial-plants,plant01,diag,183,bae,51175,127.688040,127.688000,186.860,ok,14299.0,3.5789216029092943
industrial-plants,plant01,diag,183,nbs,31402,127.688040,127.688000,82.917,ok,14299.0,2.1960976292048393
industrial-plants,plant01,diag,183,gbfs,232,139.314921,127.688000,1.178,subopt,14299.0,0.01622491083292538
industrial-plants,plant01,diag,184,astar,14339,105.618431,105.618000,34.963,ok,14334.0,1.0003488209850704
industrial-plants,plant01,diag,184,rastar,26504,105.618431,105.618000,63.210,ok,14334.0,1.8490302776615042
industrial-plants,plant01,nodiag,0,astar,3,2.000000,1.414210,0.044,ok,0.0,
industrial-plants,plant01,nodiag,0,rastar,3,2.000000,1.414210,0.033,ok,0.0,
industrial-plants,plant01,nodiag,0,mm,2,2.000000,1.414210,0.035,ok,0.0,
industrial-plants,plant01,nodiag,0,bia,2,2.000000,1.414210,0.032,ok,0.0,
industrial-plants,plant01,nodiag,0,bae,2,2.000000,1.414210,0.033,ok,0.0,
industrial-plants,plant01,nodiag,0,nbs,2,2.000000,1.414210,0.017,ok,0.0,
industrial-plants,plant01,nodiag,0,gbfs,2,2.000000,1.414210,0.035,subopt,0.0,
industrial-plants,plant01,nodiag,1,astar,3,2.000000,1.414210,0.033,ok,0.0,
industrial-plants,plant01,nodiag,1,rastar,3,2.000000,1.414210,0.033,ok,0.0,
industrial-plants,plant01,nodiag,1,mm,2,2.000000,1.414210,0.034,ok,0.0,
industrial-plants,plant01,nodiag,1,bia,2,2.000000,1.414210,0.032,ok,0.0,
industrial-plants,plant01,nodiag,1,bae,2,2.000000,1.414210,0.033,ok,0.0,
industrial-plants,plant01,nodiag,1,nbs,2,2.000000,1.414210,0.017,ok,0.0,
industrial-plants,plant01,nodiag,1,gbfs,2,2.000000,1.414210,0.034,subopt,0.0,
industrial-plants,plant01,nodiag,2,astar,3,2.000000,2.000000,0.045,ok,0.0,
industrial-plants,plant01,nodiag,2,rastar,3,2.000000,2.000000,0.033,ok,0.0,
industrial-plants,plant01,nodiag,2,mm,2,2.000000,2.000000,0.035,ok,0.0,
industrial-plants,plant01,nodiag,2,bia,2,2.000000,2.000000,0.033,ok,0.0,
industrial-plants,plant01,nodiag,2,bae,2,2.000000,2.000000,0.034,ok,0.0,
industrial-plants,plant01,nodiag,2,nbs,2,2.000000,2.000000,0.018,ok,0.0,
industrial-plants,plant01,nodiag,2,gbfs,2,2.000000,2.000000,0.036,subopt,0.0,
industrial-plants,plant01,nodiag,3,astar,4,3.000000,2.414210,0.035,ok,0.0,
industrial-plants,plant01,nodiag,3,rastar,4,3.000000,2.414210,0.035,ok,0.0,
industrial-plants,plant01,nodiag,3,mm,3,3.000000,2.414210,0.037,ok,0.0,
industrial-plants,plant01,nodiag,3,bia,3,3.000000,2.414210,0.034,ok,0.0,
industrial-plants,plant01,nodiag,3,bae,3,3.000000,2.414210,0.035,ok,0.0,
industrial-plants,plant01,nodiag,3,nbs,3,3.000000,2.414210,0.018,ok,0.0,
industrial-plants,plant01,nodiag,3,gbfs,4,3.000000,2.414210,0.037,subopt,0.0,
industrial-plants,plant01,nodiag,4,astar,4,3.000000,2.414210,0.035,ok,0.0,
industrial-plants,plant01,nodiag,4,rastar,4,3.000000,2.414210,0.035,ok,0.0,
industrial-plants,plant01,nodiag,4,mm,3,3.000000,2.414210,0.037,ok,0.0,
industrial-plants,plant01,nodiag,4,bia,3,3.000000,2.414210,0.034,ok,0.0,
industrial-plants,plant01,nodiag,4,bae,3,3.000000,2.414210,0.035,ok,0.0,
industrial-plants,plant01,nodiag,4,nbs,3,3.000000,2.414210,0.019,ok,0.0,
industrial-plants,plant01,nodiag,4,gbfs,4,3.000000,2.414210,0.037,subopt,0.0,
industrial-plants,plant01,nodiag,5,astar,3,2.000000,2.000000,0.034,ok,0.0,
industrial-plants,plant01,nodiag,5,rastar,3,2.000000,2.000000,0.034,ok,0.0,
industrial-plants,plant01,nodiag,5,mm,2,2.000000,2.000000,0.034,ok,0.0,
industrial-plants,plant01,nodiag,5,bia,2,2.000000,2.000000,0.034,ok,0.0,
industrial-plants,plant01,nodiag,5,bae,2,2.000000,2.000000,0.033,ok,0.0,
industrial-plants,plant01,nodiag,5,nbs,2,2.000000,2.000000,0.017,ok,0.0,
industrial-plants,plant01,nodiag,5,gbfs,2,2.000000,2.000000,0.034,subopt,0.0,
industrial-plants,plant01,nodiag,6,astar,5,4.000000,2.828430,0.037,ok,0.0,
industrial-plants,plant01,nodiag,6,rastar,5,4.000000,2.828430,0.036,ok,0.0,
industrial-plants,plant01,nodiag,6,mm,5,4.000000,2.828430,0.041,ok,0.0,
industrial-plants,plant01,nodiag,6,bia,4,4.000000,2.828430,0.036,ok,0.0,
industrial-plants,plant01,nodiag,6,bae,4,4.000000,2.828430,0.036,ok,0.0,
industrial-plants,plant01,nodiag,6,nbs,4,4.000000,2.828430,0.020,ok,0.0,
industrial-plants,plant01,nodiag,6,gbfs,4,4.000000,2.828430,0.037,subopt,0.0,
industrial-plants,plant01,nodiag,7,astar,3,2.000000,2.000000,0.033,ok,0.0,
industrial-plants,plant01,nodiag,7,rastar,3,2.000000,2.000000,0.033,ok,0.0,
industrial-plants,plant01,nodiag,7,mm,2,2.000000,2.000000,0.034,ok,0.0,
industrial-plants,plant01,nodiag,7,bia,2,2.000000,2.000000,0.030,ok,0.0,
industrial-plants,plant01,nodiag,7,bae,2,2.000000,2.000000,0.033,ok,0.0,
industrial-plants,plant01,nodiag,7,nbs,2,2.000000,2.000000,0.016,ok,0.0,
industrial-plants,plant01,nodiag,7,gbfs,2,2.000000,2.000000,0.033,subopt,0.0,
industrial-plants,plant01,nodiag,8,astar,4,3.000000,2.414210,0.044,ok,0.0,
industrial-plants,plant01,nodiag,8,rastar,4,3.000000,2.414210,0.034,ok,0.0,
industrial-plants,plant01,nodiag,8,mm,3,3.000000,2.414210,0.037,ok,0.0,
industrial-plants,plant01,nodiag,8,bia,3,3.000000,2.414210,0.034,ok,0.0,
industrial-plants,plant01,nodiag,8,bae,3,3.000000,2.414210,0.035,ok,0.0,
industrial-plants,plant01,nodiag,8,nbs,3,3.000000,2.414210,0.019,ok,0.0,
industrial-plants,plant01,nodiag,8,gbfs,4,3.000000,2.414210,0.052,subopt,0.0,
industrial-plants,plant01,nodiag,9,astar,4,3.000000,2.414210,0.034,ok,0.0,
industrial-plants,plant01,nodiag,9,rastar,4,3.000000,2.414210,0.035,ok,0.0,
industrial-plants,plant01,nodiag,9,mm,3,3.000000,2.414210,0.037,ok,0.0,
industrial-plants,plant01,nodiag,9,bia,3,3.000000,2.414210,0.034,ok,0.0,
industrial-plants,plant01,nodiag,9,bae,3,3.000000,2.414210,0.035,ok,0.0,
industrial-plants,plant01,nodiag,9,nbs,3,3.000000,2.414210,0.019,ok,0.0,
industrial-plants,plant01,nodiag,9,gbfs,4,3.000000,2.414210,0.036,subopt,0.0,
industrial-plants,plant01,nodiag,10,astar,165,122.000000,87.157000,0.309,ok,0.0,
industrial-plants,plant01,nodiag,10,rastar,123,122.000000,87.157000,0.255,ok,0.0,
industrial-plants,plant01,nodiag,10,mm,9340,122.000000,87.157000,12.577,ok,0.0,
industrial-plants,plant01,nodiag,10,bia,122,122.000000,87.157000,0.295,ok,0.0,
industrial-plants,plant01,nodiag,10,bae,122,122.000000,87.157000,0.305,ok,0.0,
industrial-plants,plant01,nodiag,10,nbs,22383,122.000000,87.157000,25.851,ok,0.0,
industrial-plants,plant01,nodiag,10,gbfs,122,122.000000,87.157000,0.284,subopt,0.0,
industrial-plants,plant01,nodiag,11,astar,85,84.000000,65.069600,0.186,ok,0.0,
industrial-plants,plant01,nodiag,11,rastar,3325,84.000000,65.069600,2.918,ok,0.0,
industrial-plants,plant01,nodiag,11,mm,3646,84.000000,65.069600,4.454,ok,0.0,
industrial-plants,plant01,nodiag,11,bia,119,84.000000,65.069600,0.267,ok,0.0,
industrial-plants,plant01,nodiag,11,bae,119,84.000000,65.069600,0.281,ok,0.0,
industrial-plants,plant01,nodiag,11,nbs,8263,84.000000,65.069600,8.964,ok,0.0,
industrial-plants,plant01,nodiag,11,gbfs,120,84.000000,65.069600,0.276,subopt,0.0,
industrial-plants,plant01,nodiag,12,astar,861,140.000000,99.714800,0.894,ok,0.0,
industrial-plants,plant01,nodiag,12,rastar,519,140.000000,99.714800,0.726,ok,0.0,
industrial-plants,plant01,nodiag,12,mm,26524,140.000000,99.714800,33.407,ok,0.0,
industrial-plants,plant01,nodiag,12,bia,142,140.000000,99.714800,0.299,ok,0.0,
industrial-plants,plant01,nodiag,12,bae,142,140.000000,99.714800,0.316,ok,0.0,
industrial-plants,plant01,nodiag,12,nbs,60416,140.000000,99.714800,67.725,ok,0.0,
industrial-plants,plant01,nodiag,12,gbfs,142,140.000000,99.714800,0.322,subopt,0.0,
industrial-plants,plant01,nodiag,13,astar,120,119.000000,101.575000,0.258,ok,0.0,
industrial-plants,plant01,nodiag,13,rastar,120,119.000000,101.575000,0.252,ok,0.0,
industrial-plants,plant01,nodiag,13,mm,119,119.000000,101.575000,0.354,ok,0.0,
industrial-plants,plant01,nodiag,13,bia,119,119.000000,101.575000,0.269,ok,0.0,
industrial-plants,plant01,nodiag,13,bae,119,119.000000,101.575000,0.297,ok,0.0,
industrial-plants,plant01,nodiag,13,nbs,6190,119.000000,101.575000,7.229,ok,0.0,
industrial-plants,plant01,nodiag,13,gbfs,120,119.000000,101.575000,0.280,subopt,0.0,
industrial-plants,plant01,nodiag,14,astar,156,145.000000,104.403000,0.302,ok,0.0,
industrial-plants,plant01,nodiag,14,rastar,146,145.000000,104.403000,0.298,ok,0.0,
industrial-plants,plant01,nodiag,14,mm,145,145.000000,104.403000,0.426,ok,0.0,
industrial-plants,plant01,nodiag,14,bia,145,145.000000,104.403000,0.323,ok,0.0,
industrial-plants,plant01,nodiag,14,bae,145,145.000000,104.403000,0.344,ok,0.0,
industrial-plants,plant01,nodiag,14,nbs,30651,145.000000,104.403000,33.895,ok,0.0,
industrial-plants,plant01,nodiag,14,gbfs,146,145.000000,104.403000,0.323,subopt,0.0,
industrial-plants,plant01,nodiag,15,astar,180,161.000000,126.375000,0.326,ok,0.0,
industrial-plants,plant01,nodiag,15,rastar,162,161.000000,126.375000,0.302,ok,0.0,
industrial-plants,plant01,nodiag,15,mm,179,161.000000,126.375000,0.485,ok,0.0,
industrial-plants,plant01,nodiag,15,bia,179,161.000000,126.375000,0.343,ok,0.0,
industrial-plants,plant01,nodiag,15,bae,179,161.000000,126.375000,0.367,ok,0.0,
industrial-plants,plant01,nodiag,15,nbs,53643,161.000000,126.375000,60.909,ok,0.0,
industrial-plants,plant01,nodiag,15,gbfs,168,165.000000,126.375000,0.359,subopt,0.0,
industrial-plants,plant01,nodiag,16,astar,67,66.000000,63.213200,0.167,ok,0.0,
industrial-plants,plant01,nodiag,16,rastar,67,66.000000,63.213200,0.153,ok,0.0,
industrial-plants,plant01,nodiag,16,mm,159,66.000000,63.213200,0.372,ok,0.0,
industrial-plants,plant01,nodiag,16,bia,66,66.000000,63.213200,0.153,ok,0.0,
industrial-plants,plant01,nodiag,16,bae,66,66.000000,63.213200,0.162,ok,0.0,
industrial-plants,plant01,nodiag,16,nbs,246,66.000000,63.213200,0.408,ok,0.0,
industrial-plants,plant01,nodiag,16,gbfs,66,66.000000,63.213200,0.171,subopt,0.0,
industrial-plants,plant01,nodiag,17,astar,865,146.000000,139.757000,0.875,ok,737.0,1.1736770691994574
industrial-plants,plant01,nodiag,17,rastar,2177,146.000000,139.757000,1.964,ok,737.0,2.953867028493894
industrial-plants,plant01,nodiag,17,mm,2186,146.000000,139.757000,2.749,ok,737.0,2.966078697421981
industrial-plants,plant01,nodiag,17,bia,1531,146.000000,139.757000,1.584,ok,737.0,2.0773405698778835
industrial-plants,plant01,nodiag,17,bae,2359,146.000000,139.757000,2.345,ok,737.0,3.2008141112618724
industrial-plants,plant01,nodiag,17,nbs,4114,146.000000,139.757000,4.386,ok,737.0,5.582089552238806
industrial-plants,plant01,nodiag,17,gbfs,202,150.000000,139.757000,0.377,subopt,737.0,0.27408412483039346
industrial-plants,plant01,nodiag,18,astar,85,84.000000,80.485300,0.173,ok,0.0,
industrial-plants,plant01,nodiag,18,rastar,85,84.000000,80.485300,0.172,ok,0.0,
industrial-plants,plant01,nodiag,18,mm,315,84.000000,80.485300,0.574,ok,0.0,
industrial-plants,plant01,nodiag,18,bia,84,84.000000,80.485300,0.198,ok,0.0,
industrial-plants,plant01,nodiag,18,bae,84,84.000000,80.485300,0.183,ok,0.0,
industrial-plants,plant01,nodiag,18,nbs,534,84.000000,80.485300,0.708,ok,0.0,
industrial-plants,plant01,nodiag,18,gbfs,84,84.000000,80.485300,0.185,subopt,0.0,
industrial-plants,plant01,nodiag,19,astar,82,81.000000,69.137300,0.181,ok,0.0,
industrial-plants,plant01,nodiag,19,rastar,82,81.000000,69.137300,0.173,ok,0.0,
industrial-plants,plant01,nodiag,19,mm,81,81.000000,69.137300,0.252,ok,0.0,
industrial-plants,plant01,nodiag,19,bia,81,81.000000,69.137300,0.183,ok,0.0,
industrial-plants,plant01,nodiag,19,bae,81,81.000000,69.137300,0.194,ok,0.0,
industrial-plants,plant01,nodiag,19,nbs,2745,81.000000,69.137300,2.676,ok,0.0,
industrial-plants,plant01,nodiag,19,gbfs,82,81.000000,69.137300,0.195,subopt,0.0,
industrial-plants,plant01,nodiag,20,astar,116,115.000000,95.960800,0.244,ok,0.0,
industrial-plants,plant01,nodiag,20,rastar,298,115.000000,95.960800,0.468,ok,0.0,
industrial-plants,plant01,nodiag,20,mm,1527,115.000000,95.960800,2.450,ok,0.0,
industrial-plants,plant01,nodiag,20,bia,227,115.000000,95.960800,0.413,ok,0.0,
industrial-plants,plant01,nodiag,20,bae,227,115.000000,95.960800,0.446,ok,0.0,
industrial-plants,plant01,nodiag,20,nbs,4345,115.000000,95.960800,5.160,ok,0.0,
industrial-plants,plant01,nodiag,20,gbfs,228,115.000000,95.960800,0.428,subopt,0.0,
industrial-plants,plant01,nodiag,21,astar,1703,171.000000,134.793000,2.324,ok,0.0,
industrial-plants,plant01,nodiag,21,rastar,172,171.000000,134.793000,0.313,ok,0.0,
industrial-plants,plant01,nodiag,21,mm,969,171.000000,134.793000,1.871,ok,0.0,
industrial-plants,plant01,nodiag,21,bia,292,171.000000,134.793000,0.526,ok,0.0,
industrial-plants,plant01,nodiag,21,bae,292,171.000000,134.793000,0.597,ok,0.0,
industrial-plants,plant01,nodiag,21,nbs,43548,171.000000,134.793000,48.652,ok,0.0,
industrial-plants,plant01,nodiag,21,gbfs,292,171.000000,134.793000,0.524,subopt,0.0,
industrial-plants,plant01,nodiag,22,astar,110,109.000000,83.035300,0.224,ok,0.0,
industrial-plants,plant01,nodiag,22,rastar,950,109.000000,83.035300,0.910,ok,0.0,
industrial-plants,plant01,nodiag,22,mm,4184,109.000000,83.035300,5.482,ok,0.0,
industrial-plants,plant01,nodiag,22,bia,125,109.000000,83.035300,0.267,ok,0.0,
industrial-plants,plant01,nodiag,22,bae,125,109.000000,83.035300,0.283,ok,0.0,
industrial-plants,plant01,nodiag,22,nbs,10270,109.000000,83.035300,11.272,ok,0.0,
industrial-plants,plant01,nodiag,22,gbfs,126,109.000000,83.035300,0.279,subopt,0.0,
industrial-plants,plant01,nodiag,23,astar,2632,146.000000,121.308000,2.076,ok,2452.0,1.0734094616639478
industrial-plants,plant01,nodiag,23,rastar,23181,146.000000,121.308000,20.538,ok,2452.0,9.453915171288743
industrial-plants,plant01,nodiag,23,mm,28472,146.000000,121.308000,32.389,ok,2452.0,11.611745513866232
industrial-plants,plant01,nodiag,23,bia,5191,146.000000,121.308000,4.691,ok,2452.0,2.117047308319739
industrial-plants,plant01,nodiag,23,bae,32963,146.000000,121.308000,37.145,ok,2452.0,13.44331158238173
industrial-plants,plant01,nodiag,23,nbs,22068,146.000000,121.308000,22.550,ok,2452.0,9.0
industrial-plants,plant01,nodiag,23,gbfs,1178,160.000000,121.308000,1.339,subopt,2452.0,0.4804241435562806
industrial-plants,plant01,nodiag,24,astar,127,114.000000,91.438600,0.245,ok,0.0,
industrial-plants,plant01,nodiag,24,rastar,115,114.000000,91.438600,0.211,ok,0.0,
industrial-plants,plant01,nodiag,24,mm,3297,114.000000,91.438600,4.079,ok,0.0,
industrial-plants,plant01,nodiag,24,bia,126,114.000000,91.438600,0.253,ok,0.0,
industrial-plants,plant01,nodiag,24,bae,126,114.000000,91.438600,0.285,ok,0.0,
industrial-plants,plant01,nodiag,24,nbs,7334,114.000000,91.438600,7.112,ok,0.0,
industrial-plants,plant01,nodiag,24,gbfs,144,114.000000,91.438600,0.305,subopt,0.0,
industrial-plants,plant01,nodiag,25,astar,4460,175.000000,117.149000,3.838,ok,0.0,
industrial-plants,plant01,nodiag,25,rastar,176,175.000000,117.149000,0.304,ok,0.0,
industrial-plants,plant01,nodiag,25,mm,1435,175.000000,117.149000,1.865,ok,0.0,
industrial-plants,plant01,nodiag,25,bia,228,175.000000,117.149000,0.397,ok,0.0,
industrial-plants,plant01,nodiag,25,bae,228,175.000000,117.149000,0.415,ok,0.0,
industrial-plants,plant01,nodiag,25,nbs,147526,175.000000,117.149000,164.874,ok,0.0,
industrial-plants,plant01,nodiag,25,gbfs,228,175.000000,117.149000,0.413,subopt,0.0,
industrial-plants,plant01,nodiag,26,astar,153,152.000000,102.246000,0.283,ok,0.0,
industrial-plants,plant01,nodiag,26,rastar,309,152.000000,102.246000,0.472,ok,0.0,
industrial-plants,plant01,nodiag,26,mm,50816,152.000000,102.246000,63.389,ok,0.0,
industrial-plants,plant01,nodiag,26,bia,153,152.000000,102.246000,0.317,ok,0.0,
industrial-plants,plant01,nodiag,26,bae,153,152.000000,102.246000,0.318,ok,0.0,
industrial-plants,plant01,nodiag,26,nbs,75720,152.000000,102.246000,86.299,ok,0.0,
industrial-plants,plant01,nodiag,26,gbfs,154,152.000000,102.246000,0.324,subopt,0.0,
industrial-plants,plant01,nodiag,27,astar,1503,85.000000,72.120200,1.327,ok,1442.0,1.0423023578363384
industrial-plants,plant01,nodiag,27,rastar,10425,85.000000,72.120200,8.803,ok,1442.0,7.229542302357836
industrial-plants,plant01,nodiag,27,mm,11525,85.000000,72.120200,12.428,ok,1442.0,7.992371705963939
industrial-plants,plant01,nodiag,27,bia,2949,85.000000,72.120200,2.752,ok,1442.0,2.045076282940361
industrial-plants,plant01,nodiag,27,bae,13451,85.000000,72.120200,13.842,ok,1442.0,9.328016643550624
industrial-plants,plant01,nodiag,27,nbs,7606,85.000000,72.120200,7.445,ok,1442.0,5.274618585298197
industrial-plants,plant01,nodiag,27,gbfs,400,85.000000,72.120200,0.561,subopt,1442.0,0.27739251040221913
industrial-plants,plant01,nodiag,28,astar,98,97.000000,89.970600,0.199,ok,0.0,
industrial-plants,plant01,nodiag,28,rastar,98,97.000000,89.970600,0.194,ok,0.0,
industrial-plants,plant01,nodiag,28,mm,97,97.000000,89.970600,0.270,ok,0.0,
industrial-plants,plant01,nodiag,28,bia,97,97.000000,89.970600,0.201,ok,0.0,
industrial-plants,plant01,nodiag,28,bae,97,97.000000,89.970600,0.221,ok,0.0,
industrial-plants,plant01,nodiag,28,nbs,1821,97.000000,89.970600,2.280,ok,0.0,
industrial-plants,plant01,nodiag,28,gbfs,98,97.000000,89.970600,0.208,subopt,0.0,
industrial-plants,plant01,nodiag,29,astar,240,239.000000,183.773000,0.445,ok,0.0,
industrial-plants,plant01,nodiag,29,rastar,2805,239.000000,183.773000,3.714,ok,0.0,
industrial-plants,plant01,nodiag,29,mm,51788,239.000000,183.773000,68.472,ok,0.0,
industrial-plants,plant01,nodiag,29,bia,345,239.000000,183.773000,0.617,ok,0.0,
industrial-plants,plant01,nodiag,29,bae,345,239.000000,183.773000,0.651,ok,0.0,
industrial-plants,plant01,nodiag,29,nbs,142849,239.000000,183.773000,162.289,ok,0.0,
industrial-plants,plant01,nodiag,29,gbfs,346,239.000000,183.773000,0.653,subopt,0.0,
industrial-plants,plant01,nodiag,30,astar,71,68.000000,49.262400,0.161,ok,0.0,
industrial-plants,plant01,nodiag,30,rastar,69,68.000000,49.262400,0.155,ok,0.0,
industrial-plants,plant01,nodiag,30,mm,2088,68.000000,49.262400,2.579,ok,0.0,
industrial-plants,plant01,nodiag,30,bia,68,68.000000,49.262400,0.174,ok,0.0,
industrial-plants,plant01,nodiag,30,bae,68,68.000000,49.262400,0.170,ok,0.0,
industrial-plants,plant01,nodiag,30,nbs,4980,68.000000,49.262400,4.970,ok,0.0,
industrial-plants,plant01,nodiag,30,gbfs,68,68.000000,49.262400,0.167,subopt,0.0,
industrial-plants,plant01,nodiag,31,astar,80,79.000000,56.747600,0.181,ok,0.0,
industrial-plants,plant01,nodiag,31,rastar,86,79.000000,56.747600,0.180,ok,0.0,
industrial-plants,plant01,nodiag,31,mm,79,79.000000,56.747600,0.249,ok,0.0,
industrial-plants,plant01,nodiag,31,bia,79,79.000000,56.747600,0.178,ok,0.0,
industrial-plants,plant01,nodiag,31,bae,79,79.000000,56.747600,0.190,ok,0.0,
industrial-plants,plant01,nodiag,31,nbs,5192,79.000000,56.747600,5.417,ok,0.0,
industrial-plants,plant01,nodiag,31,gbfs,80,79.000000,56.747600,0.191,subopt,0.0,
industrial-plants,plant01,nodiag,32,astar,98,97.000000,89.919200,0.212,ok,0.0,
industrial-plants,plant01,nodiag,32,rastar,654,97.000000,89.919200,0.751,ok,0.0,
industrial-plants,plant01,nodiag,32,mm,809,97.000000,89.919200,1.265,ok,0.0,
industrial-plants,plant01,nodiag,32,bia,171,97.000000,89.919200,0.322,ok,0.0,
industrial-plants,plant01,nodiag,32,bae,171,97.000000,89.919200,0.343,ok,0.0,
industrial-plants,plant01,nodiag,32,nbs,1575,97.000000,89.919200,1.872,ok,0.0,
industrial-plants,plant01,nodiag,32,gbfs,102,101.000000,89.919200,0.232,subopt,0.0,
industrial-plants,plant01,nodiag,33,astar,370,117.000000,83.640300,0.448,ok,0.0,
industrial-plants,plant01,nodiag,33,rastar,220,117.000000,83.640300,0.375,ok,0.0,
industrial-plants,plant01,nodiag,33,mm,8075,117.000000,83.640300,10.121,ok,0.0,
industrial-plants,plant01,nodiag,33,bia,424,117.000000,83.640300,0.693,ok,0.0,
industrial-plants,plant01,nodiag,33,bae,424,117.000000,83.640300,0.727,ok,0.0,
industrial-plants,plant01,nodiag,33,nbs,32057,117.000000,83.640300,35.509,ok,0.0,
industrial-plants,plant01,nodiag,33,gbfs,334,125.000000,83.640300,0.561,subopt,0.0,
industrial-plants,plant01,nodiag,34,astar,5981,121.000000,91.525500,4.777,ok,5550.0,1.0776576576576578
industrial-plants,plant01,nodiag,34,rastar,36326,121.000000,91.525500,30.864,ok,5550.0,6.545225225225225
industrial-plants,plant01,nodiag,34,mm,35852,121.000000,91.525500,38.429,ok,5550.0,6.45981981981982
industrial-plants,plant01,nodiag,34,bia,11901,121.000000,91.525500,11.475,ok,5550.0,2.1443243243243244
industrial-plants,plant01,nodiag,34,bae,45660,121.000000,91.525500,50.154,ok,5550.0,8.227027027027027
industrial-plants,plant01,nodiag,34,nbs,30472,121.000000,91.525500,31.321,ok,5550.0,5.49045045045045
industrial-plants,plant01,nodiag,34,gbfs,598,123.000000,91.525500,0.789,subopt,5550.0,0.10774774774774774
industrial-plants,plant01,nodiag,35,astar,64,63.000000,51.284300,0.138,ok,0.0,
industrial-plants,plant01,nodiag,35,rastar,64,63.000000,51.284300,0.137,ok,0.0,
industrial-plants,plant01,nodiag,35,mm,63,63.000000,51.284300,0.190,ok,0.0,
industrial-plants,plant01,nodiag,35,bia,63,63.000000,51.284300,0.138,ok,0.0,
industrial-plants,plant01,nodiag,35,bae,63,63.000000,51.284300,0.145,ok,0.0,
industrial-plants,plant01,nodiag,35,nbs,883,63.000000,51.284300,1.115,ok,0.0,
industrial-plants,plant01,nodiag,35,gbfs,64,63.000000,51.284300,0.154,subopt,0.0,
industrial-plants,plant01,nodiag,36,astar,112,111.000000,84.854900,0.221,ok,0.0,
industrial-plants,plant01,nodiag,36,rastar,112,111.000000,84.854900,0.211,ok,0.0,
industrial-plants,plant01,nodiag,36,mm,111,111.000000,84.854900,0.299,ok,0.0,
industrial-plants,plant01,nodiag,36,bia,111,111.000000,84.854900,0.233,ok,0.0,
industrial-plants,plant01,nodiag,36,bae,111,111.000000,84.854900,0.235,ok,0.0,
industrial-plants,plant01,nodiag,36,nbs,20993,111.000000,84.854900,23.187,ok,0.0,
industrial-plants,plant01,nodiag,36,gbfs,112,111.000000,84.854900,0.231,subopt,0.0,
industrial-plants,plant01,nodiag,37,astar,156,155.000000,112.834000,0.306,ok,0.0,
industrial-plants,plant01,nodiag,37,rastar,156,155.000000,112.834000,0.331,ok,0.0,
industrial-plants,plant01,nodiag,37,mm,155,155.000000,112.834000,0.456,ok,0.0,
industrial-plants,plant01,nodiag,37,bia,155,155.000000,112.834000,0.324,ok,0.0,
industrial-plants,plant01,nodiag,37,bae,155,155.000000,112.834000,0.347,ok,0.0,
industrial-plants,plant01,nodiag,37,nbs,99120,155.000000,112.834000,113.249,ok,0.0,
industrial-plants,plant01,nodiag,37,gbfs,156,155.000000,112.834000,0.360,subopt,0.0,
industrial-plants,plant01,nodiag,38,astar,131,130.000000,105.059000,0.269,ok,0.0,
industrial-plants,plant01,nodiag,38,rastar,131,130.000000,105.059000,0.260,ok,0.0,
industrial-plants,plant01,nodiag,38,mm,1648,130.000000,105.059000,2.377,ok,0.0,
industrial-plants,plant01,nodiag,38,bia,130,130.000000,105.059000,0.302,ok,0.0,
industrial-plants,plant01,nodiag,38,bae,130,130.000000,105.059000,0.315,ok,0.0,
industrial-plants,plant01,nodiag,38,nbs,9622,130.000000,105.059000,10.535,ok,0.0,
industrial-plants,plant01,nodiag,38,gbfs,130,130.000000,105.059000,0.295,subopt,0.0,
industrial-plants,plant01,nodiag,39,astar,171,170.000000,120.430000,0.301,ok,0.0,
industrial-plants,plant01,nodiag,39,rastar,318,170.000000,120.430000,0.465,ok,0.0,
industrial-plants,plant01,nodiag,39,mm,27130,170.000000,120.430000,34.767,ok,0.0,
industrial-plants,plant01,nodiag,39,bia,179,170.000000,120.430000,0.331,ok,0.0,
industrial-plants,plant01,nodiag,39,bae,179,170.000000,120.430000,0.353,ok,0.0,
industrial-plants,plant01,nodiag,39,nbs,50846,170.000000,120.430000,54.962,ok,0.0,
industrial-plants,plant01,nodiag,39,gbfs,180,170.000000,120.430000,0.350,subopt,0.0,
industrial-plants,plant01,nodiag,40,astar,77,76.000000,73.656900,0.178,ok,0.0,
industrial-plants,plant01,nodiag,40,rastar,77,76.000000,73.656900,0.164,ok,0.0,
industrial-plants,plant01,nodiag,40,mm,218,76.000000,73.656900,0.421,ok,0.0,
industrial-plants,plant01,nodiag,40,bia,149,76.000000,73.656900,0.284,ok,0.0,
industrial-plants,plant01,nodiag,40,bae,149,76.000000,73.656900,0.304,ok,0.0,
industrial-plants,plant01,nodiag,40,nbs,352,76.000000,73.656900,0.484,ok,0.0,
industrial-plants,plant01,nodiag,40,gbfs,150,76.000000,73.656900,0.303,subopt,0.0,
industrial-plants,plant01,nodiag,41,astar,392,103.000000,79.680000,0.581,ok,0.0,
industrial-plants,plant01,nodiag,41,rastar,104,103.000000,79.680000,0.220,ok,0.0,
industrial-plants,plant01,nodiag,41,mm,390,103.000000,79.680000,0.804,ok,0.0,
industrial-plants,plant01,nodiag,41,bia,180,103.000000,79.680000,0.351,ok,0.0,
industrial-plants,plant01,nodiag,41,bae,180,103.000000,79.680000,0.385,ok,0.0,
industrial-plants,plant01,nodiag,41,nbs,14447,103.000000,79.680000,15.314,ok,0.0,
industrial-plants,plant01,nodiag,41,gbfs,180,103.000000,79.680000,0.356,subopt,0.0,
industrial-plants,plant01,nodiag,42,astar,198,197.000000,147.647000,0.347,ok,0.0,
industrial-plants,plant01,nodiag,42,rastar,198,197.000000,147.647000,0.340,ok,0.0,
industrial-plants,plant01,nodiag,42,mm,197,197.000000,147.647000,0.524,ok,0.0,
industrial-plants,plant01,nodiag,42,bia,197,197.000000,147.647000,0.383,ok,0.0,
industrial-plants,plant01,nodiag,42,bae,197,197.000000,147.647000,0.402,ok,0.0,
industrial-plants,plant01,nodiag,42,nbs,48979,197.000000,147.647000,57.197,ok,0.0,
industrial-plants,plant01,nodiag,42,gbfs,198,197.000000,147.647000,0.384,subopt,0.0,
industrial-plants,plant01,nodiag,43,astar,119,118.000000,87.906800,0.246,ok,0.0,
industrial-plants,plant01,nodiag,43,rastar,119,118.000000,87.906800,0.254,ok,0.0,
industrial-plants,plant01,nodiag,43,mm,7485,118.000000,87.906800,9.439,ok,0.0,
industrial-plants,plant01,nodiag,43,bia,118,118.000000,87.906800,0.251,ok,0.0,
industrial-plants,plant01,nodiag,43,bae,118,118.000000,87.906800,0.265,ok,0.0,
industrial-plants,plant01,nodiag,43,nbs,21380,118.000000,87.906800,22.225,ok,0.0,
industrial-plants,plant01,nodiag,43,gbfs,118,118.000000,87.906800,0.264,subopt,0.0,
industrial-plants,plant01,nodiag,44,astar,148,147.000000,114.219000,0.292,ok,0.0,
industrial-plants,plant01,nodiag,44,rastar,148,147.000000,114.219000,0.280,ok,0.0,
industrial-plants,plant01,nodiag,44,mm,147,147.000000,114.219000,0.410,ok,0.0,
industrial-plants,plant01,nodiag,44,bia,147,147.000000,114.219000,0.439,ok,0.0,
industrial-plants,plant01,nodiag,44,bae,147,147.000000,114.219000,0.332,ok,0.0,
industrial-plants,plant01,nodiag,44,nbs,34846,147.000000,114.219000,42.220,ok,0.0,
industrial-plants,plant01,nodiag,44,gbfs,148,147.000000,114.219000,0.326,subopt,0.0,
industrial-plants,plant01,nodiag,45,astar,356,164.000000,136.980000,0.578,ok,0.0,
industrial-plants,plant01,nodiag,45,rastar,165,164.000000,136.980000,0.303,ok,0.0,
industrial-plants,plant01,nodiag,45,mm,9590,164.000000,136.980000,12.879,ok,0.0,
industrial-plants,plant01,nodiag,45,bia,183,164.000000,136.980000,0.357,ok,0.0,
industrial-plants,plant01,nodiag,45,bae,183,164.000000,136.980000,0.375,ok,0.0,
industrial-plants,plant01,nodiag,45,nbs,38386,164.000000,136.980000,43.842,ok,0.0,
industrial-plants,plant01,nodiag,45,gbfs,230,164.000000,136.980000,0.413,subopt,0.0,
industrial-plants,plant01,nodiag,46,astar,61,60.000000,51.213200,0.127,ok,0.0,
industrial-plants,plant01,nodiag,46,rastar,61,60.000000,51.213200,0.144,ok,0.0,
industrial-plants,plant01,nodiag,46,mm,390,60.000000,51.213200,0.655,ok,0.0,
industrial-plants,plant01,nodiag,46,bia,60,60.000000,51.213200,0.130,ok,0.0,
industrial-plants,plant01,nodiag,46,bae,60,60.000000,51.213200,0.135,ok,0.0,
industrial-plants,plant01,nodiag,46,nbs,692,60.000000,51.213200,0.955,ok,0.0,
industrial-plants,plant01,nodiag,46,gbfs,60,60.000000,51.213200,0.134,subopt,0.0,
industrial-plants,plant01,nodiag,47,astar,187,186.000000,142.951000,0.345,ok,0.0,
industrial-plants,plant01,nodiag,47,rastar,1937,186.000000,142.951000,2.568,ok,0.0,
industrial-plants,plant01,nodiag,47,mm,2316,186.000000,142.951000,4.184,ok,0.0,
industrial-plants,plant01,nodiag,47,bia,303,186.000000,142.951000,0.530,ok,0.0,
industrial-plants,plant01,nodiag,47,bae,303,186.000000,142.951000,0.579,ok,0.0,
industrial-plants,plant01,nodiag,47,nbs,3804,186.000000,142.951000,6.230,ok,0.0,
industrial-plants,plant01,nodiag,47,gbfs,304,186.000000,142.951000,0.526,subopt,0.0,
industrial-plants,plant01,nodiag,48,astar,394,105.000000,86.254800,0.445,ok,150.0,2.6266666666666665
industrial-plants,plant01,nodiag,48,rastar,302,105.000000,86.254800,0.393,ok,150.0,2.013333333333333
industrial-plants,plant01,nodiag,48,mm,1787,105.000000,86.254800,2.586,ok,150.0,11.913333333333334
industrial-plants,plant01,nodiag,48,bia,582,105.000000,86.254800,0.732,ok,150.0,3.88
industrial-plants,plant01,nodiag,48,bae,659,105.000000,86.254800,0.824,ok,150.0,4.3933333333333335
industrial-plants,plant01,nodiag,48,nbs,3028,105.000000,86.254800,3.638,ok,150.0,20.186666666666667
industrial-plants,plant01,nodiag,48,gbfs,208,105.000000,86.254800,0.368,subopt,150.0,1.3866666666666667
industrial-plants,plant01,nodiag,49,astar,86,85.000000,75.627400,0.201,ok,0.0,
industrial-plants,plant01,nodiag,49,rastar,86,85.000000,75.627400,0.192,ok,0.0,
industrial-plants,plant01,nodiag,49,mm,85,85.000000,75.627400,0.250,ok,0.0,
industrial-plants,plant01,nodiag,49,bia,85,85.000000,75.627400,0.200,ok,0.0,
industrial-plants,plant01,nodiag,49,bae,85,85.000000,75.627400,0.215,ok,0.0,
industrial-plants,plant01,nodiag,49,nbs,1701,85.000000,75.627400,2.042,ok,0.0,
industrial-plants,plant01,nodiag,49,gbfs,86,85.000000,75.627400,0.200,subopt,0.0,
industrial-plants,plant01,nodiag,50,astar,116,115.000000,113.919000,0.226,ok,0.0,
industrial-plants,plant01,nodiag,50,rastar,441,115.000000,113.919000,0.651,ok,0.0,
industrial-plants,plant01,nodiag,50,mm,265,115.000000,113.919000,0.563,ok,0.0,
industrial-plants,plant01,nodiag,50,bia,181,115.000000,113.919000,0.339,ok,0.0,
industrial-plants,plant01,nodiag,50,bae,181,115.000000,113.919000,0.360,ok,0.0,
industrial-plants,plant01,nodiag,50,nbs,160,115.000000,113.919000,0.335,ok,0.0,
industrial-plants,plant01,nodiag,50,gbfs,182,115.000000,113.919000,0.350,subopt,0.0,
industrial-plants,plant01,nodiag,51,astar,843,50.000000,48.242600,0.827,ok,800.0,1.05375
industrial-plants,plant01,nodiag,51,rastar,987,50.000000,48.242600,0.923,ok,800.0,1.23375
industrial-plants,plant01,nodiag,51,mm,2063,50.000000,48.242600,2.197,ok,800.0,2.57875
industrial-plants,plant01,nodiag,51,bia,1667,50.000000,48.242600,1.552,ok,800.0,2.08375
industrial-plants,plant01,nodiag,51,bae,1667,50.000000,48.242600,1.699,ok,800.0,2.08375
industrial-plants,plant01,nodiag,51,nbs,2213,50.000000,48.242600,2.205,ok,800.0,2.76625
industrial-plants,plant01,nodiag,51,gbfs,874,60.000000,48.242600,1.001,subopt,800.0,1.0925
industrial-plants,plant01,nodiag,52,astar,5018,106.000000,87.069600,4.101,ok,4878.0,1.02870028700287
industrial-plants,plant01,nodiag,52,rastar,17185,106.000000,87.069600,14.993,ok,4878.0,3.522960229602296
industrial-plants,plant01,nodiag,52,mm,21432,106.000000,87.069600,22.176,ok,4878.0,4.39360393603936
industrial-plants,plant01,nodiag,52,bia,9941,106.000000,87.069600,9.089,ok,4878.0,2.0379253792537924
industrial-plants,plant01,nodiag,52,bae,21944,106.000000,87.069600,22.499,ok,4878.0,4.498564985649857
industrial-plants,plant01,nodiag,52,nbs,15914,106.000000,87.069600,16.076,ok,4878.0,3.2624026240262403
industrial-plants,plant01,nodiag,52,gbfs,2636,106.000000,87.069600,2.457,subopt,4878.0,0.5403854038540385
industrial-plants,plant01,nodiag,53,astar,94,93.000000,70.740100,0.203,ok,0.0,
industrial-plants,plant01,nodiag,53,rastar,94,93.000000,70.740100,0.188,ok,0.0,
industrial-plants,plant01,nodiag,53,mm,93,93.000000,70.740100,0.265,ok,0.0,
industrial-plants,plant01,nodiag,53,bia,93,93.000000,70.740100,0.209,ok,0.0,
industrial-plants,plant01,nodiag,53,bae,93,93.000000,70.740100,0.209,ok,0.0,
industrial-plants,plant01,nodiag,53,nbs,2107,93.000000,70.740100,2.575,ok,0.0,
industrial-plants,plant01,nodiag,53,gbfs,94,93.000000,70.740100,0.207,subopt,0.0,
industrial-plants,plant01,nodiag,54,astar,188,61.000000,59.242600,0.317,ok,136.0,1.3823529411764706
industrial-plants,plant01,nodiag,54,rastar,1365,61.000000,59.242600,1.251,ok,136.0,10.036764705882353
industrial-plants,plant01,nodiag,54,mm,1156,61.000000,59.242600,1.519,ok,136.0,8.5
industrial-plants,plant01,nodiag,54,bia,371,61.000000,59.242600,0.549,ok,136.0,2.7279411764705883
industrial-plants,plant01,nodiag,54,bae,607,61.000000,59.242600,0.799,ok,136.0,4.463235294117647
industrial-plants,plant01,nodiag,54,nbs,1082,61.000000,59.242600,1.299,ok,136.0,7.955882352941177
industrial-plants,plant01,nodiag,54,gbfs,166,61.000000,59.242600,0.325,subopt,136.0,1.2205882352941178
industrial-plants,plant01,nodiag,55,astar,3841,99.000000,76.539100,2.932,ok,3284.0,1.1696102314250914
industrial-plants,plant01,nodiag,55,rastar,3321,99.000000,76.539100,2.696,ok,3284.0,1.0112667478684532
industrial-plants,plant01,nodiag,55,mm,5263,99.000000,76.539100,5.221,ok,3284.0,1.6026187576126676
industrial-plants,plant01,nodiag,55,bia,6632,99.000000,76.539100,5.588,ok,3284.0,2.0194884287454324
industrial-plants,plant01,nodiag,55,bae,6640,99.000000,76.539100,6.049,ok,3284.0,2.0219244823386116
industrial-plants,plant01,nodiag,55,nbs,6471,99.000000,76.539100,6.699,ok,3284.0,1.970462850182704
industrial-plants,plant01,nodiag,55,gbfs,270,99.000000,76.539100,0.416,subopt,3284.0,0.08221680876979294
industrial-plants,plant01,nodiag,56,astar,287,214.000000,142.668000,0.509,ok,0.0,
industrial-plants,plant01,nodiag,56,rastar,215,214.000000,142.668000,0.381,ok,0.0,
industrial-plants,plant01,nodiag,56,mm,45669,214.000000,142.668000,60.722,ok,0.0,
industrial-plants,plant01,nodiag,56,bia,214,214.000000,142.668000,0.422,ok,0.0,
industrial-plants,plant01,nodiag,56,bae,214,214.000000,142.668000,0.444,ok,0.0,
industrial-plants,plant01,nodiag,56,nbs,183540,214.000000,142.668000,223.764,ok,0.0,
industrial-plants,plant01,nodiag,56,gbfs,214,214.000000,142.668000,0.443,subopt,0.0,
industrial-plants,plant01,nodiag,57,astar,90,89.000000,73.087400,0.204,ok,0.0,
industrial-plants,plant01,nodiag,57,rastar,270,89.000000,73.087400,0.358,ok,0.0,
industrial-plants,plant01,nodiag,57,mm,844,89.000000,73.087400,1.453,ok,0.0,
industrial-plants,plant01,nodiag,57,bia,99,89.000000,73.087400,0.220,ok,0.0,
industrial-plants,plant01,nodiag,57,bae,99,89.000000,73.087400,0.245,ok,0.0,
industrial-plants,plant01,nodiag,57,nbs,1732,89.000000,73.087400,2.222,ok,0.0,
industrial-plants,plant01,nodiag,57,gbfs,100,89.000000,73.087400,0.227,subopt,0.0,
industrial-plants,plant01,nodiag,58,astar,167,121.000000,90.938900,0.302,ok,0.0,
industrial-plants,plant01,nodiag,58,rastar,2186,121.000000,90.938900,2.044,ok,0.0,
industrial-plants,plant01,nodiag,58,mm,6480,121.000000,90.938900,8.855,ok,0.0,
industrial-plants,plant01,nodiag,58,bia,151,121.000000,90.938900,0.313,ok,0.0,
industrial-plants,plant01,nodiag,58,bae,151,121.000000,90.938900,0.321,ok,0.0,
industrial-plants,plant01,nodiag,58,nbs,10766,121.000000,90.938900,11.803,ok,0.0,
industrial-plants,plant01,nodiag,58,gbfs,152,121.000000,90.938900,0.313,subopt,0.0,
industrial-plants,plant01,nodiag,59,astar,122,121.000000,93.186400,0.219,ok,0.0,
industrial-plants,plant01,nodiag,59,rastar,122,121.000000,93.186400,0.228,ok,0.0,
industrial-plants,plant01,nodiag,59,mm,1266,121.000000,93.186400,1.847,ok,0.0,
industrial-plants,plant01,nodiag,59,bia,227,121.000000,93.186400,0.377,ok,0.0,
industrial-plants,plant01,nodiag,59,bae,227,121.000000,93.186400,0.402,ok,0.0,
industrial-plants,plant01,nodiag,59,nbs,16915,121.000000,93.186400,17.293,ok,0.0,
industrial-plants,plant01,nodiag,59,gbfs,228,121.000000,93.186400,0.401,subopt,0.0,
industrial-plants,plant01,nodiag,60,astar,690,152.000000,101.964000,0.817,ok,0.0,
industrial-plants,plant01,nodiag,60,rastar,153,152.000000,101.964000,0.312,ok,0.0,
industrial-plants,plant01,nodiag,60,mm,30181,152.000000,101.964000,39.491,ok,0.0,
industrial-plants,plant01,nodiag,60,bia,218,152.000000,101.964000,0.399,ok,0.0,
industrial-plants,plant01,nodiag,60,bae,218,152.000000,101.964000,0.429,ok,0.0,
industrial-plants,plant01,nodiag,60,nbs,79551,152.000000,101.964000,90.985,ok,0.0,
industrial-plants,plant01,nodiag,60,gbfs,218,152.000000,101.964000,0.415,subopt,0.0,
industrial-plants,plant01,nodiag,61,astar,150,149.000000,113.359000,0.296,ok,0.0,
industrial-plants,plant01,nodiag,61,rastar,150,149.000000,113.359000,0.290,ok,0.0,
industrial-plants,plant01,nodiag,61,mm,149,149.000000,113.359000,0.428,ok,0.0,
industrial-plants,plant01,nodiag,61,bia,149,149.000000,113.359000,0.318,ok,0.0,
industrial-plants,plant01,nodiag,61,bae,149,149.000000,113.359000,0.328,ok,0.0,
industrial-plants,plant01,nodiag,61,nbs,5565,149.000000,113.359000,6.572,ok,0.0,
industrial-plants,plant01,nodiag,61,gbfs,150,149.000000,113.359000,0.319,subopt,0.0,
industrial-plants,plant01,nodiag,62,astar,390,92.000000,76.673200,0.577,ok,0.0,
industrial-plants,plant01,nodiag,62,rastar,93,92.000000,76.673200,0.213,ok,0.0,
industrial-plants,plant01,nodiag,62,mm,1138,92.000000,76.673200,1.838,ok,0.0,
industrial-plants,plant01,nodiag,62,bia,172,92.000000,76.673200,0.349,ok,0.0,
industrial-plants,plant01,nodiag,62,bae,172,92.000000,76.673200,0.370,ok,0.0,
industrial-plants,plant01,nodiag,62,nbs,2497,92.000000,76.673200,3.219,ok,0.0,
industrial-plants,plant01,nodiag,62,gbfs,172,92.000000,76.673200,0.363,subopt,0.0,
industrial-plants,plant01,nodiag,63,astar,963,54.000000,49.899500,0.875,ok,920.0,1.0467391304347826
industrial-plants,plant01,nodiag,63,rastar,1163,54.000000,49.899500,1.006,ok,920.0,1.2641304347826088
industrial-plants,plant01,nodiag,63,mm,2443,54.000000,49.899500,2.526,ok,920.0,2.6554347826086957
industrial-plants,plant01,nodiag,63,bia,1913,54.000000,49.899500,1.729,ok,920.0,2.0793478260869565
industrial-plants,plant01,nodiag,63,bae,1913,54.000000,49.899500,1.910,ok,920.0,2.0793478260869565
industrial-plants,plant01,nodiag,63,nbs,2665,54.000000,49.899500,2.645,ok,920.0,2.8967391304347827
industrial-plants,plant01,nodiag,63,gbfs,324,54.000000,49.899500,0.567,subopt,920.0,0.3521739130434783
industrial-plants,plant01,nodiag,64,astar,291,290.000000,210.750000,0.528,ok,0.0,
industrial-plants,plant01,nodiag,64,rastar,4149,290.000000,210.750000,5.474,ok,0.0,
industrial-plants,plant01,nodiag,64,mm,221296,290.000000,210.750000,303.885,ok,0.0,
industrial-plants,plant01,nodiag,64,bia,377,290.000000,210.750000,0.706,ok,0.0,
industrial-plants,plant01,nodiag,64,bae,377,290.000000,210.750000,0.721,ok,0.0,
industrial-plants,plant01,nodiag,64,nbs,494771,290.000000,210.750000,634.134,ok,0.0,
industrial-plants,plant01,nodiag,64,gbfs,378,290.000000,210.750000,0.729,subopt,0.0,
industrial-plants,plant01,nodiag,65,astar,161,160.000000,121.108000,0.308,ok,0.0,
industrial-plants,plant01,nodiag,65,rastar,161,160.000000,121.108000,0.315,ok,0.0,
industrial-plants,plant01,nodiag,65,mm,8345,160.000000,121.108000,11.330,ok,0.0,
industrial-plants,plant01,nodiag,65,bia,160,160.000000,121.108000,0.325,ok,0.0,
industrial-plants,plant01,nodiag,65,bae,160,160.000000,121.108000,0.344,ok,0.0,
industrial-plants,plant01,nodiag,65,nbs,18902,160.000000,121.108000,21.823,ok,0.0,
industrial-plants,plant01,nodiag,65,gbfs,160,160.000000,121.108000,0.349,subopt,0.0,
industrial-plants,plant01,nodiag,66,astar,157,156.000000,115.411000,0.314,ok,0.0,
industrial-plants,plant01,nodiag,66,rastar,15259,156.000000,115.411000,13.278,ok,0.0,
industrial-plants,plant01,nodiag,66,mm,37857,156.000000,115.411000,46.592,ok,0.0,
industrial-plants,plant01,nodiag,66,bia,279,156.000000,115.411000,0.541,ok,0.0,
industrial-plants,plant01,nodiag,66,bae,279,156.000000,115.411000,0.565,ok,0.0,
industrial-plants,plant01,nodiag,66,nbs,69565,156.000000,115.411000,76.260,ok,0.0,
industrial-plants,plant01,nodiag,66,gbfs,280,156.000000,115.411000,0.511,subopt,0.0,
industrial-plants,plant01,nodiag,67,astar,107,103.000000,95.970600,0.227,ok,0.0,
industrial-plants,plant01,nodiag,67,rastar,104,103.000000,95.970600,0.196,ok,0.0,
industrial-plants,plant01,nodiag,67,mm,106,103.000000,95.970600,0.306,ok,0.0,
industrial-plants,plant01,nodiag,67,bia,106,103.000000,95.970600,0.223,ok,0.0,
industrial-plants,plant01,nodiag,67,bae,106,103.000000,95.970600,0.243,ok,0.0,
industrial-plants,plant01,nodiag,67,nbs,1415,103.000000,95.970600,1.754,ok,0.0,
industrial-plants,plant01,nodiag,67,gbfs,120,103.000000,95.970600,0.246,subopt,0.0,
industrial-plants,plant01,nodiag,68,astar,199,198.000000,149.914000,0.367,ok,0.0,
industrial-plants,plant01,nodiag,68,rastar,199,198.000000,149.914000,0.392,ok,0.0,
industrial-plants,plant01,nodiag,68,mm,58363,198.000000,149.914000,72.954,ok,0.0,
industrial-plants,plant01,nodiag,68,bia,320,198.000000,149.914000,0.614,ok,0.0,
industrial-plants,plant01,nodiag,68,bae,320,198.000000,149.914000,0.647,ok,0.0,
industrial-plants,plant01,nodiag,68,nbs,115682,198.000000,149.914000,131.561,ok,0.0,
industrial-plants,plant01,nodiag,68,gbfs,320,198.000000,149.914000,0.667,subopt,0.0,
industrial-plants,plant01,nodiag,69,astar,2591,129.000000,120.317000,2.088,ok,2488.0,1.0413987138263665
industrial-plants,plant01,nodiag,69,rastar,34090,129.000000,120.317000,30.994,ok,2488.0,13.70176848874598
industrial-plants,plant01,nodiag,69,mm,28138,129.000000,120.317000,30.622,ok,2488.0,11.309485530546624
industrial-plants,plant01,nodiag,69,bia,5043,129.000000,120.317000,4.598,ok,2488.0,2.026929260450161
industrial-plants,plant01,nodiag,69,bae,29388,129.000000,120.317000,34.176,ok,2488.0,11.811897106109324
industrial-plants,plant01,nodiag,69,nbs,12262,129.000000,120.317000,11.837,ok,2488.0,4.928456591639871
industrial-plants,plant01,nodiag,69,gbfs,1258,129.000000,120.317000,1.332,subopt,2488.0,0.5056270096463023
industrial-plants,plant01,nodiag,70,astar,184,73.000000,56.605500,0.306,ok,0.0,
industrial-plants,plant01,nodiag,70,rastar,74,73.000000,56.605500,0.171,ok,0.0,
industrial-plants,plant01,nodiag,70,mm,243,73.000000,56.605500,0.490,ok,0.0,
industrial-plants,plant01,nodiag,70,bia,102,73.000000,56.605500,0.221,ok,0.0,
industrial-plants,plant01,nodiag,70,bae,102,73.000000,56.605500,0.248,ok,0.0,
industrial-plants,plant01,nodiag,70,nbs,4438,73.000000,56.605500,4.550,ok,0.0,
industrial-plants,plant01,nodiag,70,gbfs,102,73.000000,56.605500,0.231,subopt,0.0,
industrial-plants,plant01,nodiag,71,astar,25078,196.000000,154.728000,21.866,ok,24972.0,1.0042447541246196
industrial-plants,plant01,nodiag,71,rastar,68332,196.000000,154.728000,60.847,ok,24972.0,2.7363447060707995
industrial-plants,plant01,nodiag,71,mm,84089,196.000000,154.728000,111.078,ok,24972.0,3.367331411180522
industrial-plants,plant01,nodiag,71,bia,50001,196.000000,154.728000,52.052,ok,24972.0,2.0022825564632387
industrial-plants,plant01,nodiag,71,bae,56987,196.000000,154.728000,62.363,ok,24972.0,2.2820358801858083
industrial-plants,plant01,nodiag,71,nbs,64176,196.000000,154.728000,68.986,ok,24972.0,2.5699183085055264
industrial-plants,plant01,nodiag,71,gbfs,246,196.000000,154.728000,0.484,subopt,24972.0,0.009851033157135992
industrial-plants,plant01,nodiag,72,astar,142,141.000000,96.880800,0.286,ok,0.0,
industrial-plants,plant01,nodiag,72,rastar,574,141.000000,96.880800,0.761,ok,0.0,
industrial-plants,plant01,nodiag,72,mm,141,141.000000,96.880800,0.393,ok,0.0,
industrial-plants,plant01,nodiag,72,bia,141,141.000000,96.880800,0.283,ok,0.0,
industrial-plants,plant01,nodiag,72,bae,141,141.000000,96.880800,0.301,ok,0.0,
industrial-plants,plant01,nodiag,72,nbs,29221,141.000000,96.880800,31.653,ok,0.0,
industrial-plants,plant01,nodiag,72,gbfs,142,141.000000,96.880800,0.295,subopt,0.0,
industrial-plants,plant01,nodiag,73,astar,90,89.000000,77.429800,0.202,ok,0.0,
industrial-plants,plant01,nodiag,73,rastar,360,89.000000,77.429800,0.542,ok,0.0,
industrial-plants,plant01,nodiag,73,mm,904,89.000000,77.429800,1.485,ok,0.0,
industrial-plants,plant01,nodiag,73,bia,175,89.000000,77.429800,0.357,ok,0.0,
industrial-plants,plant01,nodiag,73,bae,175,89.000000,77.429800,0.381,ok,0.0,
industrial-plants,plant01,nodiag,73,nbs,2487,89.000000,77.429800,2.868,ok,0.0,
industrial-plants,plant01,nodiag,73,gbfs,176,89.000000,77.429800,0.354,subopt,0.0,
industrial-plants,plant01,nodiag,74,astar,2124,128.000000,116.092000,1.982,ok,964.0,2.203319502074689
industrial-plants,plant01,nodiag,74,rastar,13343,128.000000,116.092000,11.692,ok,964.0,13.841286307053942
industrial-plants,plant01,nodiag,74,mm,15595,128.000000,116.092000,19.430,ok,964.0,16.17738589211618
industrial-plants,plant01,nodiag,74,bia,4225,128.000000,116.092000,4.458,ok,964.0,4.382780082987552
industrial-plants,plant01,nodiag,74,bae,6735,128.000000,116.092000,6.982,ok,964.0,6.986514522821577
industrial-plants,plant01,nodiag,74,nbs,7226,128.000000,116.092000,7.406,ok,964.0,7.495850622406639
industrial-plants,plant01,nodiag,74,gbfs,510,142.000000,116.092000,0.736,subopt,964.0,0.529045643153527
industrial-plants,plant01,nodiag,75,astar,1772,66.000000,53.698500,1.525,ok,1712.0,1.0350467289719627
industrial-plants,plant01,nodiag,75,rastar,1845,66.000000,53.698500,1.560,ok,1712.0,1.0776869158878504
industrial-plants,plant01,nodiag,75,mm,4282,66.000000,53.698500,4.402,ok,1712.0,2.5011682242990654
industrial-plants,plant01,nodiag,75,bia,3529,66.000000,53.698500,3.109,ok,1712.0,2.0613317757009346
industrial-plants,plant01,nodiag,75,bae,3527,66.000000,53.698500,3.364,ok,1712.0,2.0601635514018692
industrial-plants,plant01,nodiag,75,nbs,4987,66.000000,53.698500,5.063,ok,1712.0,2.912967289719626
industrial-plants,plant01,nodiag,75,gbfs,446,66.000000,53.698500,0.632,subopt,1712.0,0.2605140186915888
industrial-plants,plant01,nodiag,76,astar,164,163.000000,122.418000,0.317,ok,0.0,
industrial-plants,plant01,nodiag,76,rastar,164,163.000000,122.418000,0.302,ok,0.0,
industrial-plants,plant01,nodiag,76,mm,163,163.000000,122.418000,0.431,ok,0.0,
industrial-plants,plant01,nodiag,76,bia,163,163.000000,122.418000,0.313,ok,0.0,
industrial-plants,plant01,nodiag,76,bae,163,163.000000,122.418000,0.331,ok,0.0,
industrial-plants,plant01,nodiag,76,nbs,90365,163.000000,122.418000,100.889,ok,0.0,
industrial-plants,plant01,nodiag,76,gbfs,164,163.000000,122.418000,0.336,subopt,0.0,
industrial-plants,plant01,nodiag,77,astar,2069,95.000000,81.727200,1.748,ok,2004.0,1.032435129740519
industrial-plants,plant01,nodiag,77,rastar,17759,95.000000,81.727200,15.962,ok,2004.0,8.861776447105788
industrial-plants,plant01,nodiag,77,mm,18001,95.000000,81.727200,21.361,ok,2004.0,8.982534930139721
industrial-plants,plant01,nodiag,77,bia,4133,95.000000,81.727200,3.998,ok,2004.0,2.062375249500998
industrial-plants,plant01,nodiag,77,bae,17371,95.000000,81.727200,18.624,ok,2004.0,8.668163672654691
industrial-plants,plant01,nodiag,77,nbs,8648,95.000000,81.727200,9.038,ok,2004.0,4.315369261477046
industrial-plants,plant01,nodiag,77,gbfs,310,95.000000,81.727200,0.500,subopt,2004.0,0.15469061876247506
industrial-plants,plant01,nodiag,78,astar,200,199.000000,160.484000,0.337,ok,0.0,
industrial-plants,plant01,nodiag,78,rastar,299,199.000000,160.484000,0.480,ok,0.0,
industrial-plants,plant01,nodiag,78,mm,298,199.000000,160.484000,0.657,ok,0.0,
industrial-plants,plant01,nodiag,78,bia,235,199.000000,160.484000,0.388,ok,0.0,
industrial-plants,plant01,nodiag,78,bae,235,199.000000,160.484000,0.421,ok,0.0,
industrial-plants,plant01,nodiag,78,nbs,31442,199.000000,160.484000,35.675,ok,0.0,
industrial-plants,plant01,nodiag,78,gbfs,270,199.000000,160.484000,0.468,subopt,0.0,
industrial-plants,plant01,nodiag,79,astar,367,86.000000,63.369700,0.446,ok,0.0,
industrial-plants,plant01,nodiag,79,rastar,87,86.000000,63.369700,0.189,ok,0.0,
industrial-plants,plant01,nodiag,79,mm,4205,86.000000,63.369700,5.616,ok,0.0,
industrial-plants,plant01,nodiag,79,bia,144,86.000000,63.369700,0.283,ok,0.0,
industrial-plants,plant01,nodiag,79,bae,144,86.000000,63.369700,0.301,ok,0.0,
industrial-plants,plant01,nodiag,79,nbs,10397,86.000000,63.369700,10.990,ok,0.0,
industrial-plants,plant01,nodiag,79,gbfs,144,86.000000,63.369700,0.285,subopt,0.0,
industrial-plants,plant01,nodiag,80,astar,227,170.000000,125.903000,0.355,ok,0.0,
industrial-plants,plant01,nodiag,80,rastar,213,170.000000,125.903000,0.355,ok,0.0,
industrial-plants,plant01,nodiag,80,mm,41161,170.000000,125.903000,54.946,ok,0.0,
industrial-plants,plant01,nodiag,80,bia,347,170.000000,125.903000,0.596,ok,0.0,
industrial-plants,plant01,nodiag,80,bae,347,170.000000,125.903000,0.628,ok,0.0,
industrial-plants,plant01,nodiag,80,nbs,83701,170.000000,125.903000,96.733,ok,0.0,
industrial-plants,plant01,nodiag,80,gbfs,366,180.000000,125.903000,0.634,subopt,0.0,
industrial-plants,plant01,nodiag,81,astar,2104,69.000000,55.526900,1.734,ok,2060.0,1.021359223300971
industrial-plants,plant01,nodiag,81,rastar,2268,69.000000,55.526900,1.819,ok,2060.0,1.1009708737864077
industrial-plants,plant01,nodiag,81,mm,4899,69.000000,55.526900,4.965,ok,2060.0,2.3781553398058253
industrial-plants,plant01,nodiag,81,bia,4195,69.000000,55.526900,3.682,ok,2060.0,2.0364077669902914
industrial-plants,plant01,nodiag,81,bae,4201,69.000000,55.526900,3.981,ok,2060.0,2.0393203883495143
industrial-plants,plant01,nodiag,81,nbs,5695,69.000000,55.526900,5.790,ok,2060.0,2.7645631067961167
industrial-plants,plant01,nodiag,81,gbfs,350,69.000000,55.526900,0.524,subopt,2060.0,0.16990291262135923
industrial-plants,plant01,nodiag,82,astar,189,160.000000,107.806000,0.329,ok,0.0,
industrial-plants,plant01,nodiag,82,rastar,9239,160.000000,107.806000,7.807,ok,0.0,
industrial-plants,plant01,nodiag,82,mm,37644,160.000000,107.806000,46.929,ok,0.0,
industrial-plants,plant01,nodiag,82,bia,229,160.000000,107.806000,0.403,ok,0.0,
industrial-plants,plant01,nodiag,82,bae,229,160.000000,107.806000,0.425,ok,0.0,
industrial-plants,plant01,nodiag,82,nbs,88424,160.000000,107.806000,96.495,ok,0.0,
industrial-plants,plant01,nodiag,82,gbfs,230,160.000000,107.806000,0.442,subopt,0.0,
industrial-plants,plant01,nodiag,83,astar,3275,79.000000,66.513300,2.449,ok,3084.0,1.0619325551232166
industrial-plants,plant01,nodiag,83,rastar,8395,79.000000,66.513300,6.727,ok,3084.0,2.7221141374837874
industrial-plants,plant01,nodiag,83,mm,11886,79.000000,66.513300,11.359,ok,3084.0,3.8540856031128405
industrial-plants,plant01,nodiag,83,bia,6531,79.000000,66.513300,5.224,ok,3084.0,2.117704280155642
industrial-plants,plant01,nodiag,83,bae,11840,79.000000,66.513300,10.965,ok,3084.0,3.83916990920882
industrial-plants,plant01,nodiag,83,nbs,8582,79.000000,66.513300,8.007,ok,3084.0,2.7827496757457846
industrial-plants,plant01,nodiag,83,gbfs,5080,79.000000,66.513300,4.301,subopt,3084.0,1.6472114137483787
industrial-plants,plant01,nodiag,84,astar,145,144.000000,100.046000,0.281,ok,0.0,
industrial-plants,plant01,nodiag,84,rastar,7357,144.000000,100.046000,6.135,ok,0.0,
industrial-plants,plant01,nodiag,84,mm,20990,144.000000,100.046000,26.439,ok,0.0,
industrial-plants,plant01,nodiag,84,bia,197,144.000000,100.046000,0.384,ok,0.0,
industrial-plants,plant01,nodiag,84,bae,197,144.000000,100.046000,0.388,ok,0.0,
industrial-plants,plant01,nodiag,84,nbs,60309,144.000000,100.046000,66.124,ok,0.0,
industrial-plants,plant01,nodiag,84,gbfs,198,144.000000,100.046000,0.378,subopt,0.0,
industrial-plants,plant01,nodiag,85,astar,107,106.000000,80.626000,0.217,ok,0.0,
industrial-plants,plant01,nodiag,85,rastar,107,106.000000,80.626000,0.214,ok,0.0,
industrial-plants,plant01,nodiag,85,mm,7541,106.000000,80.626000,9.817,ok,0.0,
industrial-plants,plant01,nodiag,85,bia,106,106.000000,80.626000,0.220,ok,0.0,
industrial-plants,plant01,nodiag,85,bae,106,106.000000,80.626000,0.232,ok,0.0,
industrial-plants,plant01,nodiag,85,nbs,15418,106.000000,80.626000,16.243,ok,0.0,
industrial-plants,plant01,nodiag,85,gbfs,106,106.000000,80.626000,0.240,subopt,0.0,
industrial-plants,plant01,nodiag,86,astar,391,111.000000,81.347800,0.570,ok,0.0,
industrial-plants,plant01,nodiag,86,rastar,112,111.000000,81.347800,0.227,ok,0.0,
industrial-plants,plant01,nodiag,86,mm,345,111.000000,81.347800,0.681,ok,0.0,
industrial-plants,plant01,nodiag,86,bia,170,111.000000,81.347800,0.327,ok,0.0,
industrial-plants,plant01,nodiag,86,bae,170,111.000000,81.347800,0.351,ok,0.0,
industrial-plants,plant01,nodiag,86,nbs,26847,111.000000,81.347800,29.030,ok,0.0,
industrial-plants,plant01,nodiag,86,gbfs,170,111.000000,81.347800,0.334,subopt,0.0,
industrial-plants,plant01,nodiag,87,astar,255,134.000000,93.788500,0.393,ok,0.0,
industrial-plants,plant01,nodiag,87,rastar,135,134.000000,93.788500,0.275,ok,0.0,
industrial-plants,plant01,nodiag,87,mm,10967,134.000000,93.788500,14.635,ok,0.0,
industrial-plants,plant01,nodiag,87,bia,134,134.000000,93.788500,0.291,ok,0.0,
industrial-plants,plant01,nodiag,87,bae,134,134.000000,93.788500,0.320,ok,0.0,
industrial-plants,plant01,nodiag,87,nbs,35514,134.000000,93.788500,41.786,ok,0.0,
industrial-plants,plant01,nodiag,87,gbfs,134,134.000000,93.788500,0.299,subopt,0.0,
industrial-plants,plant01,nodiag,88,astar,160,139.000000,106.272000,0.320,ok,0.0,
industrial-plants,plant01,nodiag,88,rastar,140,139.000000,106.272000,0.277,ok,0.0,
industrial-plants,plant01,nodiag,88,mm,152,139.000000,106.272000,0.412,ok,0.0,
industrial-plants,plant01,nodiag,88,bia,159,139.000000,106.272000,0.301,ok,0.0,
industrial-plants,plant01,nodiag,88,bae,159,139.000000,106.272000,0.320,ok,0.0,
industrial-plants,plant01,nodiag,88,nbs,27138,139.000000,106.272000,31.404,ok,0.0,
industrial-plants,plant01,nodiag,88,gbfs,164,139.000000,106.272000,0.316,subopt,0.0,
industrial-plants,plant01,nodiag,89,astar,5585,160.000000,135.446000,4.308,ok,5316.0,1.0506019563581641
industrial-plants,plant01,nodiag,89,rastar,79094,160.000000,135.446000,69.826,ok,5316.0,14.878480060195637
industrial-plants,plant01,nodiag,89,mm,65426,160.000000,135.446000,67.128,ok,5316.0,12.307373965387509
industrial-plants,plant01,nodiag,89,bia,11165,160.000000,135.446000,10.640,ok,5316.0,2.1002633559066965
industrial-plants,plant01,nodiag,89,bae,55948,160.000000,135.446000,60.184,ok,5316.0,10.524454477050414
industrial-plants,plant01,nodiag,89,nbs,17718,160.000000,135.446000,17.343,ok,5316.0,3.3329571106094806
industrial-plants,plant01,nodiag,89,gbfs,5266,186.000000,135.446000,4.784,subopt,5316.0,0.990594431903687
industrial-plants,plant01,nodiag,90,astar,3108,118.000000,95.923900,2.628,ok,0.0,
industrial-plants,plant01,nodiag,90,rastar,344,118.000000,95.923900,0.428,ok,0.0,
industrial-plants,plant01,nodiag,90,mm,2256,118.000000,95.923900,2.983,ok,0.0,
industrial-plants,plant01,nodiag,90,bia,650,118.000000,95.923900,0.817,ok,0.0,
industrial-plants,plant01,nodiag,90,bae,650,118.000000,95.923900,0.886,ok,0.0,
industrial-plants,plant01,nodiag,90,nbs,1138,118.000000,95.923900,1.394,ok,0.0,
industrial-plants,plant01,nodiag,90,gbfs,204,120.000000,95.923900,0.371,subopt,0.0,
industrial-plants,plant01,nodiag,91,astar,187,186.000000,119.577000,0.333,ok,0.0,
industrial-plants,plant01,nodiag,91,rastar,187,186.000000,119.577000,0.333,ok,0.0,
industrial-plants,plant01,nodiag,91,mm,88199,186.000000,119.577000,112.770,ok,0.0,
industrial-plants,plant01,nodiag,91,bia,186,186.000000,119.577000,0.375,ok,0.0,
industrial-plants,plant01,nodiag,91,bae,186,186.000000,119.577000,0.378,ok,0.0,
industrial-plants,plant01,nodiag,91,nbs,202425,186.000000,119.577000,241.628,ok,0.0,
industrial-plants,plant01,nodiag,91,gbfs,186,186.000000,119.577000,0.397,subopt,0.0,
industrial-plants,plant01,nodiag,92,astar,207,116.000000,94.529600,0.341,ok,0.0,
industrial-plants,plant01,nodiag,92,rastar,117,116.000000,94.529600,0.219,ok,0.0,
industrial-plants,plant01,nodiag,92,mm,3721,116.000000,94.529600,4.839,ok,0.0,
industrial-plants,plant01,nodiag,92,bia,162,116.000000,94.529600,0.300,ok,0.0,
industrial-plants,plant01,nodiag,92,bae,162,116.000000,94.529600,0.318,ok,0.0,
industrial-plants,plant01,nodiag,92,nbs,7176,116.000000,94.529600,7.881,ok,0.0,
industrial-plants,plant01,nodiag,92,gbfs,162,116.000000,94.529600,0.319,subopt,0.0,
industrial-plants,plant01,nodiag,93,astar,7321,130.000000,96.267000,5.796,ok,7242.0,1.0109085887876277
industrial-plants,plant01,nodiag,93,rastar,9710,130.000000,96.267000,8.011,ok,7242.0,1.3407898370615852
industrial-plants,plant01,nodiag,93,mm,15950,130.000000,96.267000,16.430,ok,7242.0,2.2024302678818004
industrial-plants,plant01,nodiag,93,bia,14509,130.000000,96.267000,13.194,ok,7242.0,2.0034520850593758
industrial-plants,plant01,nodiag,93,bae,16871,130.000000,96.267000,15.888,ok,7242.0,2.3296050814692073
industrial-plants,plant01,nodiag,93,nbs,19292,130.000000,96.267000,21.220,ok,7242.0,2.663904998619166
industrial-plants,plant01,nodiag,93,gbfs,894,130.000000,96.267000,0.961,subopt,7242.0,0.12344656172328086
industrial-plants,plant01,nodiag,94,astar,1199,80.000000,72.384800,1.035,ok,1168.0,1.0265410958904109
industrial-plants,plant01,nodiag,94,rastar,1825,80.000000,72.384800,1.556,ok,1168.0,1.5625
industrial-plants,plant01,nodiag,94,mm,3069,80.000000,72.384800,3.433,ok,1168.0,2.627568493150685
industrial-plants,plant01,nodiag,94,bia,2391,80.000000,72.384800,2.175,ok,1168.0,2.0470890410958904
industrial-plants,plant01,nodiag,94,bae,2387,80.000000,72.384800,2.378,ok,1168.0,2.043664383561644
industrial-plants,plant01,nodiag,94,nbs,3604,80.000000,72.384800,3.867,ok,1168.0,3.085616438356164
industrial-plants,plant01,nodiag,94,gbfs,172,80.000000,72.384800,0.337,subopt,1168.0,0.14726027397260275
industrial-plants,plant01,nodiag,95,astar,240,239.000000,172.925000,0.397,ok,0.0,
industrial-plants,plant01,nodiag,95,rastar,474,239.000000,172.925000,0.707,ok,0.0,
industrial-plants,plant01,nodiag,95,mm,52988,239.000000,172.925000,70.360,ok,0.0,
industrial-plants,plant01,nodiag,95,bia,279,239.000000,172.925000,0.536,ok,0.0,
industrial-plants,plant01,nodiag,95,bae,279,239.000000,172.925000,0.552,ok,0.0,
industrial-plants,plant01,nodiag,95,nbs,134617,239.000000,172.925000,153.051,ok,0.0,
industrial-plants,plant01,nodiag,95,gbfs,280,239.000000,172.925000,0.552,subopt,0.0,
industrial-plants,plant01,nodiag,96,astar,7181,104.000000,84.965700,5.641,ok,7092.0,1.0125493513818387
industrial-plants,plant01,nodiag,96,rastar,25882,104.000000,84.965700,21.208,ok,7092.0,3.64946418499718
industrial-plants,plant01,nodiag,96,mm,33203,104.000000,84.965700,33.252,ok,7092.0,4.681754089114495
industrial-plants,plant01,nodiag,96,bia,14283,104.000000,84.965700,13.000,ok,7092.0,2.013959390862944
industrial-plants,plant01,nodiag,96,bae,32156,104.000000,84.965700,33.256,ok,7092.0,4.5341229554427525
industrial-plants,plant01,nodiag,96,nbs,20840,104.000000,84.965700,21.575,ok,7092.0,2.9385222786238017
industrial-plants,plant01,nodiag,96,gbfs,6168,110.000000,84.965700,5.293,subopt,7092.0,0.8697123519458545
industrial-plants,plant01,nodiag,97,astar,819,93.000000,81.870100,0.773,ok,716.0,1.143854748603352
industrial-plants,plant01,nodiag,97,rastar,898,93.000000,81.870100,0.863,ok,716.0,1.2541899441340782
industrial-plants,plant01,nodiag,97,mm,2488,93.000000,81.870100,2.986,ok,716.0,3.474860335195531
industrial-plants,plant01,nodiag,97,bia,1627,93.000000,81.870100,1.547,ok,716.0,2.272346368715084
industrial-plants,plant01,nodiag,97,bae,1573,93.000000,81.870100,1.640,ok,716.0,2.196927374301676
industrial-plants,plant01,nodiag,97,nbs,3634,93.000000,81.870100,3.997,ok,716.0,5.075418994413408
industrial-plants,plant01,nodiag,97,gbfs,378,101.000000,81.870100,0.597,subopt,716.0,0.5279329608938548
industrial-plants,plant01,nodiag,98,astar,40427,201.000000,159.971000,36.470,ok,40206.0,1.0054966920360144
industrial-plants,plant01,nodiag,98,rastar,62688,201.000000,159.971000,59.143,ok,40206.0,1.5591702730935681
industrial-plants,plant01,nodiag,98,mm,73990,201.000000,159.971000,100.269,ok,40206.0,1.8402725961299309
industrial-plants,plant01,nodiag,98,bia,80411,201.000000,159.971000,77.511,ok,40206.0,1.9999751280903348
industrial-plants,plant01,nodiag,98,bae,84061,201.000000,159.971000,87.747,ok,40206.0,2.090757598368403
industrial-plants,plant01,nodiag,98,nbs,72704,201.000000,159.971000,79.839,ok,40206.0,1.8082873203004526
industrial-plants,plant01,nodiag,98,gbfs,436,207.000000,159.971000,0.728,subopt,40206.0,0.010844152614037705
industrial-plants,plant01,nodiag,99,astar,96,95.000000,93.828400,0.187,ok,0.0,
industrial-plants,plant01,nodiag,99,rastar,179,95.000000,93.828400,0.270,ok,0.0,
industrial-plants,plant01,nodiag,99,mm,195,95.000000,93.828400,0.422,ok,0.0,
industrial-plants,plant01,nodiag,99,bia,178,95.000000,93.828400,0.277,ok,0.0,
industrial-plants,plant01,nodiag,99,bae,178,95.000000,93.828400,0.297,ok,0.0,
industrial-plants,plant01,nodiag,99,nbs,230,95.000000,93.828400,0.341,ok,0.0,
industrial-plants,plant01,nodiag,99,gbfs,98,97.000000,93.828400,0.204,subopt,0.0,
industrial-plants,plant01,nodiag,100,astar,1126,122.000000,98.809700,1.230,ok,1080.0,1.0425925925925925
industrial-plants,plant01,nodiag,100,rastar,10994,122.000000,98.809700,9.269,ok,1080.0,10.17962962962963
industrial-plants,plant01,nodiag,100,mm,8876,122.000000,98.809700,10.582,ok,1080.0,8.218518518518518
industrial-plants,plant01,nodiag,100,bia,2227,122.000000,98.809700,2.381,ok,1080.0,2.062037037037037
industrial-plants,plant01,nodiag,100,bae,4697,122.000000,98.809700,4.431,ok,1080.0,4.349074074074074
industrial-plants,plant01,nodiag,100,nbs,5268,122.000000,98.809700,5.521,ok,1080.0,4.877777777777778
industrial-plants,plant01,nodiag,100,gbfs,228,122.000000,98.809700,0.396,subopt,1080.0,0.2111111111111111
industrial-plants,plant01,nodiag,101,astar,106,105.000000,78.172800,0.226,ok,0.0,
industrial-plants,plant01,nodiag,101,rastar,106,105.000000,78.172800,0.230,ok,0.0,
industrial-plants,plant01,nodiag,101,mm,105,105.000000,78.172800,0.324,ok,0.0,
industrial-plants,plant01,nodiag,101,bia,105,105.000000,78.172800,0.227,ok,0.0,
industrial-plants,plant01,nodiag,101,bae,105,105.000000,78.172800,0.239,ok,0.0,
industrial-plants,plant01,nodiag,101,nbs,18909,105.000000,78.172800,20.956,ok,0.0,
industrial-plants,plant01,nodiag,101,gbfs,106,105.000000,78.172800,0.247,subopt,0.0,
industrial-plants,plant01,nodiag,102,astar,101,100.000000,88.768100,0.236,ok,0.0,
industrial-plants,plant01,nodiag,102,rastar,101,100.000000,88.768100,0.202,ok,0.0,
industrial-plants,plant01,nodiag,102,mm,464,100.000000,88.768100,0.801,ok,0.0,
industrial-plants,plant01,nodiag,102,bia,100,100.000000,88.768100,0.210,ok,0.0,
industrial-plants,plant01,nodiag,102,bae,100,100.000000,88.768100,0.224,ok,0.0,
industrial-plants,plant01,nodiag,102,nbs,1189,100.000000,88.768100,1.556,ok,0.0,
industrial-plants,plant01,nodiag,102,gbfs,100,100.000000,88.768100,0.226,subopt,0.0,
industrial-plants,plant01,nodiag,103,astar,10685,118.000000,96.830400,9.694,ok,4836.0,2.209470636889992
industrial-plants,plant01,nodiag,103,rastar,5366,118.000000,96.830400,4.469,ok,4836.0,1.1095947063689
industrial-plants,plant01,nodiag,103,mm,16047,118.000000,96.830400,18.829,ok,4836.0,3.318238213399504
industrial-plants,plant01,nodiag,103,bia,10644,118.000000,96.830400,10.398,ok,4836.0,2.2009925558312653
industrial-plants,plant01,nodiag,103,bae,15985,118.000000,96.830400,17.149,ok,4836.0,3.305417700578991
industrial-plants,plant01,nodiag,103,nbs,15240,118.000000,96.830400,16.481,ok,4836.0,3.1513647642679903
industrial-plants,plant01,nodiag,103,gbfs,268,126.000000,96.830400,0.488,subopt,4836.0,0.055417700578990904
industrial-plants,plant01,nodiag,104,astar,242,121.000000,90.245800,0.359,ok,0.0,
industrial-plants,plant01,nodiag,104,rastar,122,121.000000,90.245800,0.218,ok,0.0,
industrial-plants,plant01,nodiag,104,mm,121,121.000000,90.245800,0.346,ok,0.0,
industrial-plants,plant01,nodiag,104,bia,121,121.000000,90.245800,0.259,ok,0.0,
industrial-plants,plant01,nodiag,104,bae,121,121.000000,90.245800,0.266,ok,0.0,
industrial-plants,plant01,nodiag,104,nbs,13349,121.000000,90.245800,15.459,ok,0.0,
industrial-plants,plant01,nodiag,104,gbfs,122,121.000000,90.245800,0.253,subopt,0.0,
industrial-plants,plant01,nodiag,105,astar,2218,119.000000,104.845000,2.291,ok,2190.0,1.012785388127854
industrial-plants,plant01,nodiag,105,rastar,13104,119.000000,104.845000,12.094,ok,2190.0,5.983561643835617
industrial-plants,plant01,nodiag,105,mm,8132,119.000000,104.845000,10.878,ok,2190.0,3.7132420091324203
industrial-plants,plant01,nodiag,105,bia,4431,119.000000,104.845000,4.991,ok,2190.0,2.0232876712328767
industrial-plants,plant01,nodiag,105,bae,4244,119.000000,104.845000,5.124,ok,2190.0,1.9378995433789954
industrial-plants,plant01,nodiag,105,nbs,3988,119.000000,104.845000,4.731,ok,2190.0,1.8210045662100456
industrial-plants,plant01,nodiag,105,gbfs,246,119.000000,104.845000,0.443,subopt,2190.0,0.11232876712328767
industrial-plants,plant01,nodiag,106,astar,1208,156.000000,145.263000,1.286,ok,1024.0,1.1796875
industrial-plants,plant01,nodiag,106,rastar,28093,156.000000,145.263000,26.525,ok,1024.0,27.4345703125
industrial-plants,plant01,nodiag,106,mm,29260,156.000000,145.263000,36.976,ok,1024.0,28.57421875
industrial-plants,plant01,nodiag,106,bia,2411,156.000000,145.263000,2.852,ok,1024.0,2.3544921875
industrial-plants,plant01,nodiag,106,bae,4091,156.000000,145.263000,4.647,ok,1024.0,3.9951171875
industrial-plants,plant01,nodiag,106,nbs,9484,156.000000,145.263000,9.938,ok,1024.0,9.26171875
industrial-plants,plant01,nodiag,106,gbfs,346,162.000000,145.263000,0.624,subopt,1024.0,0.337890625
industrial-plants,plant01,nodiag,107,astar,3358,115.000000,107.489000,2.987,ok,148.0,22.68918918918919
industrial-plants,plant01,nodiag,107,rastar,1616,115.000000,107.489000,1.737,ok,148.0,10.91891891891892
industrial-plants,plant01,nodiag,107,mm,4401,115.000000,107.489000,5.270,ok,148.0,29.736486486486488
industrial-plants,plant01,nodiag,107,bia,3216,115.000000,107.489000,3.549,ok,148.0,21.72972972972973
industrial-plants,plant01,nodiag,107,bae,3839,115.000000,107.489000,4.209,ok,148.0,25.93918918918919
industrial-plants,plant01,nodiag,107,nbs,5554,115.000000,107.489000,5.479,ok,148.0,37.527027027027025
industrial-plants,plant01,nodiag,107,gbfs,248,115.000000,107.489000,0.456,subopt,148.0,1.6756756756756757
industrial-plants,plant01,nodiag,108,astar,170,169.000000,152.597000,0.322,ok,0.0,
industrial-plants,plant01,nodiag,108,rastar,170,169.000000,152.597000,0.307,ok,0.0,
industrial-plants,plant01,nodiag,108,mm,169,169.000000,152.597000,0.473,ok,0.0,
industrial-plants,plant01,nodiag,108,bia,169,169.000000,152.597000,0.343,ok,0.0,
industrial-plants,plant01,nodiag,108,bae,169,169.000000,152.597000,0.354,ok,0.0,
industrial-plants,plant01,nodiag,108,nbs,5085,169.000000,152.597000,6.286,ok,0.0,
industrial-plants,plant01,nodiag,108,gbfs,170,169.000000,152.597000,0.347,subopt,0.0,
industrial-plants,plant01,nodiag,109,astar,392,247.000000,174.719000,0.611,ok,0.0,
industrial-plants,plant01,nodiag,109,rastar,773,247.000000,174.719000,1.012,ok,0.0,
industrial-plants,plant01,nodiag,109,mm,112725,247.000000,174.719000,146.923,ok,0.0,
industrial-plants,plant01,nodiag,109,bia,779,247.000000,174.719000,1.177,ok,0.0,
industrial-plants,plant01,nodiag,109,bae,779,247.000000,174.719000,1.222,ok,0.0,
industrial-plants,plant01,nodiag,109,nbs,249517,247.000000,174.719000,307.248,ok,0.0,
industrial-plants,plant01,nodiag,109,gbfs,356,251.000000,174.719000,0.657,subopt,0.0,
industrial-plants,plant01,nodiag,110,astar,169,168.000000,118.646000,0.313,ok,0.0,
industrial-plants,plant01,nodiag,110,rastar,169,168.000000,118.646000,0.314,ok,0.0,
industrial-plants,plant01,nodiag,110,mm,42821,168.000000,118.646000,54.136,ok,0.0,
industrial-plants,plant01,nodiag,110,bia,168,168.000000,118.646000,0.331,ok,0.0,
industrial-plants,plant01,nodiag,110,bae,168,168.000000,118.646000,0.347,ok,0.0,
industrial-plants,plant01,nodiag,110,nbs,111374,168.000000,118.646000,123.072,ok,0.0,
industrial-plants,plant01,nodiag,110,gbfs,168,168.000000,118.646000,0.360,subopt,0.0,
industrial-plants,plant01,nodiag,111,astar,145,144.000000,112.690000,0.272,ok,0.0,
industrial-plants,plant01,nodiag,111,rastar,917,144.000000,112.690000,1.273,ok,0.0,
industrial-plants,plant01,nodiag,111,mm,11726,144.000000,112.690000,14.926,ok,0.0,
industrial-plants,plant01,nodiag,111,bia,227,144.000000,112.690000,0.434,ok,0.0,
industrial-plants,plant01,nodiag,111,bae,227,144.000000,112.690000,0.471,ok,0.0,
industrial-plants,plant01,nodiag,111,nbs,24876,144.000000,112.690000,26.358,ok,0.0,
industrial-plants,plant01,nodiag,111,gbfs,228,144.000000,112.690000,0.431,subopt,0.0,
industrial-plants,plant01,nodiag,112,astar,260,160.000000,123.704000,0.409,ok,0.0,
industrial-plants,plant01,nodiag,112,rastar,5859,160.000000,123.704000,5.005,ok,0.0,
industrial-plants,plant01,nodiag,112,mm,26161,160.000000,123.704000,34.068,ok,0.0,
industrial-plants,plant01,nodiag,112,bia,223,160.000000,123.704000,0.406,ok,0.0,
industrial-plants,plant01,nodiag,112,bae,223,160.000000,123.704000,0.421,ok,0.0,
industrial-plants,plant01,nodiag,112,nbs,51255,160.000000,123.704000,56.391,ok,0.0,
industrial-plants,plant01,nodiag,112,gbfs,224,160.000000,123.704000,0.428,subopt,0.0,
industrial-plants,plant01,nodiag,113,astar,143,142.000000,97.409800,0.295,ok,0.0,
industrial-plants,plant01,nodiag,113,rastar,4490,142.000000,97.409800,3.783,ok,0.0,
industrial-plants,plant01,nodiag,113,mm,20494,142.000000,97.409800,26.312,ok,0.0,
industrial-plants,plant01,nodiag,113,bia,173,142.000000,97.409800,0.325,ok,0.0,
industrial-plants,plant01,nodiag,113,bae,173,142.000000,97.409800,0.343,ok,0.0,
industrial-plants,plant01,nodiag,113,nbs,47351,142.000000,97.409800,52.173,ok,0.0,
industrial-plants,plant01,nodiag,113,gbfs,174,142.000000,97.409800,0.345,subopt,0.0,
industrial-plants,plant01,nodiag,114,astar,213,212.000000,145.955000,0.375,ok,0.0,
industrial-plants,plant01,nodiag,114,rastar,213,212.000000,145.955000,0.371,ok,0.0,
industrial-plants,plant01,nodiag,114,mm,71817,212.000000,145.955000,93.213,ok,0.0,
industrial-plants,plant01,nodiag,114,bia,212,212.000000,145.955000,0.402,ok,0.0,
industrial-plants,plant01,nodiag,114,bae,212,212.000000,145.955000,0.421,ok,0.0,
industrial-plants,plant01,nodiag,114,nbs,205003,212.000000,145.955000,262.260,ok,0.0,
industrial-plants,plant01,nodiag,114,gbfs,212,212.000000,145.955000,0.436,subopt,0.0,
industrial-plants,plant01,nodiag,115,astar,215,214.000000,151.425000,0.392,ok,0.0,
industrial-plants,plant01,nodiag,115,rastar,215,214.000000,151.425000,0.362,ok,0.0,
industrial-plants,plant01,nodiag,115,mm,31323,214.000000,151.425000,43.171,ok,0.0,
industrial-plants,plant01,nodiag,115,bia,214,214.000000,151.425000,0.417,ok,0.0,
industrial-plants,plant01,nodiag,115,bae,214,214.000000,151.425000,0.458,ok,0.0,
industrial-plants,plant01,nodiag,115,nbs,152506,214.000000,151.425000,184.834,ok,0.0,
industrial-plants,plant01,nodiag,115,gbfs,214,214.000000,151.425000,0.472,subopt,0.0,
industrial-plants,plant01,nodiag,116,astar,104,103.000000,84.986200,0.242,ok,0.0,
industrial-plants,plant01,nodiag,116,rastar,275,103.000000,84.986200,0.365,ok,0.0,
industrial-plants,plant01,nodiag,116,mm,3522,103.000000,84.986200,4.762,ok,0.0,
industrial-plants,plant01,nodiag,116,bia,117,103.000000,84.986200,0.249,ok,0.0,
industrial-plants,plant01,nodiag,116,bae,117,103.000000,84.986200,0.262,ok,0.0,
industrial-plants,plant01,nodiag,116,nbs,6431,103.000000,84.986200,6.712,ok,0.0,
industrial-plants,plant01,nodiag,116,gbfs,118,103.000000,84.986200,0.267,subopt,0.0,
industrial-plants,plant01,nodiag,117,astar,3586,183.000000,124.845000,3.277,ok,0.0,
industrial-plants,plant01,nodiag,117,rastar,184,183.000000,124.845000,0.337,ok,0.0,
industrial-plants,plant01,nodiag,117,mm,3334,183.000000,124.845000,4.320,ok,0.0,
industrial-plants,plant01,nodiag,117,bia,264,183.000000,124.845000,0.525,ok,0.0,
industrial-plants,plant01,nodiag,117,bae,264,183.000000,124.845000,0.556,ok,0.0,
industrial-plants,plant01,nodiag,117,nbs,98827,183.000000,124.845000,109.064,ok,0.0,
industrial-plants,plant01,nodiag,117,gbfs,264,183.000000,124.845000,0.565,subopt,0.0,
industrial-plants,plant01,nodiag,118,astar,425,164.000000,131.100000,0.621,ok,0.0,
industrial-plants,plant01,nodiag,118,rastar,165,164.000000,131.100000,0.312,ok,0.0,
industrial-plants,plant01,nodiag,118,mm,3083,164.000000,131.100000,4.872,ok,0.0,
industrial-plants,plant01,nodiag,118,bia,186,164.000000,131.100000,0.351,ok,0.0,
industrial-plants,plant01,nodiag,118,bae,186,164.000000,131.100000,0.374,ok,0.0,
industrial-plants,plant01,nodiag,118,nbs,6386,164.000000,131.100000,8.247,ok,0.0,
industrial-plants,plant01,nodiag,118,gbfs,186,164.000000,131.100000,0.376,subopt,0.0,
industrial-plants,plant01,nodiag,119,astar,13610,145.000000,95.935500,11.152,ok,0.0,
industrial-plants,plant01,nodiag,119,rastar,146,145.000000,95.935500,0.279,ok,0.0,
industrial-plants,plant01,nodiag,119,mm,17682,145.000000,95.935500,22.284,ok,0.0,
industrial-plants,plant01,nodiag,119,bia,268,145.000000,95.935500,0.464,ok,0.0,
industrial-plants,plant01,nodiag,119,bae,268,145.000000,95.935500,0.504,ok,0.0,
industrial-plants,plant01,nodiag,119,nbs,76335,145.000000,95.935500,84.929,ok,0.0,
industrial-plants,plant01,nodiag,119,gbfs,268,145.000000,95.935500,0.513,subopt,0.0,
industrial-plants,plant01,nodiag,120,astar,997,224.000000,158.780000,1.365,ok,0.0,
industrial-plants,plant01,nodiag,120,rastar,365,224.000000,158.780000,0.593,ok,0.0,
industrial-plants,plant01,nodiag,120,mm,70595,224.000000,158.780000,93.423,ok,0.0,
industrial-plants,plant01,nodiag,120,bia,726,224.000000,158.780000,1.195,ok,0.0,
industrial-plants,plant01,nodiag,120,bae,726,224.000000,158.780000,1.239,ok,0.0,
industrial-plants,plant01,nodiag,120,nbs,140967,224.000000,158.780000,160.711,ok,0.0,
industrial-plants,plant01,nodiag,120,gbfs,422,228.000000,158.780000,0.768,subopt,0.0,
industrial-plants,plant01,nodiag,121,astar,2655,89.000000,79.538600,2.048,ok,2228.0,1.1916517055655296
industrial-plants,plant01,nodiag,121,rastar,6441,89.000000,79.538600,5.241,ok,2228.0,2.8909335727109515
industrial-plants,plant01,nodiag,121,mm,7891,89.000000,79.538600,8.390,ok,2228.0,3.541741472172352
industrial-plants,plant01,nodiag,121,bia,5213,89.000000,79.538600,4.593,ok,2228.0,2.3397666068222622
industrial-plants,plant01,nodiag,121,bae,9072,89.000000,79.538600,8.698,ok,2228.0,4.07181328545781
industrial-plants,plant01,nodiag,121,nbs,8210,89.000000,79.538600,7.850,ok,2228.0,3.68491921005386
industrial-plants,plant01,nodiag,121,gbfs,336,89.000000,79.538600,0.484,subopt,2228.0,0.15080789946140036
industrial-plants,plant01,nodiag,122,astar,142,141.000000,115.722000,0.300,ok,0.0,
industrial-plants,plant01,nodiag,122,rastar,142,141.000000,115.722000,0.277,ok,0.0,
industrial-plants,plant01,nodiag,122,mm,141,141.000000,115.722000,0.395,ok,0.0,
industrial-plants,plant01,nodiag,122,bia,141,141.000000,115.722000,0.290,ok,0.0,
industrial-plants,plant01,nodiag,122,bae,141,141.000000,115.722000,0.309,ok,0.0,
industrial-plants,plant01,nodiag,122,nbs,20802,141.000000,115.722000,23.434,ok,0.0,
industrial-plants,plant01,nodiag,122,gbfs,142,141.000000,115.722000,0.318,subopt,0.0,
industrial-plants,plant01,nodiag,123,astar,22710,202.000000,165.222000,20.045,ok,22607.0,1.0045561109390897
industrial-plants,plant01,nodiag,123,rastar,59984,202.000000,165.222000,54.948,ok,22607.0,2.6533374618481003
industrial-plants,plant01,nodiag,123,mm,78851,202.000000,165.222000,103.101,ok,22607.0,3.4879019772636792
industrial-plants,plant01,nodiag,123,bia,45271,202.000000,165.222000,48.099,ok,22607.0,2.0025213429468747
industrial-plants,plant01,nodiag,123,bae,53041,202.000000,165.222000,59.002,ok,22607.0,2.346220197284027
industrial-plants,plant01,nodiag,123,nbs,59246,202.000000,165.222000,65.753,ok,22607.0,2.620692705799089
industrial-plants,plant01,nodiag,123,gbfs,264,202.000000,165.222000,0.525,subopt,22607.0,0.011677798911841465
industrial-plants,plant01,nodiag,124,astar,31345,202.000000,155.849000,27.552,ok,31199.0,1.004679637167858
industrial-plants,plant01,nodiag,124,rastar,69492,202.000000,155.849000,60.632,ok,31199.0,2.227379082662906
industrial-plants,plant01,nodiag,124,mm,93013,202.000000,155.849000,124.042,ok,31199.0,2.9812814513285684
industrial-plants,plant01,nodiag,124,bia,62621,202.000000,155.849000,66.708,ok,31199.0,2.0071476649892626
industrial-plants,plant01,nodiag,124,bae,71165,202.000000,155.849000,79.486,ok,31199.0,2.281002596237059
industrial-plants,plant01,nodiag,124,nbs,79806,202.000000,155.849000,89.392,ok,31199.0,2.5579666014936375
industrial-plants,plant01,nodiag,124,gbfs,526,208.000000,155.849000,0.816,subopt,31199.0,0.016859514728036155
industrial-plants,plant01,nodiag,125,astar,2660,114.000000,105.221000,2.215,ok,780.0,3.41025641025641
industrial-plants,plant01,nodiag,125,rastar,4238,114.000000,105.221000,3.914,ok,780.0,5.433333333333334
industrial-plants,plant01,nodiag,125,mm,5673,114.000000,105.221000,6.363,ok,780.0,7.273076923076923
industrial-plants,plant01,nodiag,125,bia,5309,114.000000,105.221000,4.989,ok,780.0,6.806410256410256
industrial-plants,plant01,nodiag,125,bae,3941,114.000000,105.221000,4.128,ok,780.0,5.052564102564102
industrial-plants,plant01,nodiag,125,nbs,6751,114.000000,105.221000,6.925,ok,780.0,8.655128205128205
industrial-plants,plant01,nodiag,125,gbfs,428,122.000000,105.221000,0.696,subopt,780.0,0.5487179487179488
industrial-plants,plant01,nodiag,126,astar,3355,121.000000,97.329300,2.751,ok,2570.0,1.3054474708171206
industrial-plants,plant01,nodiag,126,rastar,4164,121.000000,97.329300,3.352,ok,2570.0,1.6202334630350195
industrial-plants,plant01,nodiag,126,mm,8230,121.000000,97.329300,8.759,ok,2570.0,3.2023346303501947
industrial-plants,plant01,nodiag,126,bia,6611,121.000000,97.329300,5.667,ok,2570.0,2.5723735408560313
industrial-plants,plant01,nodiag,126,bae,6852,121.000000,97.329300,6.391,ok,2570.0,2.666147859922179
industrial-plants,plant01,nodiag,126,nbs,9316,121.000000,97.329300,8.978,ok,2570.0,3.6249027237354086
industrial-plants,plant01,nodiag,126,gbfs,848,133.000000,97.329300,1.014,subopt,2570.0,0.3299610894941634
industrial-plants,plant01,nodiag,127,astar,111,110.000000,90.483800,0.230,ok,0.0,
industrial-plants,plant01,nodiag,127,rastar,111,110.000000,90.483800,0.208,ok,0.0,
industrial-plants,plant01,nodiag,127,mm,4630,110.000000,90.483800,5.712,ok,0.0,
industrial-plants,plant01,nodiag,127,bia,110,110.000000,90.483800,0.223,ok,0.0,
industrial-plants,plant01,nodiag,127,bae,110,110.000000,90.483800,0.236,ok,0.0,
industrial-plants,plant01,nodiag,127,nbs,16801,110.000000,90.483800,17.595,ok,0.0,
industrial-plants,plant01,nodiag,127,gbfs,110,110.000000,90.483800,0.248,subopt,0.0,
industrial-plants,plant01,nodiag,128,astar,3042,110.000000,95.755900,2.380,ok,2660.0,1.143609022556391
industrial-plants,plant01,nodiag,128,rastar,5977,110.000000,95.755900,4.686,ok,2660.0,2.2469924812030073
industrial-plants,plant01,nodiag,128,mm,9881,110.000000,95.755900,10.329,ok,2660.0,3.7146616541353383
industrial-plants,plant01,nodiag,128,bia,6053,110.000000,95.755900,5.274,ok,2660.0,2.2755639097744362
industrial-plants,plant01,nodiag,128,bae,10136,110.000000,95.755900,10.093,ok,2660.0,3.8105263157894735
industrial-plants,plant01,nodiag,128,nbs,9840,110.000000,95.755900,9.566,ok,2660.0,3.699248120300752
industrial-plants,plant01,nodiag,128,gbfs,568,110.000000,95.755900,0.762,subopt,2660.0,0.21353383458646616
industrial-plants,plant01,nodiag,129,astar,1714,88.000000,75.253400,1.498,ok,1064.0,1.6109022556390977
industrial-plants,plant01,nodiag,129,rastar,5598,88.000000,75.253400,4.686,ok,1064.0,5.261278195488722
industrial-plants,plant01,nodiag,129,mm,6201,88.000000,75.253400,7.241,ok,1064.0,5.828007518796992
industrial-plants,plant01,nodiag,129,bia,3423,88.000000,75.253400,3.356,ok,1064.0,3.2171052631578947
industrial-plants,plant01,nodiag,129,bae,6115,88.000000,75.253400,5.996,ok,1064.0,5.74718045112782
industrial-plants,plant01,nodiag,129,nbs,7678,88.000000,75.253400,7.619,ok,1064.0,7.216165413533835
industrial-plants,plant01,nodiag,129,gbfs,186,88.000000,75.253400,0.345,subopt,1064.0,0.17481203007518797
industrial-plants,plant01,nodiag,130,astar,175,106.000000,85.898000,0.300,ok,0.0,
industrial-plants,plant01,nodiag,130,rastar,107,106.000000,85.898000,0.218,ok,0.0,
industrial-plants,plant01,nodiag,130,mm,5565,106.000000,85.898000,6.868,ok,0.0,
industrial-plants,plant01,nodiag,130,bia,122,106.000000,85.898000,0.281,ok,0.0,
industrial-plants,plant01,nodiag,130,bae,122,106.000000,85.898000,0.285,ok,0.0,
industrial-plants,plant01,nodiag,130,nbs,13376,106.000000,85.898000,14.044,ok,0.0,
industrial-plants,plant01,nodiag,130,gbfs,110,110.000000,85.898000,0.245,subopt,0.0,
industrial-plants,plant01,nodiag,131,astar,150,131.000000,105.337000,0.281,ok,0.0,
industrial-plants,plant01,nodiag,131,rastar,132,131.000000,105.337000,0.274,ok,0.0,
industrial-plants,plant01,nodiag,131,mm,135,131.000000,105.337000,0.374,ok,0.0,
industrial-plants,plant01,nodiag,131,bia,138,131.000000,105.337000,0.277,ok,0.0,
industrial-plants,plant01,nodiag,131,bae,138,131.000000,105.337000,0.293,ok,0.0,
industrial-plants,plant01,nodiag,131,nbs,22596,131.000000,105.337000,25.551,ok,0.0,
industrial-plants,plant01,nodiag,131,gbfs,138,131.000000,105.337000,0.297,subopt,0.0,
industrial-plants,plant01,nodiag,132,astar,212,202.000000,129.504000,0.360,ok,0.0,
industrial-plants,plant01,nodiag,132,rastar,203,202.000000,129.504000,0.340,ok,0.0,
industrial-plants,plant01,nodiag,132,mm,65681,202.000000,129.504000,86.458,ok,0.0,
industrial-plants,plant01,nodiag,132,bia,202,202.000000,129.504000,0.381,ok,0.0,
industrial-plants,plant01,nodiag,132,bae,202,202.000000,129.504000,0.396,ok,0.0,
industrial-plants,plant01,nodiag,132,nbs,175253,202.000000,129.504000,208.601,ok,0.0,
industrial-plants,plant01,nodiag,132,gbfs,202,202.000000,129.504000,0.404,subopt,0.0,
industrial-plants,plant01,nodiag,133,astar,349,78.000000,68.634900,0.428,ok,0.0,
industrial-plants,plant01,nodiag,133,rastar,79,78.000000,68.634900,0.187,ok,0.0,
industrial-plants,plant01,nodiag,133,mm,1815,78.000000,68.634900,2.480,ok,0.0,
industrial-plants,plant01,nodiag,133,bia,122,78.000000,68.634900,0.258,ok,0.0,
industrial-plants,plant01,nodiag,133,bae,122,78.000000,68.634900,0.283,ok,0.0,
industrial-plants,plant01,nodiag,133,nbs,2281,78.000000,68.634900,2.393,ok,0.0,
industrial-plants,plant01,nodiag,133,gbfs,122,78.000000,68.634900,0.258,subopt,0.0,
industrial-plants,plant01,nodiag,134,astar,138,137.000000,111.493000,0.282,ok,0.0,
industrial-plants,plant01,nodiag,134,rastar,138,137.000000,111.493000,0.285,ok,0.0,
industrial-plants,plant01,nodiag,134,mm,137,137.000000,111.493000,0.417,ok,0.0,
industrial-plants,plant01,nodiag,134,bia,137,137.000000,111.493000,0.302,ok,0.0,
industrial-plants,plant01,nodiag,134,bae,137,137.000000,111.493000,0.310,ok,0.0,
industrial-plants,plant01,nodiag,134,nbs,34297,137.000000,111.493000,40.252,ok,0.0,
industrial-plants,plant01,nodiag,134,gbfs,138,137.000000,111.493000,0.308,subopt,0.0,
industrial-plants,plant01,nodiag,135,astar,99,98.000000,90.384800,0.191,ok,0.0,
industrial-plants,plant01,nodiag,135,rastar,99,98.000000,90.384800,0.199,ok,0.0,
industrial-plants,plant01,nodiag,135,mm,644,98.000000,90.384800,1.015,ok,0.0,
industrial-plants,plant01,nodiag,135,bia,98,98.000000,90.384800,0.191,ok,0.0,
industrial-plants,plant01,nodiag,135,bae,98,98.000000,90.384800,0.204,ok,0.0,
industrial-plants,plant01,nodiag,135,nbs,1166,98.000000,90.384800,1.499,ok,0.0,
industrial-plants,plant01,nodiag,135,gbfs,98,98.000000,90.384800,0.218,subopt,0.0,
industrial-plants,plant01,nodiag,136,astar,246,193.000000,144.819000,0.402,ok,0.0,
industrial-plants,plant01,nodiag,136,rastar,194,193.000000,144.819000,0.335,ok,0.0,
industrial-plants,plant01,nodiag,136,mm,193,193.000000,144.819000,0.506,ok,0.0,
industrial-plants,plant01,nodiag,136,bia,193,193.000000,144.819000,0.368,ok,0.0,
industrial-plants,plant01,nodiag,136,bae,193,193.000000,144.819000,0.406,ok,0.0,
industrial-plants,plant01,nodiag,136,nbs,11114,193.000000,144.819000,15.970,ok,0.0,
industrial-plants,plant01,nodiag,136,gbfs,194,193.000000,144.819000,0.375,subopt,0.0,
industrial-plants,plant01,nodiag,137,astar,23380,192.000000,154.050000,20.834,ok,23295.0,1.003648851684911
industrial-plants,plant01,nodiag,137,rastar,44714,192.000000,154.050000,39.845,ok,23295.0,1.9194676969306719
industrial-plants,plant01,nodiag,137,mm,69946,192.000000,154.050000,91.762,ok,23295.0,3.0026185876797595
industrial-plants,plant01,nodiag,137,bia,46645,192.000000,154.050000,49.415,ok,23295.0,2.002361021678472
industrial-plants,plant01,nodiag,137,bae,54467,192.000000,154.050000,59.880,ok,23295.0,2.3381412320240393
industrial-plants,plant01,nodiag,137,nbs,58132,192.000000,154.050000,64.524,ok,23295.0,2.4954711311440225
industrial-plants,plant01,nodiag,137,gbfs,278,192.000000,154.050000,0.531,subopt,23295.0,0.01193389139300279
industrial-plants,plant01,nodiag,138,astar,3074,80.000000,63.012200,2.468,ok,3020.0,1.0178807947019868
industrial-plants,plant01,nodiag,138,rastar,3335,80.000000,63.012200,2.814,ok,3020.0,1.1043046357615893
industrial-plants,plant01,nodiag,138,mm,6740,80.000000,63.012200,6.992,ok,3020.0,2.2317880794701987
industrial-plants,plant01,nodiag,138,bia,6135,80.000000,63.012200,5.385,ok,3020.0,2.031456953642384
industrial-plants,plant01,nodiag,138,bae,6135,80.000000,63.012200,5.805,ok,3020.0,2.031456953642384
industrial-plants,plant01,nodiag,138,nbs,7961,80.000000,63.012200,8.560,ok,3020.0,2.636092715231788
industrial-plants,plant01,nodiag,138,gbfs,370,80.000000,63.012200,0.523,subopt,3020.0,0.12251655629139073
industrial-plants,plant01,nodiag,139,astar,1304,78.000000,68.183800,1.102,ok,1240.0,1.0516129032258064
industrial-plants,plant01,nodiag,139,rastar,1717,78.000000,68.183800,1.508,ok,1240.0,1.3846774193548388
industrial-plants,plant01,nodiag,139,mm,3407,78.000000,68.183800,3.562,ok,1240.0,2.7475806451612903
industrial-plants,plant01,nodiag,139,bia,2595,78.000000,68.183800,2.279,ok,1240.0,2.092741935483871
industrial-plants,plant01,nodiag,139,bae,2589,78.000000,68.183800,2.470,ok,1240.0,2.0879032258064516
industrial-plants,plant01,nodiag,139,nbs,3509,78.000000,68.183800,3.654,ok,1240.0,2.8298387096774196
industrial-plants,plant01,nodiag,139,gbfs,318,78.000000,68.183800,0.528,subopt,1240.0,0.2564516129032258
industrial-plants,plant01,nodiag,140,astar,689,137.000000,109.652000,0.729,ok,620.0,1.1112903225806452
industrial-plants,plant01,nodiag,140,rastar,1447,137.000000,109.652000,1.468,ok,620.0,2.3338709677419356
industrial-plants,plant01,nodiag,140,mm,2752,137.000000,109.652000,3.494,ok,620.0,4.438709677419355
industrial-plants,plant01,nodiag,140,bia,1373,137.000000,109.652000,1.493,ok,620.0,2.214516129032258
industrial-plants,plant01,nodiag,140,bae,1369,137.000000,109.652000,1.604,ok,620.0,2.208064516129032
industrial-plants,plant01,nodiag,140,nbs,3146,137.000000,109.652000,3.845,ok,620.0,5.074193548387097
industrial-plants,plant01,nodiag,140,gbfs,278,137.000000,109.652000,0.464,subopt,620.0,0.4483870967741935
industrial-plants,plant01,nodiag,141,astar,640,229.000000,180.869000,0.942,ok,0.0,
industrial-plants,plant01,nodiag,141,rastar,230,229.000000,180.869000,0.419,ok,0.0,
industrial-plants,plant01,nodiag,141,mm,239,229.000000,180.869000,0.664,ok,0.0,
industrial-plants,plant01,nodiag,141,bia,236,229.000000,180.869000,0.494,ok,0.0,
industrial-plants,plant01,nodiag,141,bae,236,229.000000,180.869000,0.519,ok,0.0,
industrial-plants,plant01,nodiag,141,nbs,145647,229.000000,180.869000,179.296,ok,0.0,
industrial-plants,plant01,nodiag,141,gbfs,236,229.000000,180.869000,0.537,subopt,0.0,
industrial-plants,plant01,nodiag,142,astar,345,168.000000,116.546000,0.564,ok,0.0,
industrial-plants,plant01,nodiag,142,rastar,169,168.000000,116.546000,0.306,ok,0.0,
industrial-plants,plant01,nodiag,142,mm,16500,168.000000,116.546000,22.371,ok,0.0,
industrial-plants,plant01,nodiag,142,bia,172,168.000000,116.546000,0.330,ok,0.0,
industrial-plants,plant01,nodiag,142,bae,172,168.000000,116.546000,0.362,ok,0.0,
industrial-plants,plant01,nodiag,142,nbs,55473,168.000000,116.546000,63.087,ok,0.0,
industrial-plants,plant01,nodiag,142,gbfs,172,168.000000,116.546000,0.345,subopt,0.0,
industrial-plants,plant01,nodiag,143,astar,682,153.000000,115.635000,0.988,ok,0.0,
industrial-plants,plant01,nodiag,143,rastar,154,153.000000,115.635000,0.286,ok,0.0,
industrial-plants,plant01,nodiag,143,mm,303,153.000000,115.635000,0.692,ok,0.0,
industrial-plants,plant01,nodiag,143,bia,188,153.000000,115.635000,0.362,ok,0.0,
industrial-plants,plant01,nodiag,143,bae,188,153.000000,115.635000,0.385,ok,0.0,
industrial-plants,plant01,nodiag,143,nbs,49980,153.000000,115.635000,55.510,ok,0.0,
industrial-plants,plant01,nodiag,143,gbfs,188,153.000000,115.635000,0.386,subopt,0.0,
industrial-plants,plant01,nodiag,144,astar,110,108.000000,89.069600,0.237,ok,0.0,
industrial-plants,plant01,nodiag,144,rastar,109,108.000000,89.069600,0.201,ok,0.0,
industrial-plants,plant01,nodiag,144,mm,6282,108.000000,89.069600,7.893,ok,0.0,
industrial-plants,plant01,nodiag,144,bia,109,108.000000,89.069600,0.223,ok,0.0,
industrial-plants,plant01,nodiag,144,bae,109,108.000000,89.069600,0.236,ok,0.0,
industrial-plants,plant01,nodiag,144,nbs,17641,108.000000,89.069600,18.466,ok,0.0,
industrial-plants,plant01,nodiag,144,gbfs,110,108.000000,89.069600,0.242,subopt,0.0,
industrial-plants,plant01,nodiag,145,astar,153,152.000000,111.106000,0.304,ok,0.0,
industrial-plants,plant01,nodiag,145,rastar,450,152.000000,111.106000,0.658,ok,0.0,
industrial-plants,plant01,nodiag,145,mm,11388,152.000000,111.106000,15.424,ok,0.0,
industrial-plants,plant01,nodiag,145,bia,173,152.000000,111.106000,0.331,ok,0.0,
industrial-plants,plant01,nodiag,145,bae,173,152.000000,111.106000,0.370,ok,0.0,
industrial-plants,plant01,nodiag,145,nbs,28382,152.000000,111.106000,34.626,ok,0.0,
industrial-plants,plant01,nodiag,145,gbfs,174,152.000000,111.106000,0.349,subopt,0.0,
industrial-plants,plant01,nodiag,146,astar,2949,65.000000,56.799000,2.299,ok,2790.0,1.0569892473118279
industrial-plants,plant01,nodiag,146,rastar,2859,65.000000,56.799000,2.233,ok,2790.0,1.0247311827956989
industrial-plants,plant01,nodiag,146,mm,6407,65.000000,56.799000,6.301,ok,2790.0,2.296415770609319
industrial-plants,plant01,nodiag,146,bia,5696,65.000000,56.799000,4.718,ok,2790.0,2.0415770609318997
industrial-plants,plant01,nodiag,146,bae,5676,65.000000,56.799000,5.140,ok,2790.0,2.0344086021505374
industrial-plants,plant01,nodiag,146,nbs,7184,65.000000,56.799000,7.153,ok,2790.0,2.574910394265233
industrial-plants,plant01,nodiag,146,gbfs,1510,65.000000,56.799000,1.531,subopt,2790.0,0.5412186379928315
industrial-plants,plant01,nodiag,147,astar,236,235.000000,153.443000,0.394,ok,0.0,
industrial-plants,plant01,nodiag,147,rastar,236,235.000000,153.443000,0.393,ok,0.0,
industrial-plants,plant01,nodiag,147,mm,1126,235.000000,153.443000,1.655,ok,0.0,
industrial-plants,plant01,nodiag,147,bia,278,235.000000,153.443000,0.518,ok,0.0,
industrial-plants,plant01,nodiag,147,bae,278,235.000000,153.443000,0.547,ok,0.0,
industrial-plants,plant01,nodiag,147,nbs,340110,235.000000,153.443000,436.034,ok,0.0,
industrial-plants,plant01,nodiag,147,gbfs,278,235.000000,153.443000,0.568,subopt,0.0,
industrial-plants,plant01,nodiag,148,astar,97,86.000000,69.019700,0.207,ok,0.0,
industrial-plants,plant01,nodiag,148,rastar,87,86.000000,69.019700,0.183,ok,0.0,
industrial-plants,plant01,nodiag,148,mm,1854,86.000000,69.019700,2.623,ok,0.0,
industrial-plants,plant01,nodiag,148,bia,86,86.000000,69.019700,0.196,ok,0.0,
industrial-plants,plant01,nodiag,148,bae,86,86.000000,69.019700,0.203,ok,0.0,
industrial-plants,plant01,nodiag,148,nbs,5070,86.000000,69.019700,5.277,ok,0.0,
industrial-plants,plant01,nodiag,148,gbfs,86,86.000000,69.019700,0.203,subopt,0.0,
industrial-plants,plant01,nodiag,149,astar,232,231.000000,174.186000,0.388,ok,0.0,
industrial-plants,plant01,nodiag,149,rastar,457,231.000000,174.186000,0.657,ok,0.0,
industrial-plants,plant01,nodiag,149,mm,48226,231.000000,174.186000,65.151,ok,0.0,
industrial-plants,plant01,nodiag,149,bia,243,231.000000,174.186000,0.477,ok,0.0,
industrial-plants,plant01,nodiag,149,bae,243,231.000000,174.186000,0.501,ok,0.0,
industrial-plants,plant01,nodiag,149,nbs,121609,231.000000,174.186000,142.594,ok,0.0,
industrial-plants,plant01,nodiag,149,gbfs,244,231.000000,174.186000,0.487,subopt,0.0,
industrial-plants,plant01,nodiag,150,astar,195,180.000000,117.270000,0.359,ok,0.0,
industrial-plants,plant01,nodiag,150,rastar,431,180.000000,117.270000,0.664,ok,0.0,
industrial-plants,plant01,nodiag,150,mm,65045,180.000000,117.270000,83.909,ok,0.0,
industrial-plants,plant01,nodiag,150,bia,180,180.000000,117.270000,0.379,ok,0.0,
industrial-plants,plant01,nodiag,150,bae,180,180.000000,117.270000,0.401,ok,0.0,
industrial-plants,plant01,nodiag,150,nbs,136783,180.000000,117.270000,158.058,ok,0.0,
industrial-plants,plant01,nodiag,150,gbfs,180,180.000000,117.270000,0.398,subopt,0.0,
industrial-plants,plant01,nodiag,151,astar,182,181.000000,120.220000,0.335,ok,0.0,
industrial-plants,plant01,nodiag,151,rastar,182,181.000000,120.220000,0.337,ok,0.0,
industrial-plants,plant01,nodiag,151,mm,181,181.000000,120.220000,0.482,ok,0.0,
industrial-plants,plant01,nodiag,151,bia,181,181.000000,120.220000,0.349,ok,0.0,
industrial-plants,plant01,nodiag,151,bae,181,181.000000,120.220000,0.380,ok,0.0,
industrial-plants,plant01,nodiag,151,nbs,156034,181.000000,120.220000,181.598,ok,0.0,
industrial-plants,plant01,nodiag,151,gbfs,182,181.000000,120.220000,0.379,subopt,0.0,
industrial-plants,plant01,nodiag,152,astar,254,232.000000,172.033000,0.457,ok,0.0,
industrial-plants,plant01,nodiag,152,rastar,233,232.000000,172.033000,0.393,ok,0.0,
industrial-plants,plant01,nodiag,152,mm,15916,232.000000,172.033000,21.708,ok,0.0,
industrial-plants,plant01,nodiag,152,bia,232,232.000000,172.033000,0.402,ok,0.0,
industrial-plants,plant01,nodiag,152,bae,232,232.000000,172.033000,0.430,ok,0.0,
industrial-plants,plant01,nodiag,152,nbs,94719,232.000000,172.033000,108.647,ok,0.0,
industrial-plants,plant01,nodiag,152,gbfs,232,232.000000,172.033000,0.424,subopt,0.0,
industrial-plants,plant01,nodiag,153,astar,115,114.000000,101.698000,0.216,ok,0.0,
industrial-plants,plant01,nodiag,153,rastar,115,114.000000,101.698000,0.219,ok,0.0,
industrial-plants,plant01,nodiag,153,mm,1080,114.000000,101.698000,1.764,ok,0.0,
industrial-plants,plant01,nodiag,153,bia,114,114.000000,101.698000,0.261,ok,0.0,
industrial-plants,plant01,nodiag,153,bae,114,114.000000,101.698000,0.241,ok,0.0,
industrial-plants,plant01,nodiag,153,nbs,3060,114.000000,101.698000,3.654,ok,0.0,
industrial-plants,plant01,nodiag,153,gbfs,114,114.000000,101.698000,0.235,subopt,0.0,
industrial-plants,plant01,nodiag,154,astar,248,115.000000,82.657300,0.353,ok,0.0,
industrial-plants,plant01,nodiag,154,rastar,242,115.000000,82.657300,0.383,ok,0.0,
industrial-plants,plant01,nodiag,154,mm,9668,115.000000,82.657300,11.908,ok,0.0,
industrial-plants,plant01,nodiag,154,bia,480,115.000000,82.657300,0.729,ok,0.0,
industrial-plants,plant01,nodiag,154,bae,480,115.000000,82.657300,0.761,ok,0.0,
industrial-plants,plant01,nodiag,154,nbs,26207,115.000000,82.657300,29.611,ok,0.0,
industrial-plants,plant01,nodiag,154,gbfs,250,119.000000,82.657300,0.456,subopt,0.0,
industrial-plants,plant01,nodiag,155,astar,592,123.000000,98.095500,0.802,ok,0.0,
industrial-plants,plant01,nodiag,155,rastar,124,123.000000,98.095500,0.239,ok,0.0,
industrial-plants,plant01,nodiag,155,mm,4435,123.000000,98.095500,5.982,ok,0.0,
industrial-plants,plant01,nodiag,155,bia,244,123.000000,98.095500,0.428,ok,0.0,
industrial-plants,plant01,nodiag,155,bae,244,123.000000,98.095500,0.459,ok,0.0,
industrial-plants,plant01,nodiag,155,nbs,2636,123.000000,98.095500,3.129,ok,0.0,
industrial-plants,plant01,nodiag,155,gbfs,244,123.000000,98.095500,0.455,subopt,0.0,
industrial-plants,plant01,nodiag,156,astar,7971,117.000000,98.069600,6.128,ok,7876.0,1.0120619603859828
industrial-plants,plant01,nodiag,156,rastar,46130,117.000000,98.069600,38.664,ok,7876.0,5.8570340274250885
industrial-plants,plant01,nodiag,156,mm,53614,117.000000,98.069600,53.507,ok,7876.0,6.807262569832402
industrial-plants,plant01,nodiag,156,bia,15875,117.000000,98.069600,13.957,ok,7876.0,2.015617064499746
industrial-plants,plant01,nodiag,156,bae,51125,117.000000,98.069600,52.636,ok,7876.0,6.491239207719655
industrial-plants,plant01,nodiag,156,nbs,21422,117.000000,98.069600,20.643,ok,7876.0,2.719908583037075
industrial-plants,plant01,nodiag,156,gbfs,8942,137.000000,98.069600,7.697,subopt,7876.0,1.1353478923311326
industrial-plants,plant01,nodiag,157,astar,154,153.000000,129.101000,0.306,ok,0.0,
industrial-plants,plant01,nodiag,157,rastar,154,153.000000,129.101000,0.296,ok,0.0,
industrial-plants,plant01,nodiag,157,mm,153,153.000000,129.101000,0.430,ok,0.0,
industrial-plants,plant01,nodiag,157,bia,153,153.000000,129.101000,0.317,ok,0.0,
industrial-plants,plant01,nodiag,157,bae,153,153.000000,129.101000,0.327,ok,0.0,
industrial-plants,plant01,nodiag,157,nbs,13839,153.000000,129.101000,15.601,ok,0.0,
industrial-plants,plant01,nodiag,157,gbfs,154,153.000000,129.101000,0.329,subopt,0.0,
industrial-plants,plant01,nodiag,158,astar,757,243.000000,189.751000,0.866,ok,0.0,
industrial-plants,plant01,nodiag,158,rastar,3544,243.000000,189.751000,4.710,ok,0.0,
industrial-plants,plant01,nodiag,158,mm,34445,243.000000,189.751000,49.214,ok,0.0,
industrial-plants,plant01,nodiag,158,bia,359,243.000000,189.751000,0.650,ok,0.0,
industrial-plants,plant01,nodiag,158,bae,359,243.000000,189.751000,0.695,ok,0.0,
industrial-plants,plant01,nodiag,158,nbs,69889,243.000000,189.751000,81.468,ok,0.0,
industrial-plants,plant01,nodiag,158,gbfs,360,243.000000,189.751000,0.687,subopt,0.0,
industrial-plants,plant01,nodiag,159,astar,133,132.000000,93.545900,0.273,ok,0.0,
industrial-plants,plant01,nodiag,159,rastar,133,132.000000,93.545900,0.289,ok,0.0,
industrial-plants,plant01,nodiag,159,mm,13522,132.000000,93.545900,18.011,ok,0.0,
industrial-plants,plant01,nodiag,159,bia,132,132.000000,93.545900,0.292,ok,0.0,
industrial-plants,plant01,nodiag,159,bae,132,132.000000,93.545900,0.310,ok,0.0,
industrial-plants,plant01,nodiag,159,nbs,45153,132.000000,93.545900,51.490,ok,0.0,
industrial-plants,plant01,nodiag,159,gbfs,132,132.000000,93.545900,0.316,subopt,0.0,
industrial-plants,plant01,nodiag,160,astar,1081,103.000000,94.213200,0.996,ok,712.0,1.5182584269662922
industrial-plants,plant01,nodiag,160,rastar,781,103.000000,94.213200,0.759,ok,712.0,1.0969101123595506
industrial-plants,plant01,nodiag,160,mm,2568,103.000000,94.213200,3.228,ok,712.0,3.606741573033708
industrial-plants,plant01,nodiag,160,bia,1556,103.000000,94.213200,1.524,ok,712.0,2.1853932584269664
industrial-plants,plant01,nodiag,160,bae,1560,103.000000,94.213200,1.664,ok,712.0,2.191011235955056
industrial-plants,plant01,nodiag,160,nbs,3341,103.000000,94.213200,3.830,ok,712.0,4.692415730337078
industrial-plants,plant01,nodiag,160,gbfs,216,103.000000,94.213200,0.385,subopt,712.0,0.30337078651685395
industrial-plants,plant01,nodiag,161,astar,109,108.000000,93.827500,0.212,ok,0.0,
industrial-plants,plant01,nodiag,161,rastar,109,108.000000,93.827500,0.208,ok,0.0,
industrial-plants,plant01,nodiag,161,mm,2619,108.000000,93.827500,3.332,ok,0.0,
industrial-plants,plant01,nodiag,161,bia,108,108.000000,93.827500,0.220,ok,0.0,
industrial-plants,plant01,nodiag,161,bae,108,108.000000,93.827500,0.243,ok,0.0,
industrial-plants,plant01,nodiag,161,nbs,3320,108.000000,93.827500,3.619,ok,0.0,
industrial-plants,plant01,nodiag,161,gbfs,108,108.000000,93.827500,0.227,subopt,0.0,
industrial-plants,plant01,nodiag,162,astar,230,229.000000,154.465000,0.385,ok,0.0,
industrial-plants,plant01,nodiag,162,rastar,464,229.000000,154.465000,0.681,ok,0.0,
industrial-plants,plant01,nodiag,162,mm,51434,229.000000,154.465000,67.110,ok,0.0,
industrial-plants,plant01,nodiag,162,bia,285,229.000000,154.465000,0.548,ok,0.0,
industrial-plants,plant01,nodiag,162,bae,285,229.000000,154.465000,0.581,ok,0.0,
industrial-plants,plant01,nodiag,162,nbs,266186,229.000000,154.465000,325.929,ok,0.0,
industrial-plants,plant01,nodiag,162,gbfs,286,229.000000,154.465000,0.596,subopt,0.0,
industrial-plants,plant01,nodiag,163,astar,203,202.000000,135.111000,0.369,ok,0.0,
industrial-plants,plant01,nodiag,163,rastar,203,202.000000,135.111000,0.368,ok,0.0,
industrial-plants,plant01,nodiag,163,mm,64260,202.000000,135.111000,82.954,ok,0.0,
industrial-plants,plant01,nodiag,163,bia,202,202.000000,135.111000,0.403,ok,0.0,
industrial-plants,plant01,nodiag,163,bae,202,202.000000,135.111000,0.426,ok,0.0,
industrial-plants,plant01,nodiag,163,nbs,138440,202.000000,135.111000,159.959,ok,0.0,
industrial-plants,plant01,nodiag,163,gbfs,202,202.000000,135.111000,0.407,subopt,0.0,
industrial-plants,plant01,nodiag,164,astar,157,156.000000,105.668000,0.294,ok,0.0,
industrial-plants,plant01,nodiag,164,rastar,12478,156.000000,105.668000,10.205,ok,0.0,
industrial-plants,plant01,nodiag,164,mm,42342,156.000000,105.668000,52.127,ok,0.0,
industrial-plants,plant01,nodiag,164,bia,243,156.000000,105.668000,0.443,ok,0.0,
industrial-plants,plant01,nodiag,164,bae,243,156.000000,105.668000,0.459,ok,0.0,
industrial-plants,plant01,nodiag,164,nbs,78962,156.000000,105.668000,87.509,ok,0.0,
industrial-plants,plant01,nodiag,164,gbfs,244,156.000000,105.668000,0.470,subopt,0.0,
industrial-plants,plant01,nodiag,165,astar,1075,190.000000,145.588000,1.401,ok,0.0,
industrial-plants,plant01,nodiag,165,rastar,335,190.000000,145.588000,0.573,ok,0.0,
industrial-plants,plant01,nodiag,165,mm,30741,190.000000,145.588000,41.760,ok,0.0,
industrial-plants,plant01,nodiag,165,bia,666,190.000000,145.588000,1.101,ok,0.0,
industrial-plants,plant01,nodiag,165,bae,666,190.000000,145.588000,1.229,ok,0.0,
industrial-plants,plant01,nodiag,165,nbs,62278,190.000000,145.588000,72.332,ok,0.0,
industrial-plants,plant01,nodiag,165,gbfs,392,194.000000,145.588000,0.721,subopt,0.0,
industrial-plants,plant01,nodiag,166,astar,27848,219.000000,176.950000,25.428,ok,27745.0,1.0037123806091188
industrial-plants,plant01,nodiag,166,rastar,70201,219.000000,176.950000,63.629,ok,27745.0,2.5302216615606414
industrial-plants,plant01,nodiag,166,mm,94248,219.000000,176.950000,126.930,ok,27745.0,3.3969363849342225
industrial-plants,plant01,nodiag,166,bia,55547,219.000000,176.950000,58.431,ok,27745.0,2.00205442422058
industrial-plants,plant01,nodiag,166,bae,64733,219.000000,176.950000,71.990,ok,27745.0,2.3331411065056766
industrial-plants,plant01,nodiag,166,nbs,72816,219.000000,176.950000,81.850,ok,27745.0,2.6244728779960353
industrial-plants,plant01,nodiag,166,gbfs,298,219.000000,176.950000,0.565,subopt,27745.0,0.01074067399531447
industrial-plants,plant01,nodiag,167,astar,9102,141.000000,100.738000,8.169,ok,0.0,
industrial-plants,plant01,nodiag,167,rastar,142,141.000000,100.738000,0.280,ok,0.0,
industrial-plants,plant01,nodiag,167,mm,11126,141.000000,100.738000,14.109,ok,0.0,
industrial-plants,plant01,nodiag,167,bia,246,141.000000,100.738000,0.473,ok,0.0,
industrial-plants,plant01,nodiag,167,bae,246,141.000000,100.738000,0.512,ok,0.0,
industrial-plants,plant01,nodiag,167,nbs,59568,141.000000,100.738000,66.669,ok,0.0,
industrial-plants,plant01,nodiag,167,gbfs,246,141.000000,100.738000,0.522,subopt,0.0,
industrial-plants,plant01,nodiag,168,astar,224,223.000000,181.362000,0.447,ok,0.0,
industrial-plants,plant01,nodiag,168,rastar,224,223.000000,181.362000,0.424,ok,0.0,
industrial-plants,plant01,nodiag,168,mm,223,223.000000,181.362000,0.611,ok,0.0,
industrial-plants,plant01,nodiag,168,bia,223,223.000000,181.362000,0.429,ok,0.0,
industrial-plants,plant01,nodiag,168,bae,223,223.000000,181.362000,0.473,ok,0.0,
industrial-plants,plant01,nodiag,168,nbs,46626,223.000000,181.362000,55.454,ok,0.0,
industrial-plants,plant01,nodiag,168,gbfs,224,223.000000,181.362000,0.454,subopt,0.0,
industrial-plants,plant01,nodiag,169,astar,4043,90.000000,71.065500,3.380,ok,4002.0,1.0102448775612194
industrial-plants,plant01,nodiag,169,rastar,11109,90.000000,71.065500,9.110,ok,4002.0,2.7758620689655173
industrial-plants,plant01,nodiag,169,mm,14507,90.000000,71.065500,15.242,ok,4002.0,3.624937531234383
industrial-plants,plant01,nodiag,169,bia,8067,90.000000,71.065500,7.577,ok,4002.0,2.0157421289355324
industrial-plants,plant01,nodiag,169,bae,14139,90.000000,71.065500,14.102,ok,4002.0,3.532983508245877
industrial-plants,plant01,nodiag,169,nbs,10490,90.000000,71.065500,10.595,ok,4002.0,2.6211894052973514
industrial-plants,plant01,nodiag,169,gbfs,510,90.000000,71.065500,0.655,subopt,4002.0,0.12743628185907047
industrial-plants,plant01,nodiag,170,astar,112,111.000000,88.065500,0.222,ok,0.0,
industrial-plants,plant01,nodiag,170,rastar,840,111.000000,88.065500,0.842,ok,0.0,
industrial-plants,plant01,nodiag,170,mm,6765,111.000000,88.065500,8.825,ok,0.0,
industrial-plants,plant01,nodiag,170,bia,115,111.000000,88.065500,0.230,ok,0.0,
industrial-plants,plant01,nodiag,170,bae,115,111.000000,88.065500,0.243,ok,0.0,
industrial-plants,plant01,nodiag,170,nbs,13897,111.000000,88.065500,14.735,ok,0.0,
industrial-plants,plant01,nodiag,170,gbfs,116,111.000000,88.065500,0.250,subopt,0.0,
industrial-plants,plant01,nodiag,171,astar,156,155.000000,132.699000,0.311,ok,0.0,
industrial-plants,plant01,nodiag,171,rastar,156,155.000000,132.699000,0.312,ok,0.0,
industrial-plants,plant01,nodiag,171,mm,155,155.000000,132.699000,0.428,ok,0.0,
industrial-plants,plant01,nodiag,171,bia,155,155.000000,132.699000,0.309,ok,0.0,
industrial-plants,plant01,nodiag,171,bae,155,155.000000,132.699000,0.331,ok,0.0,
industrial-plants,plant01,nodiag,171,nbs,10857,155.000000,132.699000,12.777,ok,0.0,
industrial-plants,plant01,nodiag,171,gbfs,156,155.000000,132.699000,0.337,subopt,0.0,
industrial-plants,plant01,nodiag,172,astar,818,187.000000,139.655000,0.893,ok,0.0,
industrial-plants,plant01,nodiag,172,rastar,188,187.000000,139.655000,0.311,ok,0.0,
industrial-plants,plant01,nodiag,172,mm,187,187.000000,139.655000,0.462,ok,0.0,
industrial-plants,plant01,nodiag,172,bia,187,187.000000,139.655000,0.326,ok,0.0,
industrial-plants,plant01,nodiag,172,bae,187,187.000000,139.655000,0.361,ok,0.0,
industrial-plants,plant01,nodiag,172,nbs,51396,187.000000,139.655000,55.949,ok,0.0,
industrial-plants,plant01,nodiag,172,gbfs,188,187.000000,139.655000,0.350,subopt,0.0,
industrial-plants,plant01,nodiag,173,astar,5752,228.000000,172.069000,5.388,ok,0.0,
industrial-plants,plant01,nodiag,173,rastar,229,228.000000,172.069000,0.441,ok,0.0,
industrial-plants,plant01,nodiag,173,mm,38058,228.000000,172.069000,53.866,ok,0.0,
industrial-plants,plant01,nodiag,173,bia,230,228.000000,172.069000,0.440,ok,0.0,
industrial-plants,plant01,nodiag,173,bae,230,228.000000,172.069000,0.466,ok,0.0,
industrial-plants,plant01,nodiag,173,nbs,74093,228.000000,172.069000,86.038,ok,0.0,
industrial-plants,plant01,nodiag,173,gbfs,230,228.000000,172.069000,0.483,subopt,0.0,
industrial-plants,plant01,nodiag,174,astar,189,188.000000,121.555000,0.353,ok,0.0,
industrial-plants,plant01,nodiag,174,rastar,189,188.000000,121.555000,0.353,ok,0.0,
industrial-plants,plant01,nodiag,174,mm,72377,188.000000,121.555000,94.580,ok,0.0,
industrial-plants,plant01,nodiag,174,bia,188,188.000000,121.555000,0.377,ok,0.0,
industrial-plants,plant01,nodiag,174,bae,188,188.000000,121.555000,0.389,ok,0.0,
industrial-plants,plant01,nodiag,174,nbs,149841,188.000000,121.555000,182.339,ok,0.0,
industrial-plants,plant01,nodiag,174,gbfs,188,188.000000,121.555000,0.393,subopt,0.0,
industrial-plants,plant01,nodiag,175,astar,399,160.000000,131.148000,0.590,ok,0.0,
industrial-plants,plant01,nodiag,175,rastar,161,160.000000,131.148000,0.294,ok,0.0,
industrial-plants,plant01,nodiag,175,mm,3545,160.000000,131.148000,5.252,ok,0.0,
industrial-plants,plant01,nodiag,175,bia,318,160.000000,131.148000,0.587,ok,0.0,
industrial-plants,plant01,nodiag,175,bae,318,160.000000,131.148000,0.600,ok,0.0,
industrial-plants,plant01,nodiag,175,nbs,7594,160.000000,131.148000,9.112,ok,0.0,
industrial-plants,plant01,nodiag,175,gbfs,164,164.000000,131.148000,0.327,subopt,0.0,
industrial-plants,plant01,nodiag,176,astar,260,259.000000,182.997000,0.463,ok,0.0,
industrial-plants,plant01,nodiag,176,rastar,260,259.000000,182.997000,0.459,ok,0.0,
industrial-plants,plant01,nodiag,176,mm,262,259.000000,182.997000,0.695,ok,0.0,
industrial-plants,plant01,nodiag,176,bia,262,259.000000,182.997000,0.501,ok,0.0,
industrial-plants,plant01,nodiag,176,bae,262,259.000000,182.997000,0.531,ok,0.0,
industrial-plants,plant01,nodiag,176,nbs,377092,259.000000,182.997000,473.570,ok,0.0,
industrial-plants,plant01,nodiag,176,gbfs,262,259.000000,182.997000,0.551,subopt,0.0,
industrial-plants,plant01,nodiag,177,astar,1611,161.000000,112.216000,1.698,ok,0.0,
industrial-plants,plant01,nodiag,177,rastar,162,161.000000,112.216000,0.317,ok,0.0,
industrial-plants,plant01,nodiag,177,mm,881,161.000000,112.216000,1.373,ok,0.0,
industrial-plants,plant01,nodiag,177,bia,208,161.000000,112.216000,0.380,ok,0.0,
industrial-plants,plant01,nodiag,177,bae,208,161.000000,112.216000,0.401,ok,0.0,
industrial-plants,plant01,nodiag,177,nbs,109435,161.000000,112.216000,124.116,ok,0.0,
industrial-plants,plant01,nodiag,177,gbfs,208,161.000000,112.216000,0.403,subopt,0.0,
industrial-plants,plant01,nodiag,178,astar,188,187.000000,149.710000,0.329,ok,0.0,
industrial-plants,plant01,nodiag,178,rastar,350,187.000000,149.710000,0.530,ok,0.0,
industrial-plants,plant01,nodiag,178,mm,187,187.000000,149.710000,0.509,ok,0.0,
industrial-plants,plant01,nodiag,178,bia,187,187.000000,149.710000,0.370,ok,0.0,
industrial-plants,plant01,nodiag,178,bae,187,187.000000,149.710000,0.394,ok,0.0,
industrial-plants,plant01,nodiag,178,nbs,21632,187.000000,149.710000,25.825,ok,0.0,
industrial-plants,plant01,nodiag,178,gbfs,188,187.000000,149.710000,0.367,subopt,0.0,
industrial-plants,plant01,nodiag,179,astar,159,151.000000,111.694000,0.312,ok,0.0,
industrial-plants,plant01,nodiag,179,rastar,152,151.000000,111.694000,0.287,ok,0.0,
industrial-plants,plant01,nodiag,179,mm,151,151.000000,111.694000,0.433,ok,0.0,
industrial-plants,plant01,nodiag,179,bia,151,151.000000,111.694000,0.323,ok,0.0,
industrial-plants,plant01,nodiag,179,bae,151,151.000000,111.694000,0.328,ok,0.0,
industrial-plants,plant01,nodiag,179,nbs,50831,151.000000,111.694000,56.192,ok,0.0,
industrial-plants,plant01,nodiag,179,gbfs,152,151.000000,111.694000,0.344,subopt,0.0,
industrial-plants,plant01,nodiag,180,astar,2728,63.000000,61.828400,2.218,ok,2670.0,1.0217228464419477
industrial-plants,plant01,nodiag,180,rastar,3211,63.000000,61.828400,2.458,ok,2670.0,1.202621722846442
industrial-plants,plant01,nodiag,180,mm,5999,63.000000,61.828400,5.699,ok,2670.0,2.2468164794007492
industrial-plants,plant01,nodiag,180,bia,5433,63.000000,61.828400,4.517,ok,2670.0,2.034831460674157
industrial-plants,plant01,nodiag,180,bae,5485,63.000000,61.828400,4.962,ok,2670.0,2.054307116104869
industrial-plants,plant01,nodiag,180,nbs,6573,63.000000,61.828400,6.279,ok,2670.0,2.4617977528089887
industrial-plants,plant01,nodiag,180,gbfs,1656,63.000000,61.828400,1.667,subopt,2670.0,0.6202247191011236
industrial-plants,plant01,nodiag,181,astar,197,196.000000,144.468000,0.345,ok,0.0,
industrial-plants,plant01,nodiag,181,rastar,197,196.000000,144.468000,0.350,ok,0.0,
industrial-plants,plant01,nodiag,181,mm,16838,196.000000,144.468000,23.101,ok,0.0,
industrial-plants,plant01,nodiag,181,bia,196,196.000000,144.468000,0.368,ok,0.0,
industrial-plants,plant01,nodiag,181,bae,196,196.000000,144.468000,0.404,ok,0.0,
industrial-plants,plant01,nodiag,181,nbs,88689,196.000000,144.468000,101.087,ok,0.0,
industrial-plants,plant01,nodiag,181,gbfs,196,196.000000,144.468000,0.390,subopt,0.0,
industrial-plants,plant01,nodiag,182,astar,1940,66.000000,63.355300,1.610,ok,1904.0,1.01890756302521
industrial-plants,plant01,nodiag,182,rastar,2471,66.000000,63.355300,1.945,ok,1904.0,1.2977941176470589
industrial-plants,plant01,nodiag,182,mm,4746,66.000000,63.355300,4.634,ok,1904.0,2.4926470588235294
industrial-plants,plant01,nodiag,182,bia,3863,66.000000,63.355300,3.264,ok,1904.0,2.028886554621849
industrial-plants,plant01,nodiag,182,bae,3863,66.000000,63.355300,3.551,ok,1904.0,2.028886554621849
industrial-plants,plant01,nodiag,182,nbs,4796,66.000000,63.355300,4.728,ok,1904.0,2.51890756302521
industrial-plants,plant01,nodiag,182,gbfs,690,66.000000,63.355300,0.851,subopt,1904.0,0.36239495798319327
industrial-plants,plant01,nodiag,183,astar,169,168.000000,127.688000,0.326,ok,0.0,
industrial-plants,plant01,nodiag,183,rastar,8111,168.000000,127.688000,6.934,ok,0.0,
industrial-plants,plant01,nodiag,183,mm,23293,168.000000,127.688000,30.886,ok,0.0,
industrial-plants,plant01,nodiag,183,bia,241,168.000000,127.688000,0.440,ok,0.0,
industrial-plants,plant01,nodiag,183,bae,241,168.000000,127.688000,0.496,ok,0.0,
industrial-plants,plant01,nodiag,183,nbs,57575,168.000000,127.688000,67.025,ok,0.0,
industrial-plants,plant01,nodiag,183,gbfs,242,168.000000,127.688000,0.483,subopt,0.0,
industrial-plants,plant01,nodiag,184,astar,3218,121.000000,105.618000,2.726,ok,3006.0,1.0705256154357952
industrial-plants,plant01,nodiag,184,rastar,11251,121.000000,105.618000,10.064,ok,3006.0,3.742847638057219
industrial-plants,plant01,nodiag,184,mm,12223,121.000000,105.618000,13.498,ok,3006.0,4.066200931470393
industrial-plants,plant01,nodiag,184,bia,6427,121.000000,105.618000,6.601,ok,3006.0,2.1380572188955425
industrial-plants,plant01,nodiag,184,bae,8212,121.000000,105.618000,8.750,ok,3006.0,2.731869594145043
industrial-plants,plant01,nodiag,184,nbs,8202,121.000000,105.618000,9.023,ok,3006.0,2.7285429141716566
industrial-plants,plant01,nodiag,184,gbfs,500,129.000000,105.618000,0.748,subopt,3006.0,0.16633399866932802
industrial-plants,plant01,nodiag,185,astar,193,192.000000,159.492000,0.340,ok,0.0,
industrial-plants,plant01,nodiag,185,rastar,319,192.000000,159.492000,0.518,ok,0.0,
industrial-plants,plant01,nodiag,185,mm,8768,192.000000,159.492000,12.863,ok,0.0,
industrial-plants,plant01,nodiag,185,bia,192,192.000000,159.492000,0.374,ok,0.0,
industrial-plants,plant01,nodiag,185,bae,192,192.000000,159.492000,0.386,ok,0.0,
industrial-plants,plant01,nodiag,185,nbs,13825,192.000000,159.492000,16.623,ok,0.0,
industrial-plants,plant01,nodiag,185,gbfs,192,192.000000,159.492000,0.376,subopt,0.0,
industrial-plants,plant01,nodiag,186,astar,189,188.000000,125.069000,0.328,ok,0.0,
industrial-plants,plant01,nodiag,186,rastar,189,188.000000,125.069000,0.341,ok,0.0,
industrial-plants,plant01,nodiag,186,mm,85626,188.000000,125.069000,111.392,ok,0.0,
industrial-plants,plant01,nodiag,186,bia,188,188.000000,125.069000,0.371,ok,0.0,
industrial-plants,plant01,nodiag,186,bae,188,188.000000,125.069000,0.391,ok,0.0,
industrial-plants,plant01,nodiag,186,nbs,171065,188.000000,125.069000,201.464,ok,0.0,
industrial-plants,plant01,nodiag,186,gbfs,188,188.000000,125.069000,0.395,subopt,0.0,
industrial-plants,plant01,nodiag,187,astar,367,111.000000,90.634800,0.468,ok,0.0,
industrial-plants,plant01,nodiag,187,rastar,112,111.000000,90.634800,0.229,ok,0.0,
industrial-plants,plant01,nodiag,187,mm,211,111.000000,90.634800,0.463,ok,0.0,
industrial-plants,plant01,nodiag,187,bia,130,111.000000,90.634800,0.291,ok,0.0,
industrial-plants,plant01,nodiag,187,bae,130,111.000000,90.634800,0.306,ok,0.0,
industrial-plants,plant01,nodiag,187,nbs,13512,111.000000,90.634800,14.257,ok,0.0,
industrial-plants,plant01,nodiag,187,gbfs,130,111.000000,90.634800,0.304,subopt,0.0,
industrial-plants,plant01,nodiag,188,astar,1219,169.000000,134.249000,1.199,ok,1114.0,1.0942549371633752
industrial-plants,plant01,nodiag,188,rastar,36229,169.000000,134.249000,35.744,ok,1114.0,32.521543985637344
industrial-plants,plant01,nodiag,188,mm,23841,169.000000,134.249000,31.515,ok,1114.0,21.40125673249551
industrial-plants,plant01,nodiag,188,bia,2405,169.000000,134.249000,2.712,ok,1114.0,2.158886894075404
industrial-plants,plant01,nodiag,188,bae,4401,169.000000,134.249000,4.647,ok,1114.0,3.9506283662477557
industrial-plants,plant01,nodiag,188,nbs,5918,169.000000,134.249000,6.060,ok,1114.0,5.312387791741473
industrial-plants,plant01,nodiag,188,gbfs,328,169.000000,134.249000,0.605,subopt,1114.0,0.29443447037701975
industrial-plants,plant01,nodiag,189,astar,2685,119.000000,107.776000,2.453,ok,2520.0,1.0654761904761905
industrial-plants,plant01,nodiag,189,rastar,5254,119.000000,107.776000,4.632,ok,2520.0,2.084920634920635
industrial-plants,plant01,nodiag,189,mm,6446,119.000000,107.776000,7.530,ok,2520.0,2.5579365079365077
industrial-plants,plant01,nodiag,189,bia,5329,119.000000,107.776000,5.132,ok,2520.0,2.1146825396825397
industrial-plants,plant01,nodiag,189,bae,5328,119.000000,107.776000,5.361,ok,2520.0,2.1142857142857143
industrial-plants,plant01,nodiag,189,nbs,7166,119.000000,107.776000,7.708,ok,2520.0,2.8436507936507938
industrial-plants,plant01,nodiag,189,gbfs,592,131.000000,107.776000,0.799,subopt,2520.0,0.23492063492063492
industrial-plants,plant01,nodiag,190,astar,174,173.000000,118.937000,0.333,ok,0.0,
industrial-plants,plant01,nodiag,190,rastar,174,173.000000,118.937000,0.335,ok,0.0,
industrial-plants,plant01,nodiag,190,mm,173,173.000000,118.937000,0.475,ok,0.0,
industrial-plants,plant01,nodiag,190,bia,173,173.000000,118.937000,0.349,ok,0.0,
industrial-plants,plant01,nodiag,190,bae,173,173.000000,118.937000,0.362,ok,0.0,
industrial-plants,plant01,nodiag,190,nbs,101530,173.000000,118.937000,116.383,ok,0.0,
industrial-plants,plant01,nodiag,190,gbfs,174,173.000000,118.937000,0.371,subopt,0.0,
industrial-plants,plant01,nodiag,191,astar,122,121.000000,91.829600,0.264,ok,0.0,
industrial-plants,plant01,nodiag,191,rastar,122,121.000000,91.829600,0.250,ok,0.0,
industrial-plants,plant01,nodiag,191,mm,121,121.000000,91.829600,0.364,ok,0.0,
industrial-plants,plant01,nodiag,191,bia,121,121.000000,91.829600,0.274,ok,0.0,
industrial-plants,plant01,nodiag,191,bae,121,121.000000,91.829600,0.283,ok,0.0,
industrial-plants,plant01,nodiag,191,nbs,32263,121.000000,91.829600,34.796,ok,0.0,
industrial-plants,plant01,nodiag,191,gbfs,122,121.000000,91.829600,0.277,subopt,0.0,
industrial-plants,plant01,nodiag,192,astar,123,122.000000,96.626000,0.230,ok,0.0,
industrial-plants,plant01,nodiag,192,rastar,123,122.000000,96.626000,0.238,ok,0.0,
industrial-plants,plant01,nodiag,192,mm,7312,122.000000,96.626000,9.090,ok,0.0,
industrial-plants,plant01,nodiag,192,bia,217,122.000000,96.626000,0.377,ok,0.0,
industrial-plants,plant01,nodiag,192,bae,217,122.000000,96.626000,0.402,ok,0.0,
industrial-plants,plant01,nodiag,192,nbs,17720,122.000000,96.626000,18.365,ok,0.0,
industrial-plants,plant01,nodiag,192,gbfs,218,122.000000,96.626000,0.442,subopt,0.0,
industrial-plants,plant01,nodiag,193,astar,242,135.000000,107.275000,0.413,ok,0.0,
industrial-plants,plant01,nodiag,193,rastar,136,135.000000,107.275000,0.303,ok,0.0,
industrial-plants,plant01,nodiag,193,mm,162,135.000000,107.275000,0.489,ok,0.0,
industrial-plants,plant01,nodiag,193,bia,162,135.000000,107.275000,0.367,ok,0.0,
industrial-plants,plant01,nodiag,193,bae,162,135.000000,107.275000,0.391,ok,0.0,
industrial-plants,plant01,nodiag,193,nbs,22128,135.000000,107.275000,24.971,ok,0.0,
industrial-plants,plant01,nodiag,193,gbfs,140,139.000000,107.275000,0.332,subopt,0.0,
industrial-plants,plant01,nodiag,194,astar,99,98.000000,81.366300,0.242,ok,0.0,
industrial-plants,plant01,nodiag,194,rastar,249,98.000000,81.366300,0.416,ok,0.0,
industrial-plants,plant01,nodiag,194,mm,2193,98.000000,81.366300,2.905,ok,0.0,
industrial-plants,plant01,nodiag,194,bia,181,98.000000,81.366300,0.379,ok,0.0,
industrial-plants,plant01,nodiag,194,bae,181,98.000000,81.366300,0.387,ok,0.0,
industrial-plants,plant01,nodiag,194,nbs,7462,98.000000,81.366300,7.938,ok,0.0,
industrial-plants,plant01,nodiag,194,gbfs,182,98.000000,81.366300,0.381,subopt,0.0,
industrial-plants,plant01,nodiag,195,astar,1062,124.000000,100.576000,0.974,ok,856.0,1.2406542056074767
industrial-plants,plant01,nodiag,195,rastar,14766,124.000000,100.576000,13.528,ok,856.0,17.25
industrial-plants,plant01,nodiag,195,mm,11589,124.000000,100.576000,14.222,ok,856.0,13.538551401869158
industrial-plants,plant01,nodiag,195,bia,2119,124.000000,100.576000,2.175,ok,856.0,2.475467289719626
industrial-plants,plant01,nodiag,195,bae,18727,124.000000,100.576000,20.951,ok,856.0,21.877336448598133
industrial-plants,plant01,nodiag,195,nbs,18442,124.000000,100.576000,18.736,ok,856.0,21.544392523364486
industrial-plants,plant01,nodiag,195,gbfs,300,124.000000,100.576000,0.521,subopt,856.0,0.35046728971962615
industrial-plants,plant01,nodiag,196,astar,3806,100.000000,89.353900,2.856,ok,3760.0,1.0122340425531915
industrial-plants,plant01,nodiag,196,rastar,12486,100.000000,89.353900,9.985,ok,3760.0,3.320744680851064
industrial-plants,plant01,nodiag,196,mm,13631,100.000000,89.353900,14.290,ok,3760.0,3.6252659574468087
industrial-plants,plant01,nodiag,196,bia,7591,100.000000,89.353900,6.851,ok,3760.0,2.018882978723404
industrial-plants,plant01,nodiag,196,bae,14256,100.000000,89.353900,14.009,ok,3760.0,3.7914893617021277
industrial-plants,plant01,nodiag,196,nbs,8926,100.000000,89.353900,8.686,ok,3760.0,2.373936170212766
industrial-plants,plant01,nodiag,196,gbfs,480,100.000000,89.353900,0.638,subopt,3760.0,0.1276595744680851
industrial-plants,plant01,nodiag,197,astar,185,184.000000,125.644000,0.336,ok,0.0,
industrial-plants,plant01,nodiag,197,rastar,185,184.000000,125.644000,0.328,ok,0.0,
industrial-plants,plant01,nodiag,197,mm,63475,184.000000,125.644000,81.883,ok,0.0,
industrial-plants,plant01,nodiag,197,bia,184,184.000000,125.644000,0.363,ok,0.0,
industrial-plants,plant01,nodiag,197,bae,184,184.000000,125.644000,0.380,ok,0.0,
industrial-plants,plant01,nodiag,197,nbs,149510,184.000000,125.644000,175.956,ok,0.0,
industrial-plants,plant01,nodiag,197,gbfs,184,184.000000,125.644000,0.377,subopt,0.0,
industrial-plants,plant01,nodiag,198,astar,15199,170.000000,118.199000,13.546,ok,0.0,
industrial-plants,plant01,nodiag,198,rastar,171,170.000000,118.199000,0.319,ok,0.0,
industrial-plants,plant01,nodiag,198,mm,52049,170.000000,118.199000,66.227,ok,0.0,
industrial-plants,plant01,nodiag,198,bia,200,170.000000,118.199000,0.386,ok,0.0,
industrial-plants,plant01,nodiag,198,bae,200,170.000000,118.199000,0.405,ok,0.0,
industrial-plants,plant01,nodiag,198,nbs,97101,170.000000,118.199000,111.219,ok,0.0,
industrial-plants,plant01,nodiag,198,gbfs,200,170.000000,118.199000,0.409,subopt,0.0,
industrial-plants,plant01,nodiag,199,astar,167,166.000000,118.134000,0.306,ok,0.0,
industrial-plants,plant01,nodiag,199,rastar,167,166.000000,118.134000,0.295,ok,0.0,
industrial-plants,plant01,nodiag,199,mm,52342,166.000000,118.134000,64.914,ok,0.0,
industrial-plants,plant01,nodiag,199,bia,166,166.000000,118.134000,0.325,ok,0.0,
industrial-plants,plant01,nodiag,199,bae,166,166.000000,118.134000,0.327,ok,0.0,
industrial-plants,plant01,nodiag,199,nbs,109832,166.000000,118.134000,123.185,ok,0.0,
industrial-plants,plant01,nodiag,199,gbfs,166,166.000000,118.134000,0.341,subopt,0.0,
industrial-plants,plant02,diag,0,astar,3,2.414214,2.414210,0.067,ok,0.0,
industrial-plants,plant02,diag,0,rastar,3,2.414214,2.414210,0.077,ok,0.0,
industrial-plants,plant02,diag,0,mm,2,2.414214,2.414210,0.071,ok,0.0,
industrial-plants,plant02,diag,0,bia,2,2.414214,2.414210,0.050,ok,0.0,
industrial-plants,plant02,diag,0,bae,2,2.414214,2.414210,0.057,ok,0.0,
industrial-plants,plant02,diag,0,nbs,2,2.414214,2.414210,0.029,ok,0.0,
industrial-plants,plant02,diag,0,gbfs,2,3.146264,2.414210,0.062,subopt,0.0,
industrial-plants,plant02,diag,1,astar,3,2.828427,2.828430,0.058,ok,0.0,
industrial-plants,plant02,diag,1,rastar,3,2.828427,2.828430,0.063,ok,0.0,
industrial-plants,plant02,diag,1,mm,2,2.828427,2.828430,0.061,ok,0.0,
industrial-plants,plant02,diag,1,bia,2,2.828427,2.828430,0.076,ok,0.0,
industrial-plants,plant02,diag,1,bae,2,2.828427,2.828430,0.053,ok,0.0,
industrial-plants,plant02,diag,1,nbs,2,2.828427,2.828430,0.033,ok,0.0,
industrial-plants,plant02,diag,1,gbfs,2,2.828427,2.828430,0.072,subopt,0.0,
industrial-plants,plant02,diag,2,astar,3,2.000000,2.000000,0.059,ok,0.0,
industrial-plants,plant02,diag,2,rastar,3,2.000000,2.000000,0.056,ok,0.0,
industrial-plants,plant02,diag,2,mm,2,2.000000,2.000000,0.064,ok,0.0,
industrial-plants,plant02,diag,2,bia,2,2.000000,2.000000,0.052,ok,0.0,
industrial-plants,plant02,diag,2,bae,2,2.000000,2.000000,0.056,ok,0.0,
industrial-plants,plant02,diag,2,nbs,2,2.000000,2.000000,0.032,ok,0.0,
industrial-plants,plant02,diag,2,gbfs,2,3.464102,2.000000,0.059,subopt,0.0,
industrial-plants,plant02,diag,3,astar,3,2.414214,2.414210,0.059,ok,0.0,
industrial-plants,plant02,diag,3,rastar,3,2.414214,2.414210,0.060,ok,0.0,
industrial-plants,plant02,diag,3,mm,2,2.414214,2.414210,0.064,ok,0.0,
industrial-plants,plant02,diag,3,bia,2,2.414214,2.414210,0.054,ok,0.0,
industrial-plants,plant02,diag,3,bae,2,2.414214,2.414210,0.057,ok,0.0,
industrial-plants,plant02,diag,3,nbs,2,2.414214,2.414210,0.031,ok,0.0,
industrial-plants,plant02,diag,3,gbfs,2,2.414214,2.414210,0.060,subopt,0.0,
industrial-plants,plant02,diag,4,astar,3,2.000000,2.000000,0.068,ok,0.0,
industrial-plants,plant02,diag,4,rastar,3,2.000000,2.000000,0.067,ok,0.0,
industrial-plants,plant02,diag,4,mm,2,2.000000,2.000000,0.064,ok,0.0,
industrial-plants,plant02,diag,4,bia,2,2.000000,2.000000,0.057,ok,0.0,
industrial-plants,plant02,diag,4,bae,2,2.000000,2.000000,0.057,ok,0.0,
industrial-plants,plant02,diag,4,nbs,2,2.000000,2.000000,0.033,ok,0.0,
industrial-plants,plant02,diag,4,gbfs,2,3.464102,2.000000,0.062,subopt,0.0,
industrial-plants,plant02,diag,5,astar,3,2.000000,2.000000,0.057,ok,0.0,
industrial-plants,plant02,diag,5,rastar,3,2.000000,2.000000,0.060,ok,0.0,
industrial-plants,plant02,diag,5,mm,2,2.000000,2.000000,0.064,ok,0.0,
industrial-plants,plant02,diag,5,bia,2,2.000000,2.000000,0.053,ok,0.0,
industrial-plants,plant02,diag,5,bae,2,2.000000,2.000000,0.056,ok,0.0,
industrial-plants,plant02,diag,5,nbs,2,2.000000,2.000000,0.032,ok,0.0,
industrial-plants,plant02,diag,5,gbfs,2,2.828427,2.000000,0.060,subopt,0.0,
industrial-plants,plant02,diag,6,astar,3,2.414214,2.414210,0.059,ok,0.0,
industrial-plants,plant02,diag,6,rastar,3,2.414214,2.414210,0.059,ok,0.0,
industrial-plants,plant02,diag,6,mm,2,2.414214,2.414210,0.065,ok,0.0,
industrial-plants,plant02,diag,6,bia,2,2.414214,2.414210,0.054,ok,0.0,
industrial-plants,plant02,diag,6,bae,2,2.414214,2.414210,0.058,ok,0.0,
industrial-plants,plant02,diag,6,nbs,2,2.414214,2.414210,0.032,ok,0.0,
industrial-plants,plant02,diag,6,gbfs,2,3.146264,2.414210,0.062,subopt,0.0,
industrial-plants,plant02,diag,7,astar,3,2.828427,2.828430,0.059,ok,0.0,
industrial-plants,plant02,diag,7,rastar,3,2.828427,2.828430,0.067,ok,0.0,
industrial-plants,plant02,diag,7,mm,2,2.828427,2.828430,0.068,ok,0.0,
industrial-plants,plant02,diag,7,bia,2,2.828427,2.828430,0.082,ok,0.0,
industrial-plants,plant02,diag,7,bae,2,2.828427,2.828430,0.061,ok,0.0,
industrial-plants,plant02,diag,7,nbs,2,2.828427,2.828430,0.036,ok,0.0,
industrial-plants,plant02,diag,7,gbfs,2,3.464102,2.828430,0.090,subopt,0.0,
industrial-plants,plant02,diag,8,astar,3,2.000000,2.000000,0.058,ok,0.0,
industrial-plants,plant02,diag,8,rastar,3,2.000000,2.000000,0.058,ok,0.0,
industrial-plants,plant02,diag,8,mm,2,2.000000,2.000000,0.079,ok,0.0,
industrial-plants,plant02,diag,8,bia,2,2.000000,2.000000,0.055,ok,0.0,
industrial-plants,plant02,diag,8,bae,2,2.000000,2.000000,0.060,ok,0.0,
industrial-plants,plant02,diag,8,nbs,2,2.000000,2.000000,0.042,ok,0.0,
industrial-plants,plant02,diag,8,gbfs,2,2.828427,2.000000,0.061,subopt,0.0,
industrial-plants,plant02,diag,9,astar,3,2.000000,2.000000,0.071,ok,0.0,
industrial-plants,plant02,diag,9,rastar,3,2.000000,2.000000,0.086,ok,0.0,
industrial-plants,plant02,diag,9,mm,2,2.000000,2.000000,0.066,ok,0.0,
industrial-plants,plant02,diag,9,bia,2,2.000000,2.000000,0.058,ok,0.0,
industrial-plants,plant02,diag,9,bae,2,2.000000,2.000000,0.061,ok,0.0,
industrial-plants,plant02,diag,9,nbs,2,2.000000,2.000000,0.035,ok,0.0,
industrial-plants,plant02,diag,9,gbfs,2,3.464102,2.000000,0.066,subopt,0.0,
industrial-plants,plant02,diag,10,astar,819,71.254834,71.254800,1.421,ok,800.0,1.02375
industrial-plants,plant02,diag,10,rastar,1205,71.254834,71.254800,2.152,ok,800.0,1.50625
industrial-plants,plant02,diag,10,mm,1448,71.254834,71.254800,16.556,ok,800.0,1.81
industrial-plants,plant02,diag,10,bia,1609,71.254834,71.254800,3.055,ok,800.0,2.01125
industrial-plants,plant02,diag,10,bae,2021,71.254834,71.254800,4.118,ok,800.0,2.52625
industrial-plants,plant02,diag,10,nbs,1572,71.254834,71.254800,2.732,ok,800.0,1.965
industrial-plants,plant02,diag,10,gbfs,110,73.547363,71.254800,0.560,subopt,800.0,0.1375
industrial-plants,plant02,diag,11,astar,819,189.928010,189.928000,1.999,ok,668.0,1.2260479041916168
industrial-plants,plant02,diag,11,rastar,202561,189.928010,189.928000,647.483,ok,668.0,303.2350299401198
industrial-plants,plant02,diag,11,mm,112961,189.928010,189.928000,1363.763,ok,668.0,169.10329341317365
industrial-plants,plant02,diag,11,bia,1633,189.928010,189.928000,4.617,ok,668.0,2.444610778443114
industrial-plants,plant02,diag,11,bae,45969,189.928010,189.928000,223.680,ok,668.0,68.81586826347305
industrial-plants,plant02,diag,11,nbs,21566,189.928010,189.928000,53.822,ok,668.0,32.28443113772455
industrial-plants,plant02,diag,11,gbfs,326,192.316915,189.928000,1.541,subopt,668.0,0.4880239520958084
industrial-plants,plant02,diag,12,astar,819,257.497714,257.498000,2.162,ok,630.0,1.3
industrial-plants,plant02,diag,12,rastar,627143,257.497714,257.498000,2011.027,ok,630.0,995.4650793650794
industrial-plants,plant02,diag,12,mm,338766,257.497714,257.498000,4239.874,ok,630.0,537.7238095238096
industrial-plants,plant02,diag,12,bia,1633,257.497714,257.498000,5.215,ok,630.0,2.592063492063492
industrial-plants,plant02,diag,12,bae,123219,257.497714,257.498000,486.618,ok,630.0,195.5857142857143
industrial-plants,plant02,diag,12,nbs,348664,257.497714,257.498000,1818.072,ok,630.0,553.4349206349207
industrial-plants,plant02,diag,12,gbfs,422,270.255125,257.498000,2.481,subopt,630.0,0.6698412698412698
industrial-plants,plant02,diag,13,astar,819,75.740115,75.740100,1.439,ok,795.0,1.030188679245283
industrial-plants,plant02,diag,13,rastar,1731,75.740115,75.740100,3.092,ok,795.0,2.177358490566038
industrial-plants,plant02,diag,13,mm,1959,75.740115,75.740100,27.783,ok,795.0,2.4641509433962265
industrial-plants,plant02,diag,13,bia,1605,75.740115,75.740100,3.085,ok,795.0,2.018867924528302
industrial-plants,plant02,diag,13,bae,2404,75.740115,75.740100,5.182,ok,795.0,3.0238993710691826
industrial-plants,plant02,diag,13,nbs,1592,75.740115,75.740100,2.852,ok,795.0,2.0025157232704403
industrial-plants,plant02,diag,13,gbfs,114,77.396970,75.740100,0.480,subopt,795.0,0.14339622641509434
industrial-plants,plant02,diag,14,astar,819,130.255995,130.256000,1.941,ok,738.0,1.1097560975609757
industrial-plants,plant02,diag,14,rastar,82036,130.255995,130.256000,307.862,ok,738.0,111.15989159891599
industrial-plants,plant02,diag,14,mm,50993,130.255995,130.256000,545.748,ok,738.0,69.09620596205961
industrial-plants,plant02,diag,14,bia,1633,130.255995,130.256000,4.362,ok,738.0,2.2127371273712737
industrial-plants,plant02,diag,14,bae,39141,130.255995,130.256000,163.992,ok,738.0,53.03658536585366
industrial-plants,plant02,diag,14,nbs,16574,130.255995,130.256000,36.653,ok,738.0,22.4579945799458
industrial-plants,plant02,diag,14,gbfs,182,131.912849,130.256000,1.112,subopt,738.0,0.24661246612466126
industrial-plants,plant02,diag,15,astar,819,275.976820,275.977000,2.041,ok,624.0,1.3125
industrial-plants,plant02,diag,15,rastar,839659,275.976820,275.977000,3282.934,ok,624.0,1345.6073717948718
industrial-plants,plant02,diag,15,mm,471842,275.976820,275.977000,5873.282,ok,624.0,756.1570512820513
industrial-plants,plant02,diag,15,bia,1633,275.976820,275.977000,5.071,ok,624.0,2.6169871794871793
industrial-plants,plant02,diag,15,bae,149703,275.976820,275.977000,937.881,ok,624.0,239.90865384615384
industrial-plants,plant02,diag,15,nbs,168106,275.976820,275.977000,600.034,ok,624.0,269.40064102564105
industrial-plants,plant02,diag,15,gbfs,444,291.280329,275.977000,2.379,subopt,624.0,0.7115384615384616
industrial-plants,plant02,diag,16,astar,819,240.082287,240.082000,2.057,ok,630.0,1.3
industrial-plants,plant02,diag,16,rastar,484542,240.082287,240.082000,1492.579,ok,630.0,769.1142857142858
industrial-plants,plant02,diag,16,mm,265347,240.082287,240.082000,2970.963,ok,630.0,421.1857142857143
industrial-plants,plant02,diag,16,bia,1633,240.082287,240.082000,4.843,ok,630.0,2.592063492063492
industrial-plants,plant02,diag,16,bae,122521,240.082287,240.082000,477.325,ok,630.0,194.4777777777778
industrial-plants,plant02,diag,16,nbs,260686,240.082287,240.082000,1087.318,ok,630.0,413.7873015873016
industrial-plants,plant02,diag,16,gbfs,472,267.195231,240.082000,2.221,subopt,630.0,0.7492063492063492
industrial-plants,plant02,diag,17,astar,820,280.417607,280.418000,2.171,ok,623.0,1.3162118780096308
industrial-plants,plant02,diag,17,rastar,831568,280.417607,280.418000,2839.833,ok,623.0,1334.780096308186
industrial-plants,plant02,diag,17,mm,444449,280.417607,280.418000,5158.122,ok,623.0,713.4012841091493
industrial-plants,plant02,diag,17,bia,1619,280.417607,280.418000,5.292,ok,623.0,2.5987158908507224
industrial-plants,plant02,diag,17,bae,96905,280.417607,280.418000,376.421,ok,623.0,155.545746388443
industrial-plants,plant02,diag,17,nbs,385536,280.417607,280.418000,1956.077,ok,623.0,618.8378812199037
industrial-plants,plant02,diag,17,gbfs,440,291.710917,280.418000,2.606,subopt,623.0,0.7062600321027287
industrial-plants,plant02,diag,18,astar,820,45.485281,45.485300,1.640,ok,818.0,1.0024449877750612
industrial-plants,plant02,diag,18,rastar,3139,45.485281,45.485300,5.858,ok,818.0,3.837408312958435
industrial-plants,plant02,diag,18,mm,3066,45.485281,45.485300,93.407,ok,818.0,3.748166259168704
industrial-plants,plant02,diag,18,bia,1165,45.485281,45.485300,2.493,ok,818.0,1.424205378973105
industrial-plants,plant02,diag,18,bae,2338,45.485281,45.485300,5.394,ok,818.0,2.858190709046455
industrial-plants,plant02,diag,18,nbs,1552,45.485281,45.485300,3.180,ok,818.0,1.8973105134474328
industrial-plants,plant02,diag,18,gbfs,84,46.313708,45.485300,0.378,subopt,818.0,0.10268948655256724
industrial-plants,plant02,diag,19,astar,820,197.247737,197.248000,2.040,ok,675.0,1.2148148148148148
industrial-plants,plant02,diag,19,rastar,189081,197.247737,197.248000,553.841,ok,675.0,280.12
industrial-plants,plant02,diag,19,mm,99590,197.247737,197.248000,1092.200,ok,675.0,147.54074074074074
industrial-plants,plant02,diag,19,bia,1635,197.247737,197.248000,4.761,ok,675.0,2.422222222222222
industrial-plants,plant02,diag,19,bae,29217,197.247737,197.248000,117.443,ok,675.0,43.284444444444446
industrial-plants,plant02,diag,19,nbs,106476,197.247737,197.248000,284.661,ok,675.0,157.7422222222222
industrial-plants,plant02,diag,19,gbfs,304,200.175941,197.248000,1.632,subopt,675.0,0.45037037037037037
industrial-plants,plant02,diag,20,astar,1635,87.769553,87.769600,3.132,ok,1573.0,1.0394151303242212
industrial-plants,plant02,diag,20,rastar,41711,87.769553,87.769600,120.558,ok,1573.0,26.516846789574064
industrial-plants,plant02,diag,20,mm,32122,87.769553,87.769600,287.678,ok,1573.0,20.42085187539733
industrial-plants,plant02,diag,20,bia,3233,87.769553,87.769600,7.120,ok,1573.0,2.0553083280356006
industrial-plants,plant02,diag,20,bae,23283,87.769553,87.769600,91.339,ok,1573.0,14.801652892561984
industrial-plants,plant02,diag,20,nbs,5460,87.769553,87.769600,11.598,ok,1573.0,3.4710743801652892
industrial-plants,plant02,diag,20,gbfs,148,89.426407,87.769600,0.801,subopt,1573.0,0.09408773045136681
industrial-plants,plant02,diag,21,astar,1635,197.295684,197.296000,3.369,ok,1484.0,1.1017520215633423
industrial-plants,plant02,diag,21,rastar,441506,197.295684,197.296000,1632.499,ok,1484.0,297.510781671159
industrial-plants,plant02,diag,21,mm,261559,197.295684,197.296000,3031.528,ok,1484.0,176.25269541778977
industrial-plants,plant02,diag,21,bia,3265,197.295684,197.296000,8.487,ok,1484.0,2.200134770889488
industrial-plants,plant02,diag,21,bae,61911,197.295684,197.296000,304.675,ok,1484.0,41.71900269541779
industrial-plants,plant02,diag,21,nbs,106880,197.295684,197.296000,322.074,ok,1484.0,72.02156334231806
industrial-plants,plant02,diag,21,gbfs,326,202.055037,197.296000,1.636,subopt,1484.0,0.2196765498652291
industrial-plants,plant02,diag,22,astar,1636,54.012193,54.012200,3.171,ok,1610.0,1.0161490683229815
industrial-plants,plant02,diag,22,rastar,3203,54.012193,54.012200,6.056,ok,1610.0,1.9894409937888198
industrial-plants,plant02,diag,22,mm,4549,54.012193,54.012200,19.118,ok,1610.0,2.825465838509317
industrial-plants,plant02,diag,22,bia,3247,54.012193,54.012200,7.295,ok,1610.0,2.0167701863354037
industrial-plants,plant02,diag,22,bae,4657,54.012193,54.012200,11.025,ok,1610.0,2.892546583850932
industrial-plants,plant02,diag,22,nbs,3522,54.012193,54.012200,7.115,ok,1610.0,2.1875776397515527
industrial-plants,plant02,diag,22,gbfs,78,56.304722,54.012200,0.403,subopt,1610.0,0.0484472049689441
industrial-plants,plant02,diag,23,astar,1637,87.199359,87.199400,3.330,ok,1634.0,1.0018359853121175
industrial-plants,plant02,diag,23,rastar,7308,87.199359,87.199400,15.262,ok,1634.0,4.472460220318237
industrial-plants,plant02,diag,23,mm,7948,87.199359,87.199400,5334.569,ok,1634.0,4.8641370869033045
industrial-plants,plant02,diag,23,bia,3203,87.199359,87.199400,6.860,ok,1634.0,1.960220318237454
industrial-plants,plant02,diag,23,bae,5084,87.199359,87.199400,12.179,ok,1634.0,3.1113831089351285
industrial-plants,plant02,diag,23,nbs,2994,87.199359,87.199400,6.357,ok,1634.0,1.832313341493268
industrial-plants,plant02,diag,23,gbfs,340,118.091519,87.199400,1.003,subopt,1634.0,0.20807833537331702
industrial-plants,plant02,diag,24,astar,1637,191.277763,191.278000,3.714,ok,1532.0,1.068537859007833
industrial-plants,plant02,diag,24,rastar,24407,191.277763,191.278000,70.519,ok,1532.0,15.931462140992167
industrial-plants,plant02,diag,24,mm,17087,191.277763,191.278000,147.861,ok,1532.0,11.153394255874673
industrial-plants,plant02,diag,24,bia,3093,191.277763,191.278000,8.565,ok,1532.0,2.018929503916449
industrial-plants,plant02,diag,24,bae,13823,191.277763,191.278000,45.294,ok,1532.0,9.02284595300261
industrial-plants,plant02,diag,24,nbs,10238,191.277763,191.278000,21.189,ok,1532.0,6.6827676240208875
industrial-plants,plant02,diag,24,gbfs,254,198.057031,191.278000,1.522,subopt,1532.0,0.16579634464751958
industrial-plants,plant02,diag,25,astar,1637,248.339985,248.340000,3.716,ok,1441.0,1.1360166551006246
industrial-plants,plant02,diag,25,rastar,722578,248.339985,248.340000,2438.660,ok,1441.0,501.442054129077
industrial-plants,plant02,diag,25,mm,397753,248.339985,248.340000,4432.816,ok,1441.0,276.02567661346285
industrial-plants,plant02,diag,25,bia,3269,248.339985,248.340000,8.862,ok,1441.0,2.2685634975711313
industrial-plants,plant02,diag,25,bae,166357,248.339985,248.340000,482.788,ok,1441.0,115.44552394170715
industrial-plants,plant02,diag,25,nbs,276206,248.339985,248.340000,670.045,ok,1441.0,191.676613462873
industrial-plants,plant02,diag,25,gbfs,432,257.097396,248.340000,2.172,subopt,1441.0,0.2997918112421929
industrial-plants,plant02,diag,26,astar,1637,283.984312,283.984000,3.784,ok,1407.0,1.1634683724235964
industrial-plants,plant02,diag,26,rastar,111624,283.984312,283.984000,254.174,ok,1407.0,79.33475479744136
industrial-plants,plant02,diag,26,mm,70257,283.984312,283.984000,775.722,ok,1407.0,49.933901918976545
industrial-plants,plant02,diag,26,bia,3269,283.984312,283.984000,9.113,ok,1407.0,2.3233830845771144
industrial-plants,plant02,diag,26,bae,27349,283.984312,283.984000,95.520,ok,1407.0,19.437810945273633
industrial-plants,plant02,diag,26,nbs,9538,283.984312,283.984000,19.966,ok,1407.0,6.778962331201138
industrial-plants,plant02,diag,26,gbfs,468,300.721221,283.984000,2.611,subopt,1407.0,0.3326226012793177
industrial-plants,plant02,diag,27,astar,1637,277.585156,277.585000,3.600,ok,1406.0,1.1642958748221905
industrial-plants,plant02,diag,27,rastar,160927,277.585156,277.585000,432.259,ok,1406.0,114.45732574679943
industrial-plants,plant02,diag,27,mm,98205,277.585156,277.585000,950.574,ok,1406.0,69.84708392603129
industrial-plants,plant02,diag,27,bia,3269,277.585156,277.585000,8.829,ok,1406.0,2.3250355618776672
industrial-plants,plant02,diag,27,bae,10203,277.585156,277.585000,32.817,ok,1406.0,7.256756756756757
industrial-plants,plant02,diag,27,nbs,50448,277.585156,277.585000,115.639,ok,1406.0,35.880512091038405
industrial-plants,plant02,diag,27,gbfs,460,294.861362,277.585000,2.388,subopt,1406.0,0.32716927453769556
industrial-plants,plant02,diag,28,astar,1638,160.160400,160.160000,4.148,ok,13.0,126.0
industrial-plants,plant02,diag,28,rastar,74695,160.160400,160.160000,194.777,ok,13.0,5745.7692307692305
industrial-plants,plant02,diag,28,mm,35613,160.160400,160.160000,10025.276,ok,13.0,2739.4615384615386
industrial-plants,plant02,diag,28,bia,3265,160.160400,160.160000,9.733,ok,13.0,251.15384615384616
industrial-plants,plant02,diag,28,bae,5269,160.160400,160.160000,14.987,ok,13.0,405.3076923076923
industrial-plants,plant02,diag,28,nbs,50370,160.160400,160.160000,118.725,ok,13.0,3874.6153846153848
industrial-plants,plant02,diag,28,gbfs,306,165.763237,160.160000,1.510,subopt,13.0,23.53846153846154
industrial-plants,plant02,diag,29,astar,1639,274.901624,274.902000,3.717,ok,1441.0,1.1374045801526718
industrial-plants,plant02,diag,29,rastar,1065159,274.901624,274.902000,3977.527,ok,1441.0,739.1804302567662
industrial-plants,plant02,diag,29,mm,574637,274.901624,274.902000,6663.164,ok,1441.0,398.7765440666204
industrial-plants,plant02,diag,29,bia,3255,274.901624,274.902000,9.011,ok,1441.0,2.258848022206801
industrial-plants,plant02,diag,29,bae,243097,274.901624,274.902000,1270.131,ok,1441.0,168.7002081887578
industrial-plants,plant02,diag,29,nbs,176310,274.901624,274.902000,628.581,ok,1441.0,122.35253296321999
industrial-plants,plant02,diag,29,gbfs,438,282.194933,274.902000,2.462,subopt,1441.0,0.3039555863983345
industrial-plants,plant02,diag,30,astar,2453,165.141407,165.141000,4.734,ok,2217.0,1.1064501578709969
industrial-plants,plant02,diag,30,rastar,20945,165.141407,165.141000,53.138,ok,2217.0,9.44745151105097
industrial-plants,plant02,diag,30,mm,17218,165.141407,165.141000,137.989,ok,2217.0,7.766350924672982
industrial-plants,plant02,diag,30,bia,4705,165.141407,165.141000,11.169,ok,2217.0,2.122237257555255
industrial-plants,plant02,diag,30,bae,20583,165.141407,165.141000,72.043,ok,2217.0,9.284167794316645
industrial-plants,plant02,diag,30,nbs,12356,165.141407,165.141000,25.304,ok,2217.0,5.573297248534055
industrial-plants,plant02,diag,30,gbfs,852,182.312251,165.141000,2.142,subopt,2217.0,0.38430311231393777
industrial-plants,plant02,diag,31,astar,2454,195.951132,195.951000,5.148,ok,2303.0,1.065566652192792
industrial-plants,plant02,diag,31,rastar,388782,195.951132,195.951000,1350.721,ok,2303.0,168.81545809813286
industrial-plants,plant02,diag,31,mm,226636,195.951132,195.951000,2684.766,ok,2303.0,98.4090316977855
industrial-plants,plant02,diag,31,bia,4903,195.951132,195.951000,13.330,ok,2303.0,2.128962223187147
industrial-plants,plant02,diag,31,bae,158922,195.951132,195.951000,869.607,ok,2303.0,69.00651324359531
industrial-plants,plant02,diag,31,nbs,66922,195.951132,195.951000,185.848,ok,2303.0,29.058619192357796
industrial-plants,plant02,diag,31,gbfs,340,200.781017,195.951000,1.609,subopt,2303.0,0.14763352149370387
industrial-plants,plant02,diag,32,astar,2454,275.376274,275.376000,5.132,ok,2234.0,1.098478066248881
industrial-plants,plant02,diag,32,rastar,1018015,275.376274,275.376000,3482.731,ok,2234.0,455.69158460161145
industrial-plants,plant02,diag,32,mm,557343,275.376274,275.376000,6350.472,ok,2234.0,249.48209489704567
industrial-plants,plant02,diag,32,bia,4903,275.376274,275.376000,14.456,ok,2234.0,2.194717994628469
industrial-plants,plant02,diag,32,bae,230477,275.376274,275.376000,1310.137,ok,2234.0,103.16786034019695
industrial-plants,plant02,diag,32,nbs,334394,275.376274,275.376000,1524.300,ok,2234.0,149.68397493285588
industrial-plants,plant02,diag,32,gbfs,468,278.304477,275.376000,2.418,subopt,2234.0,0.20948970456580127
industrial-plants,plant02,diag,33,astar,2454,271.398183,271.398000,5.144,ok,2234.0,1.098478066248881
industrial-plants,plant02,diag,33,rastar,928955,271.398183,271.398000,3146.365,ok,2234.0,415.825872873769
industrial-plants,plant02,diag,33,mm,506258,271.398183,271.398000,5832.019,ok,2234.0,226.61504028648164
industrial-plants,plant02,diag,33,bia,4903,271.398183,271.398000,14.560,ok,2234.0,2.194717994628469
industrial-plants,plant02,diag,33,bae,221673,271.398183,271.398000,1314.597,ok,2234.0,99.22694717994628
industrial-plants,plant02,diag,33,nbs,275126,271.398183,271.398000,1127.723,ok,2234.0,123.15398388540734
industrial-plants,plant02,diag,33,gbfs,468,274.326386,271.398000,2.418,subopt,2234.0,0.20948970456580127
industrial-plants,plant02,diag,34,astar,2456,259.016941,259.017000,5.422,ok,2323.0,1.0572535514421006
industrial-plants,plant02,diag,34,rastar,267219,259.016941,259.017000,1232.171,ok,2323.0,115.03185535944898
industrial-plants,plant02,diag,34,mm,152719,259.016941,259.017000,1878.138,ok,2323.0,65.74214377959535
industrial-plants,plant02,diag,34,bia,4907,259.016941,259.017000,13.074,ok,2323.0,2.112354713732243
industrial-plants,plant02,diag,34,bae,47887,259.016941,259.017000,209.642,ok,2323.0,20.614291863969004
industrial-plants,plant02,diag,34,nbs,10172,259.016941,259.017000,23.399,ok,2323.0,4.378820490744727
industrial-plants,plant02,diag,34,gbfs,366,259.845368,259.017000,2.444,subopt,2323.0,0.15755488592337494
industrial-plants,plant02,diag,35,astar,2456,201.812880,201.813000,5.410,ok,1086.0,2.261510128913444
industrial-plants,plant02,diag,35,rastar,192603,201.812880,201.813000,614.443,ok,1086.0,177.35082872928177
industrial-plants,plant02,diag,35,mm,111817,201.812880,201.813000,36763.755,ok,1086.0,102.9622467771639
industrial-plants,plant02,diag,35,bia,4907,201.812880,201.813000,13.508,ok,1086.0,4.51841620626151
industrial-plants,plant02,diag,35,bae,7543,201.812880,201.813000,21.574,ok,1086.0,6.945672191528545
industrial-plants,plant02,diag,35,nbs,21162,201.812880,201.813000,52.085,ok,1086.0,19.486187845303867
industrial-plants,plant02,diag,35,gbfs,300,202.641307,201.813000,1.797,subopt,1086.0,0.27624309392265195
industrial-plants,plant02,diag,36,astar,2456,180.680512,180.681000,5.391,ok,6.0,409.3333333333333
industrial-plants,plant02,diag,36,rastar,36829,180.680512,180.681000,90.508,ok,6.0,6138.166666666667
industrial-plants,plant02,diag,36,mm,20592,180.680512,180.681000,192.237,ok,6.0,3432.0
industrial-plants,plant02,diag,36,bia,3950,180.680512,180.681000,9.935,ok,6.0,658.3333333333334
industrial-plants,plant02,diag,36,bae,1455,180.680512,180.681000,3.775,ok,6.0,242.5
industrial-plants,plant02,diag,36,nbs,26588,180.680512,180.681000,57.654,ok,6.0,4431.333333333333
industrial-plants,plant02,diag,36,gbfs,406,213.036773,180.681000,1.619,subopt,6.0,67.66666666666667
industrial-plants,plant02,diag,37,astar,2457,170.172057,170.172000,5.031,ok,2313.0,1.0622568093385214
industrial-plants,plant02,diag,37,rastar,249441,170.172057,170.172000,863.373,ok,2313.0,107.84306095979248
industrial-plants,plant02,diag,37,mm,154279,170.172057,170.172000,1631.041,ok,2313.0,66.7008214440121
industrial-plants,plant02,diag,37,bia,4909,170.172057,170.172000,12.604,ok,2313.0,2.122351923908344
industrial-plants,plant02,diag,37,bae,105157,170.172057,170.172000,511.294,ok,2313.0,45.46346735840899
industrial-plants,plant02,diag,37,nbs,47344,170.172057,170.172000,128.216,ok,2313.0,20.468655425853868
industrial-plants,plant02,diag,37,gbfs,320,175.869329,170.172000,1.438,subopt,2313.0,0.13834846519671423
industrial-plants,plant02,diag,38,astar,2458,162.604586,162.605000,5.061,ok,2371.0,1.0366933783213834
industrial-plants,plant02,diag,38,rastar,164277,162.604586,162.605000,571.327,ok,2371.0,69.28595529312527
industrial-plants,plant02,diag,38,mm,109232,162.604586,162.605000,1224.854,ok,2371.0,46.070012652889076
industrial-plants,plant02,diag,38,bia,4911,162.604586,162.605000,13.225,ok,2371.0,2.07127794179671
industrial-plants,plant02,diag,38,bae,49560,162.604586,162.605000,225.022,ok,2371.0,20.90257275411219
industrial-plants,plant02,diag,38,nbs,9188,162.604586,162.605000,21.075,ok,2371.0,3.8751581611134545
industrial-plants,plant02,diag,38,gbfs,272,166.174051,162.605000,1.421,subopt,2371.0,0.11471952762547448
industrial-plants,plant02,diag,39,astar,2458,146.128775,146.129000,5.833,ok,45.0,54.62222222222222
industrial-plants,plant02,diag,39,rastar,26265,146.128775,146.129000,58.540,ok,45.0,583.6666666666666
industrial-plants,plant02,diag,39,mm,17355,146.128775,146.129000,142.799,ok,45.0,385.6666666666667
industrial-plants,plant02,diag,39,bia,4911,146.128775,146.129000,13.561,ok,45.0,109.13333333333334
industrial-plants,plant02,diag,39,bae,3581,146.128775,146.129000,10.884,ok,45.0,79.57777777777778
industrial-plants,plant02,diag,39,nbs,23394,146.128775,146.129000,48.857,ok,45.0,519.8666666666667
industrial-plants,plant02,diag,39,gbfs,196,149.056979,146.129000,1.263,subopt,45.0,4.355555555555555
industrial-plants,plant02,diag,40,astar,3273,338.556640,338.557000,6.702,ok,3001.0,1.0906364545151617
industrial-plants,plant02,diag,40,rastar,1680149,338.556640,338.557000,5785.382,ok,3001.0,559.8630456514495
industrial-plants,plant02,diag,40,mm,893883,338.556640,338.557000,9344.509,ok,3001.0,297.86171276241254
industrial-plants,plant02,diag,40,bia,6541,338.556640,338.557000,19.852,ok,3001.0,2.1796067977340887
industrial-plants,plant02,diag,40,bae,529797,338.556640,338.557000,3034.453,ok,3001.0,176.54015328223926
industrial-plants,plant02,diag,40,nbs,513892,338.556640,338.557000,2643.114,ok,3001.0,171.240253248917
industrial-plants,plant02,diag,40,gbfs,576,341.484843,338.557000,2.982,subopt,3001.0,0.1919360213262246
industrial-plants,plant02,diag,41,astar,3274,403.129207,403.129000,6.740,ok,2842.0,1.1520056298381423
industrial-plants,plant02,diag,41,rastar,2277194,403.129207,403.129000,7686.586,ok,2842.0,801.2646023926812
industrial-plants,plant02,diag,41,mm,1209736,403.129207,403.129000,14814.546,ok,2842.0,425.6636171710063
industrial-plants,plant02,diag,41,bia,6543,403.129207,403.129000,19.838,ok,2842.0,2.3022519352568613
industrial-plants,plant02,diag,41,bae,215453,403.129207,403.129000,1293.832,ok,2842.0,75.8103448275862
industrial-plants,plant02,diag,41,nbs,784946,403.129207,403.129000,4470.230,ok,2842.0,276.19493314567205
industrial-plants,plant02,diag,41,gbfs,696,420.671957,403.129000,3.259,subopt,2842.0,0.24489795918367346
industrial-plants,plant02,diag,42,astar,3274,118.556349,118.556000,6.252,ok,3177.0,1.0305319483789739
industrial-plants,plant02,diag,42,rastar,51101,118.556349,118.556000,139.842,ok,3177.0,16.084671073339628
industrial-plants,plant02,diag,42,mm,33538,118.556349,118.556000,21513.546,ok,3177.0,10.556499842618823
industrial-plants,plant02,diag,42,bia,6229,118.556349,118.556000,14.538,ok,3177.0,1.9606547056971986
industrial-plants,plant02,diag,42,bae,18467,118.556349,118.556000,61.104,ok,3177.0,5.812716399118665
industrial-plants,plant02,diag,42,nbs,8166,118.556349,118.556000,16.686,ok,3177.0,2.570349386213409
industrial-plants,plant02,diag,42,gbfs,222,120.213203,118.556000,0.741,subopt,3177.0,0.06987724268177525
industrial-plants,plant02,diag,43,astar,3274,344.824537,344.825000,6.822,ok,3001.0,1.0909696767744086
industrial-plants,plant02,diag,43,rastar,2014374,344.824537,344.825000,7429.568,ok,3001.0,671.2342552482506
industrial-plants,plant02,diag,43,mm,1063913,344.824537,344.825000,12792.620,ok,3001.0,354.519493502166
industrial-plants,plant02,diag,43,bia,6543,344.824537,344.825000,19.103,ok,3001.0,2.1802732422525826
industrial-plants,plant02,diag,43,bae,663863,344.824537,344.825000,4044.275,ok,3001.0,221.21392869043652
industrial-plants,plant02,diag,43,nbs,722278,344.824537,344.825000,4135.717,ok,3001.0,240.6791069643452
industrial-plants,plant02,diag,43,gbfs,578,347.752741,344.825000,3.081,subopt,3001.0,0.19260246584471843
industrial-plants,plant02,diag,44,astar,3275,177.997813,177.998000,6.507,ok,3124.0,1.048335467349552
industrial-plants,plant02,diag,44,rastar,253542,177.997813,177.998000,875.550,ok,3124.0,81.15941101152369
industrial-plants,plant02,diag,44,mm,158328,177.997813,177.998000,1666.034,ok,3124.0,50.681177976952625
industrial-plants,plant02,diag,44,bia,6545,177.997813,177.998000,18.116,ok,3124.0,2.0950704225352115
industrial-plants,plant02,diag,44,bae,106654,177.997813,177.998000,517.062,ok,3124.0,34.14020486555698
industrial-plants,plant02,diag,44,nbs,44632,177.997813,177.998000,118.778,ok,3124.0,14.286811779769526
industrial-plants,plant02,diag,44,gbfs,1754,192.576800,177.998000,4.434,subopt,3124.0,0.56145966709347
industrial-plants,plant02,diag,45,astar,3275,210.850278,210.850000,7.904,ok,2461.0,1.3307598537180008
industrial-plants,plant02,diag,45,rastar,20364,210.850278,210.850000,51.076,ok,2461.0,8.27468508736286
industrial-plants,plant02,diag,45,mm,15755,210.850278,210.850000,8807.302,ok,2461.0,6.401869158878505
industrial-plants,plant02,diag,45,bia,6545,210.850278,210.850000,18.202,ok,2461.0,2.659488013002844
industrial-plants,plant02,diag,45,bae,10991,210.850278,210.850000,30.530,ok,2461.0,4.466070702966274
industrial-plants,plant02,diag,45,nbs,7452,210.850278,210.850000,16.304,ok,2461.0,3.02803738317757
industrial-plants,plant02,diag,45,gbfs,258,213.971234,210.850000,1.987,subopt,2461.0,0.10483543275091427
industrial-plants,plant02,diag,46,astar,3275,180.770468,180.770000,7.050,ok,189.0,17.32804232804233
industrial-plants,plant02,diag,46,rastar,48423,180.770468,180.770000,124.976,ok,189.0,256.2063492063492
industrial-plants,plant02,diag,46,mm,30287,180.770468,180.770000,283.996,ok,189.0,160.24867724867724
industrial-plants,plant02,diag,46,bia,6545,180.770468,180.770000,16.666,ok,189.0,34.629629629629626
industrial-plants,plant02,diag,46,bae,36139,180.770468,180.770000,125.421,ok,189.0,191.2116402116402
industrial-plants,plant02,diag,46,nbs,41420,180.770468,180.770000,92.200,ok,189.0,219.15343915343917
industrial-plants,plant02,diag,46,gbfs,234,183.698672,180.770000,1.481,subopt,189.0,1.2380952380952381
industrial-plants,plant02,diag,47,astar,3276,120.673176,120.673000,6.411,ok,3185.0,1.0285714285714285
industrial-plants,plant02,diag,47,rastar,104596,120.673176,120.673000,339.806,ok,3185.0,32.84018838304553
industrial-plants,plant02,diag,47,mm,69926,120.673176,120.673000,672.795,ok,3185.0,21.954788069073782
industrial-plants,plant02,diag,47,bia,6533,120.673176,120.673000,15.929,ok,3185.0,2.051177394034537
industrial-plants,plant02,diag,47,bae,49048,120.673176,120.673000,228.879,ok,3185.0,15.399686028257458
industrial-plants,plant02,diag,47,nbs,11826,120.673176,120.673000,25.723,ok,3185.0,3.7130298273155415
industrial-plants,plant02,diag,47,gbfs,230,125.355339,120.673000,1.029,subopt,3185.0,0.07221350078492936
industrial-plants,plant02,diag,48,astar,3276,208.725490,208.725000,6.610,ok,3135.0,1.044976076555024
industrial-plants,plant02,diag,48,rastar,474453,208.725490,208.725000,1821.412,ok,3135.0,151.34066985645933
industrial-plants,plant02,diag,48,mm,273192,208.725490,208.725000,3090.918,ok,3135.0,87.14258373205742
industrial-plants,plant02,diag,48,bia,6547,208.725490,208.725000,18.237,ok,3135.0,2.0883572567783095
industrial-plants,plant02,diag,48,bae,348150,208.725490,208.725000,1982.422,ok,3135.0,111.05263157894737
industrial-plants,plant02,diag,48,nbs,184272,208.725490,208.725000,532.596,ok,3135.0,58.77894736842105
industrial-plants,plant02,diag,48,gbfs,318,213.188186,208.725000,1.685,subopt,3135.0,0.10143540669856459
industrial-plants,plant02,diag,49,astar,3277,248.452334,248.452000,8.620,ok,592.0,5.535472972972973
industrial-plants,plant02,diag,49,rastar,23979,248.452334,248.452000,54.530,ok,592.0,40.505067567567565
industrial-plants,plant02,diag,49,mm,15019,248.452334,248.452000,3552.409,ok,592.0,25.36993243243243
industrial-plants,plant02,diag,49,bia,6273,248.452334,248.452000,16.720,ok,592.0,10.596283783783784
industrial-plants,plant02,diag,49,bae,3159,248.452334,248.452000,8.366,ok,592.0,5.336148648648648
industrial-plants,plant02,diag,49,nbs,26844,248.452334,248.452000,55.341,ok,592.0,45.3445945945946
industrial-plants,plant02,diag,49,gbfs,304,251.573290,248.452000,2.237,subopt,592.0,0.5135135135135135
industrial-plants,plant02,diag,50,astar,4080,89.570484,89.570500,8.107,ok,4062.0,1.0044313146233383
industrial-plants,plant02,diag,50,rastar,15590,89.570484,89.570500,31.952,ok,4062.0,3.8380108321024125
industrial-plants,plant02,diag,50,mm,18198,89.570484,89.570500,15252.203,ok,4062.0,4.480059084194978
industrial-plants,plant02,diag,50,bia,8137,89.570484,89.570500,19.654,ok,4062.0,2.003200393894633
industrial-plants,plant02,diag,50,bae,16433,89.570484,89.570500,50.775,ok,4062.0,4.045544066962088
industrial-plants,plant02,diag,50,nbs,8226,89.570484,89.570500,17.975,ok,4062.0,2.0251107828655837
industrial-plants,plant02,diag,50,gbfs,668,120.312980,89.570500,1.716,subopt,4062.0,0.16445100935499754
industrial-plants,plant02,diag,51,astar,4083,250.205237,250.205000,9.693,ok,4.0,1020.75
industrial-plants,plant02,diag,51,rastar,129363,250.205237,250.205000,352.725,ok,4.0,32340.75
industrial-plants,plant02,diag,51,mm,0,0,250.205000,60000.000,timeout,4.0,0.0
industrial-plants,plant02,diag,51,bia,8161,250.205237,250.205000,24.858,ok,4.0,2040.25
industrial-plants,plant02,diag,51,bae,10221,250.205237,250.205000,33.783,ok,4.0,2555.25
industrial-plants,plant02,diag,51,nbs,80152,250.205237,250.205000,194.347,ok,4.0,20038.0
industrial-plants,plant02,diag,51,gbfs,450,272.899786,250.205000,2.396,subopt,4.0,112.5
industrial-plants,plant02,diag,52,astar,4083,202.430098,202.430000,11.140,ok,110.0,37.11818181818182
industrial-plants,plant02,diag,52,rastar,69774,202.430098,202.430000,181.218,ok,110.0,634.3090909090909
industrial-plants,plant02,diag,52,mm,39689,202.430098,202.430000,30969.927,ok,110.0,360.8090909090909
industrial-plants,plant02,diag,52,bia,8161,202.430098,202.430000,25.996,ok,110.0,74.19090909090909
industrial-plants,plant02,diag,52,bae,8687,202.430098,202.430000,28.040,ok,110.0,78.97272727272727
industrial-plants,plant02,diag,52,nbs,61132,202.430098,202.430000,141.641,ok,110.0,555.7454545454545
industrial-plants,plant02,diag,52,gbfs,284,205.358301,202.430000,1.644,subopt,110.0,2.581818181818182
industrial-plants,plant02,diag,53,astar,4084,186.686962,186.687000,10.974,ok,4077.0,1.0017169487368163
industrial-plants,plant02,diag,53,rastar,6269,186.686962,186.687000,16.154,ok,4077.0,1.5376502330144715
industrial-plants,plant02,diag,53,mm,5811,186.686962,186.687000,1329.615,ok,4077.0,1.4253127299484916
industrial-plants,plant02,diag,53,bia,7063,186.686962,186.687000,20.509,ok,4077.0,1.732401275447633
industrial-plants,plant02,diag,53,bae,7073,186.686962,186.687000,21.799,ok,4077.0,1.7348540593573707
industrial-plants,plant02,diag,53,nbs,5624,186.686962,186.687000,12.985,ok,4077.0,1.3794456708363994
industrial-plants,plant02,diag,53,gbfs,220,188.343817,186.687000,1.584,subopt,4077.0,0.053961246014226145
industrial-plants,plant02,diag,54,astar,4086,151.067230,151.067000,8.562,ok,4009.0,1.0192067847343478
industrial-plants,plant02,diag,54,rastar,5170,151.067230,151.067000,11.426,ok,4009.0,1.2895984035919181
industrial-plants,plant02,diag,54,mm,9191,151.067230,151.067000,49.222,ok,4009.0,2.292591668745323
industrial-plants,plant02,diag,54,bia,8085,151.067230,151.067000,21.880,ok,4009.0,2.0167123971065104
industrial-plants,plant02,diag,54,bae,8923,151.067230,151.067000,25.499,ok,4009.0,2.225742080319282
industrial-plants,plant02,diag,54,nbs,8186,151.067230,151.067000,19.443,ok,4009.0,2.041905712147668
industrial-plants,plant02,diag,54,gbfs,428,199.136549,151.067000,1.533,subopt,4009.0,0.10675979047143926
industrial-plants,plant02,diag,55,astar,4086,291.168547,291.169000,9.179,ok,3960.0,1.0318181818181817
industrial-plants,plant02,diag,55,rastar,21689,291.168547,291.169000,53.056,ok,3960.0,5.477020202020202
industrial-plants,plant02,diag,55,mm,16843,291.168547,291.169000,138.453,ok,3960.0,4.2532828282828286
industrial-plants,plant02,diag,55,bia,7919,291.168547,291.169000,15.956,ok,3960.0,1.9997474747474748
industrial-plants,plant02,diag,55,bae,8093,291.168547,291.169000,17.699,ok,3960.0,2.0436868686868688
industrial-plants,plant02,diag,55,nbs,32912,291.168547,291.169000,78.220,ok,3960.0,8.311111111111112
industrial-plants,plant02,diag,55,gbfs,362,294.385879,291.169000,2.475,subopt,3960.0,0.09141414141414142
industrial-plants,plant02,diag,56,astar,4086,136.320315,136.320000,8.164,ok,4035.0,1.012639405204461
industrial-plants,plant02,diag,56,rastar,46147,136.320315,136.320000,126.097,ok,4035.0,11.436679058240397
industrial-plants,plant02,diag,56,mm,28795,136.320315,136.320000,308.254,ok,4035.0,7.1363073110285
industrial-plants,plant02,diag,56,bia,8087,136.320315,136.320000,22.033,ok,4035.0,2.0042131350681536
industrial-plants,plant02,diag,56,bae,18749,136.320315,136.320000,61.319,ok,4035.0,4.646592317224288
industrial-plants,plant02,diag,56,nbs,26168,136.320315,136.320000,58.845,ok,4035.0,6.485254027261462
industrial-plants,plant02,diag,56,gbfs,248,150.417420,136.320000,1.388,subopt,4035.0,0.061462205700123916
industrial-plants,plant02,diag,57,astar,4087,150.224616,150.225000,8.699,ok,0.0,
industrial-plants,plant02,diag,57,rastar,4574,150.224616,150.225000,10.032,ok,0.0,
industrial-plants,plant02,diag,57,mm,10565,150.224616,150.225000,3749.629,ok,0.0,
industrial-plants,plant02,diag,57,bia,8169,150.224616,150.225000,22.917,ok,0.0,
industrial-plants,plant02,diag,57,bae,8169,150.224616,150.225000,24.743,ok,0.0,
industrial-plants,plant02,diag,57,nbs,27839,150.224616,150.225000,68.900,ok,0.0,
industrial-plants,plant02,diag,57,gbfs,238,153.981246,150.225000,1.356,subopt,0.0,
industrial-plants,plant02,diag,58,astar,4088,115.539105,115.539000,7.347,ok,4060.0,1.006896551724138
industrial-plants,plant02,diag,58,rastar,28424,115.539105,115.539000,72.901,ok,4060.0,7.000985221674877
industrial-plants,plant02,diag,58,mm,21140,115.539105,115.539000,42481.676,ok,4060.0,5.206896551724138
industrial-plants,plant02,diag,58,bia,8211,115.539105,115.539000,18.829,ok,4060.0,2.0224137931034485
industrial-plants,plant02,diag,58,bae,14791,115.539105,115.539000,42.430,ok,4060.0,3.643103448275862
industrial-plants,plant02,diag,58,nbs,9892,115.539105,115.539000,20.170,ok,4060.0,2.4364532019704432
industrial-plants,plant02,diag,58,gbfs,224,126.183766,115.539000,0.918,subopt,4060.0,0.05517241379310345
industrial-plants,plant02,diag,59,astar,4089,226.958468,226.958000,8.038,ok,3169.0,1.2903124013884506
industrial-plants,plant02,diag,59,rastar,156512,226.958468,226.958000,657.700,ok,3169.0,49.38845061533607
industrial-plants,plant02,diag,59,mm,94002,226.958468,226.958000,983.946,ok,3169.0,29.662985168822974
industrial-plants,plant02,diag,59,bia,8173,226.958468,226.958000,22.389,ok,3169.0,2.5790470179867464
industrial-plants,plant02,diag,59,bae,99897,226.958468,226.958000,554.161,ok,3169.0,31.523193436415273
industrial-plants,plant02,diag,59,nbs,57940,226.958468,226.958000,140.124,ok,3169.0,18.28337014831177
industrial-plants,plant02,diag,59,gbfs,370,241.780095,226.958000,2.073,subopt,3169.0,0.1167560744714421
industrial-plants,plant02,diag,60,astar,4893,91.317108,91.317100,9.142,ok,4862.0,1.0063759769642122
industrial-plants,plant02,diag,60,rastar,77057,91.317108,91.317100,259.837,ok,4862.0,15.84882764294529
industrial-plants,plant02,diag,60,mm,0,0,91.317100,60000.000,timeout,4862.0,0.0
industrial-plants,plant02,diag,60,bia,9741,91.317108,91.317100,23.058,ok,4862.0,2.0034965034965033
industrial-plants,plant02,diag,60,bae,34187,91.317108,91.317100,146.580,ok,4862.0,7.031468531468532
industrial-plants,plant02,diag,60,nbs,10512,91.317108,91.317100,23.190,ok,4862.0,2.16207322089675
industrial-plants,plant02,diag,60,gbfs,186,95.216603,91.317100,0.909,subopt,4862.0,0.03825586178527355
industrial-plants,plant02,diag,61,astar,4895,113.702614,113.703000,10.376,ok,4893.0,1.000408747189863
industrial-plants,plant02,diag,61,rastar,48518,113.702614,113.703000,139.034,ok,4893.0,9.915798078888209
industrial-plants,plant02,diag,61,mm,36672,113.702614,113.703000,41395.566,ok,4893.0,7.494788473329246
industrial-plants,plant02,diag,61,bia,8105,113.702614,113.703000,19.879,ok,4893.0,1.6564479869200899
industrial-plants,plant02,diag,61,bae,15528,113.702614,113.703000,52.124,ok,4893.0,3.173513182096873
industrial-plants,plant02,diag,61,nbs,9272,113.702614,113.703000,19.991,ok,4893.0,1.894951972205191
industrial-plants,plant02,diag,61,gbfs,1114,123.556349,113.703000,2.645,subopt,4893.0,0.22767218475372983
industrial-plants,plant02,diag,62,astar,4895,144.629062,144.629000,12.400,ok,4858.0,1.007616303005352
industrial-plants,plant02,diag,62,rastar,5001,144.629062,144.629000,12.370,ok,4858.0,1.0294359818855496
industrial-plants,plant02,diag,62,mm,9559,144.629062,144.629000,84.179,ok,4858.0,1.9676821737340469
industrial-plants,plant02,diag,62,bia,9715,144.629062,144.629000,30.258,ok,4858.0,1.9997941539728283
industrial-plants,plant02,diag,62,bae,9924,144.629062,144.629000,32.916,ok,4858.0,2.0428159736517086
industrial-plants,plant02,diag,62,nbs,11866,144.629062,144.629000,34.936,ok,4858.0,2.4425689584191024
industrial-plants,plant02,diag,62,gbfs,180,147.557265,144.629000,1.315,subopt,4858.0,0.03705228489090161
industrial-plants,plant02,diag,63,astar,4897,115.344895,115.345000,10.821,ok,4835.0,1.01282316442606
industrial-plants,plant02,diag,63,rastar,37606,115.344895,115.345000,111.040,ok,4835.0,7.7778697001034125
industrial-plants,plant02,diag,63,mm,32918,115.344895,115.345000,326.483,ok,4835.0,6.808273009307135
industrial-plants,plant02,diag,63,bia,9783,115.344895,115.345000,26.932,ok,4835.0,2.023371251292658
industrial-plants,plant02,diag,63,bae,34749,115.344895,115.345000,172.760,ok,4835.0,7.186970010341262
industrial-plants,plant02,diag,63,nbs,20674,115.344895,115.345000,46.402,ok,4835.0,4.275904860392968
industrial-plants,plant02,diag,63,gbfs,162,117.001749,115.345000,0.957,subopt,4835.0,0.03350568769389865
industrial-plants,plant02,diag,64,astar,4897,78.854949,78.854900,10.378,ok,4891.0,1.001226742997342
industrial-plants,plant02,diag,64,rastar,15563,78.854949,78.854900,36.108,ok,4891.0,3.1819668779390717
industrial-plants,plant02,diag,64,mm,16885,78.854949,78.854900,33499.463,ok,4891.0,3.4522592516867716
industrial-plants,plant02,diag,64,bia,8373,78.854949,78.854900,19.854,ok,4891.0,1.7119198527908404
industrial-plants,plant02,diag,64,bae,6516,78.854949,78.854900,18.109,ok,4891.0,1.3322428951134737
industrial-plants,plant02,diag,64,nbs,9334,78.854949,78.854900,20.303,ok,4891.0,1.908403189531793
industrial-plants,plant02,diag,64,gbfs,166,80.854949,78.854900,0.768,subopt,4891.0,0.03393988959313024
industrial-plants,plant02,diag,65,astar,4898,245.623230,245.623000,11.293,ok,4779.0,1.0249006068215107
industrial-plants,plant02,diag,65,rastar,29219,245.623230,245.623000,83.214,ok,4779.0,6.114040594266583
industrial-plants,plant02,diag,65,mm,21843,245.623230,245.623000,239.491,ok,4779.0,4.570621468926554
industrial-plants,plant02,diag,65,bia,9559,245.623230,245.623000,27.817,ok,4779.0,2.0002092487968195
industrial-plants,plant02,diag,65,bae,13567,245.623230,245.623000,42.952,ok,4779.0,2.838878426449048
industrial-plants,plant02,diag,65,nbs,38932,245.623230,245.623000,102.291,ok,4779.0,8.146474157773593
industrial-plants,plant02,diag,65,gbfs,302,247.819383,245.623000,2.265,subopt,4779.0,0.06319313663946433
industrial-plants,plant02,diag,66,astar,4899,152.634753,152.635000,9.645,ok,4648.0,1.0540017211703958
industrial-plants,plant02,diag,66,rastar,63663,152.634753,152.635000,183.570,ok,4648.0,13.696858864027538
industrial-plants,plant02,diag,66,mm,43326,152.634753,152.635000,507.466,ok,4648.0,9.321428571428571
industrial-plants,plant02,diag,66,bia,9681,152.634753,152.635000,25.872,ok,4648.0,2.0828313253012047
industrial-plants,plant02,diag,66,bae,39444,152.634753,152.635000,185.391,ok,4648.0,8.486230636833046
industrial-plants,plant02,diag,66,nbs,21414,152.634753,152.635000,50.556,ok,4648.0,4.607142857142857
industrial-plants,plant02,diag,66,gbfs,1110,171.651804,152.635000,3.130,subopt,4648.0,0.23881239242685026
industrial-plants,plant02,diag,67,astar,4902,125.765179,125.765000,10.218,ok,4844.0,1.0119735755573906
industrial-plants,plant02,diag,67,rastar,121835,125.765179,125.765000,501.240,ok,4844.0,25.15173410404624
industrial-plants,plant02,diag,67,mm,94250,125.765179,125.765000,878.732,ok,4844.0,19.457060280759702
industrial-plants,plant02,diag,67,bia,9795,125.765179,125.765000,30.077,ok,4844.0,2.022089182493807
industrial-plants,plant02,diag,67,bae,85662,125.765179,125.765000,506.666,ok,4844.0,17.68414533443435
industrial-plants,plant02,diag,67,nbs,18470,125.765179,125.765000,43.783,ok,4844.0,3.8129644921552437
industrial-plants,plant02,diag,67,gbfs,196,130.802874,125.765000,1.227,subopt,4844.0,0.04046242774566474
industrial-plants,plant02,diag,68,astar,4901,65.254834,65.254800,9.555,ok,4898.0,1.000612494895876
industrial-plants,plant02,diag,68,rastar,9282,65.254834,65.254800,19.849,ok,4898.0,1.8950592078399346
industrial-plants,plant02,diag,68,mm,12277,65.254834,65.254800,1192.236,ok,4898.0,2.5065332788893424
industrial-plants,plant02,diag,68,bia,8513,65.254834,65.254800,20.761,ok,4898.0,1.7380563495304207
industrial-plants,plant02,diag,68,bae,11495,65.254834,65.254800,34.228,ok,4898.0,2.346876276031033
industrial-plants,plant02,diag,68,nbs,9382,65.254834,65.254800,20.474,ok,4898.0,1.9154757043691302
industrial-plants,plant02,diag,68,gbfs,148,74.919946,65.254800,0.512,subopt,4898.0,0.030216414863209473
industrial-plants,plant02,diag,69,astar,4901,207.593361,207.593000,12.189,ok,4808.0,1.019342762063228
industrial-plants,plant02,diag,69,rastar,34391,207.593361,207.593000,86.216,ok,4808.0,7.152870216306156
industrial-plants,plant02,diag,69,mm,27629,207.593361,207.593000,286.757,ok,4808.0,5.746464226289517
industrial-plants,plant02,diag,69,bia,9797,207.593361,207.593000,37.242,ok,4808.0,2.0376455906821964
industrial-plants,plant02,diag,69,bae,13603,207.593361,207.593000,45.347,ok,4808.0,2.829242928452579
industrial-plants,plant02,diag,69,nbs,24150,207.593361,207.593000,61.576,ok,4808.0,5.02287853577371
industrial-plants,plant02,diag,69,gbfs,272,210.560524,207.593000,1.736,subopt,4808.0,0.056572379367720464
industrial-plants,plant02,diag,70,astar,5689,217.849653,217.850000,14.792,ok,5608.0,1.0144436519258202
industrial-plants,plant02,diag,70,rastar,7031,217.849653,217.850000,19.601,ok,5608.0,1.2537446504992866
industrial-plants,plant02,diag,70,mm,11731,217.849653,217.850000,88.679,ok,5608.0,2.091833095577746
industrial-plants,plant02,diag,70,bia,11215,217.849653,217.850000,34.886,ok,5608.0,1.9998216833095577
industrial-plants,plant02,diag,70,bae,12387,217.849653,217.850000,40.233,ok,5608.0,2.2088088445078458
industrial-plants,plant02,diag,70,nbs,19604,217.849653,217.850000,66.123,ok,5608.0,3.4957203994293864
industrial-plants,plant02,diag,70,gbfs,278,219.949429,217.850000,2.003,subopt,5608.0,0.049572039942938656
industrial-plants,plant02,diag,71,astar,5691,112.202707,112.203000,12.138,ok,5661.0,1.005299417064123
industrial-plants,plant02,diag,71,rastar,9335,112.202707,112.203000,20.546,ok,5661.0,1.6490019431195901
industrial-plants,plant02,diag,71,mm,13170,112.202707,112.203000,5891.758,ok,5661.0,2.3264440911499733
industrial-plants,plant02,diag,71,bia,11377,112.202707,112.203000,32.766,ok,5661.0,2.0097155979508923
industrial-plants,plant02,diag,71,bae,15678,112.202707,112.203000,47.534,ok,5661.0,2.7694753577106517
industrial-plants,plant02,diag,71,nbs,13046,112.202707,112.203000,33.616,ok,5661.0,2.3045398339515986
industrial-plants,plant02,diag,71,gbfs,152,115.130910,112.203000,1.132,subopt,5661.0,0.026850379791556262
industrial-plants,plant02,diag,72,astar,5695,250.215764,250.216000,13.535,ok,5691.0,1.0007028641714988
industrial-plants,plant02,diag,72,rastar,10354,250.215764,250.216000,28.717,ok,5691.0,1.8193639079247936
industrial-plants,plant02,diag,72,mm,11330,250.215764,250.216000,2871.385,ok,5691.0,1.990862765770515
industrial-plants,plant02,diag,72,bia,10239,250.215764,250.216000,32.973,ok,5691.0,1.7991565629942015
industrial-plants,plant02,diag,72,bae,11293,250.215764,250.216000,39.372,ok,5691.0,1.9843612721841504
industrial-plants,plant02,diag,72,nbs,9792,250.215764,250.216000,25.785,ok,5691.0,1.720611491829204
industrial-plants,plant02,diag,72,gbfs,292,253.529473,250.216000,2.395,subopt,5691.0,0.051309084519416626
industrial-plants,plant02,diag,73,astar,5696,126.440542,126.441000,12.591,ok,5641.0,1.0097500443183833
industrial-plants,plant02,diag,73,rastar,9350,126.440542,126.441000,22.509,ok,5641.0,1.657507534125155
industrial-plants,plant02,diag,73,mm,13441,126.440542,126.441000,78.621,ok,5641.0,2.3827335578798086
industrial-plants,plant02,diag,73,bia,11283,126.440542,126.441000,35.585,ok,5641.0,2.0001772735330614
industrial-plants,plant02,diag,73,bae,14286,126.440542,126.441000,46.832,ok,5641.0,2.532529693316788
industrial-plants,plant02,diag,73,nbs,15824,126.440542,126.441000,40.129,ok,5641.0,2.805176387165396
industrial-plants,plant02,diag,73,gbfs,174,129.368745,126.441000,1.312,subopt,5641.0,0.03084559475270342
industrial-plants,plant02,diag,74,astar,5696,157.367287,157.367000,12.690,ok,5635.0,1.0108251996450754
industrial-plants,plant02,diag,74,rastar,7763,157.367287,157.367000,18.100,ok,5635.0,1.377639751552795
industrial-plants,plant02,diag,74,mm,12304,157.367287,157.367000,104.541,ok,5635.0,2.1834960070984915
industrial-plants,plant02,diag,74,bia,11273,157.367287,157.367000,32.119,ok,5635.0,2.0005323868677904
industrial-plants,plant02,diag,74,bae,13241,157.367287,157.367000,38.896,ok,5635.0,2.3497781721384206
industrial-plants,plant02,diag,74,nbs,14730,157.367287,157.367000,38.024,ok,5635.0,2.614019520851819
industrial-plants,plant02,diag,74,gbfs,214,161.467063,157.367000,1.270,subopt,5635.0,0.03797692990239574
industrial-plants,plant02,diag,75,astar,5697,332.278247,332.278000,11.964,ok,4997.0,1.140084050430258
industrial-plants,plant02,diag,75,rastar,495130,332.278247,332.278000,1437.960,ok,4997.0,99.08545127076246
industrial-plants,plant02,diag,75,mm,277611,332.278247,332.278000,3844.018,ok,4997.0,55.555533319991994
industrial-plants,plant02,diag,75,bia,10967,332.278247,332.278000,33.002,ok,4997.0,2.194716830098059
industrial-plants,plant02,diag,75,bae,456207,332.278247,332.278000,1899.394,ok,4997.0,91.29617770662398
industrial-plants,plant02,diag,75,nbs,352528,332.278247,332.278000,1392.469,ok,4997.0,70.54792875725435
industrial-plants,plant02,diag,75,gbfs,588,346.812932,332.278000,2.924,subopt,4997.0,0.11767060236141685
industrial-plants,plant02,diag,76,astar,5698,249.455005,249.455000,14.981,ok,5488.0,1.038265306122449
industrial-plants,plant02,diag,76,rastar,14134,249.455005,249.455000,44.485,ok,5488.0,2.5754373177842567
industrial-plants,plant02,diag,76,mm,13658,249.455005,249.455000,5337.790,ok,5488.0,2.4887026239067054
industrial-plants,plant02,diag,76,bia,9599,249.455005,249.455000,31.458,ok,5488.0,1.749088921282799
industrial-plants,plant02,diag,76,bae,9862,249.455005,249.455000,35.466,ok,5488.0,1.7970116618075802
industrial-plants,plant02,diag,76,nbs,11834,249.455005,249.455000,33.448,ok,5488.0,2.1563411078717203
industrial-plants,plant02,diag,76,gbfs,282,252.036663,249.455000,2.194,subopt,5488.0,0.05138483965014577
industrial-plants,plant02,diag,77,astar,5699,167.024090,167.024000,12.471,ok,5615.0,1.014959928762244
industrial-plants,plant02,diag,77,rastar,54678,167.024090,167.024000,188.855,ok,5615.0,9.737845057880676
industrial-plants,plant02,diag,77,mm,40136,167.024090,167.024000,399.295,ok,5615.0,7.1479964381122
industrial-plants,plant02,diag,77,bia,11389,167.024090,167.024000,34.713,ok,5615.0,2.0283170080142474
industrial-plants,plant02,diag,77,bae,50755,167.024090,167.024000,278.628,ok,5615.0,9.039180765805877
industrial-plants,plant02,diag,77,nbs,35222,167.024090,167.024000,79.488,ok,5615.0,6.272840605520926
industrial-plants,plant02,diag,77,gbfs,214,168.680944,167.024000,1.453,subopt,5615.0,0.03811219946571683
industrial-plants,plant02,diag,78,astar,5703,196.776643,196.777000,14.105,ok,72.0,79.20833333333333
industrial-plants,plant02,diag,78,rastar,62011,196.776643,196.777000,155.924,ok,72.0,861.2638888888889
industrial-plants,plant02,diag,78,mm,39487,196.776643,196.777000,35332.373,ok,72.0,548.4305555555555
industrial-plants,plant02,diag,78,bia,11401,196.776643,196.777000,34.471,ok,72.0,158.34722222222223
industrial-plants,plant02,diag,78,bae,5807,196.776643,196.777000,17.077,ok,72.0,80.65277777777777
industrial-plants,plant02,diag,78,nbs,59326,196.776643,196.777000,139.700,ok,72.0,823.9722222222222
industrial-plants,plant02,diag,78,gbfs,280,202.047992,196.777000,1.514,subopt,72.0,3.888888888888889
industrial-plants,plant02,diag,79,astar,5707,101.980033,101.980000,10.409,ok,5645.0,1.0109831709477413
industrial-plants,plant02,diag,79,rastar,43103,101.980033,101.980000,127.540,ok,5645.0,7.6356067316209035
industrial-plants,plant02,diag,79,mm,38152,101.980033,101.980000,383.097,ok,5645.0,6.758547387068202
industrial-plants,plant02,diag,79,bia,11337,101.980033,101.980000,28.279,ok,5645.0,2.008325952170062
industrial-plants,plant02,diag,79,bae,31153,101.980033,101.980000,124.334,ok,5645.0,5.518689105403012
industrial-plants,plant02,diag,79,nbs,15800,101.980033,101.980000,37.241,ok,5645.0,2.7989371124889284
industrial-plants,plant02,diag,79,gbfs,166,104.947196,101.980000,0.856,subopt,5645.0,0.02940655447298494
industrial-plants,plant02,diag,80,astar,6505,266.663648,266.664000,13.028,ok,6344.0,1.0253783102143759
industrial-plants,plant02,diag,80,rastar,651184,266.663648,266.664000,2674.774,ok,6344.0,102.64564943253468
industrial-plants,plant02,diag,80,mm,361303,266.663648,266.664000,3805.888,ok,6344.0,56.95192307692308
industrial-plants,plant02,diag,80,bia,13005,266.663648,266.664000,33.657,ok,6344.0,2.0499684741488022
industrial-plants,plant02,diag,80,bae,530137,266.663648,266.664000,3124.627,ok,6344.0,83.56510088272384
industrial-plants,plant02,diag,80,nbs,327190,266.663648,266.664000,1502.633,ok,6344.0,51.57471626733922
industrial-plants,plant02,diag,80,gbfs,364,269.591851,266.664000,2.354,subopt,6344.0,0.05737704918032787
industrial-plants,plant02,diag,81,astar,6509,309.581704,309.582000,12.673,ok,5339.0,1.2191421614534557
industrial-plants,plant02,diag,81,rastar,1386624,309.581704,309.582000,5289.212,ok,5339.0,259.716051695074
industrial-plants,plant02,diag,81,mm,893994,309.581704,309.582000,11043.907,ok,5339.0,167.44596366360742
industrial-plants,plant02,diag,81,bia,13013,309.581704,309.582000,37.108,ok,5339.0,2.437347817943435
industrial-plants,plant02,diag,81,bae,805853,309.581704,309.582000,4693.696,ok,5339.0,150.9370668664544
industrial-plants,plant02,diag,81,nbs,620306,309.581704,309.582000,3478.628,ok,5339.0,116.18392957482675
industrial-plants,plant02,diag,81,gbfs,538,333.012432,309.582000,2.624,subopt,5339.0,0.10076793407005057
industrial-plants,plant02,diag,82,astar,6509,205.822403,205.822000,14.156,ok,82.0,79.3780487804878
industrial-plants,plant02,diag,82,rastar,60620,205.822403,205.822000,154.116,ok,82.0,739.2682926829268
industrial-plants,plant02,diag,82,mm,39664,205.822403,205.822000,7151.714,ok,82.0,483.7073170731707
industrial-plants,plant02,diag,82,bia,13013,205.822403,205.822000,38.924,ok,82.0,158.6951219512195
industrial-plants,plant02,diag,82,bae,10919,205.822403,205.822000,37.088,ok,82.0,133.15853658536585
industrial-plants,plant02,diag,82,nbs,51224,205.822403,205.822000,115.301,ok,82.0,624.6829268292682
industrial-plants,plant02,diag,82,gbfs,328,214.365829,205.822000,1.860,subopt,82.0,4.0
industrial-plants,plant02,diag,83,astar,6509,301.224126,301.224000,13.289,ok,5193.0,1.253418062776815
industrial-plants,plant02,diag,83,rastar,784134,301.224126,301.224000,2846.559,ok,5193.0,150.99826689774696
industrial-plants,plant02,diag,83,mm,497554,301.224126,301.224000,5820.161,ok,5193.0,95.81243982283844
industrial-plants,plant02,diag,83,bia,13013,301.224126,301.224000,38.188,ok,5193.0,2.5058732909686117
industrial-plants,plant02,diag,83,bae,190905,301.224126,301.224000,960.149,ok,5193.0,36.76198729058348
industrial-plants,plant02,diag,83,nbs,194272,301.224126,301.224000,669.919,ok,5193.0,37.410360100134795
industrial-plants,plant02,diag,83,gbfs,460,315.926791,301.224000,2.562,subopt,5193.0,0.08858078182168304
industrial-plants,plant02,diag,84,astar,6512,67.609637,67.609600,12.814,ok,6507.0,1.0007684032580297
industrial-plants,plant02,diag,84,rastar,12667,67.609637,67.609600,26.763,ok,6507.0,1.946672813892731
industrial-plants,plant02,diag,84,mm,13054,67.609637,67.609600,18617.480,ok,6507.0,2.0061472260642383
industrial-plants,plant02,diag,84,bia,8181,67.609637,67.609600,19.370,ok,6507.0,1.2572614107883817
industrial-plants,plant02,diag,84,bae,10583,67.609637,67.609600,29.730,ok,6507.0,1.6264023359459043
industrial-plants,plant02,diag,84,nbs,11404,67.609637,67.609600,23.241,ok,6507.0,1.7525741509144
industrial-plants,plant02,diag,84,gbfs,114,69.651997,67.609600,0.617,subopt,6507.0,0.01751959428307976
industrial-plants,plant02,diag,85,astar,6513,71.568542,71.568500,13.081,ok,6509.0,1.000614533722538
industrial-plants,plant02,diag,85,rastar,10246,71.568542,71.568500,23.413,ok,6509.0,1.5741281302811492
industrial-plants,plant02,diag,85,mm,14758,71.568542,71.568500,11484.004,ok,6509.0,2.2673221693040406
industrial-plants,plant02,diag,85,bia,11767,71.568542,71.568500,31.068,ok,6509.0,1.8078045782762329
industrial-plants,plant02,diag,85,bae,14089,71.568542,71.568500,44.018,ok,6509.0,2.164541404209556
industrial-plants,plant02,diag,85,nbs,12270,71.568542,71.568500,27.585,ok,6509.0,1.8850821938853894
industrial-plants,plant02,diag,85,gbfs,192,85.334159,71.568500,0.637,subopt,6509.0,0.029497618681825166
industrial-plants,plant02,diag,86,astar,6513,125.476295,125.476000,14.031,ok,6511.0,1.000307172477346
industrial-plants,plant02,diag,86,rastar,34849,125.476295,125.476000,92.914,ok,6511.0,5.352326831515896
industrial-plants,plant02,diag,86,mm,23585,125.476295,125.476000,57739.112,ok,6511.0,3.6223314391030565
industrial-plants,plant02,diag,86,bia,11533,125.476295,125.476000,31.214,ok,6511.0,1.7713100906158807
industrial-plants,plant02,diag,86,bae,11348,125.476295,125.476000,33.846,ok,6511.0,1.7428966364613732
industrial-plants,plant02,diag,86,nbs,11036,125.476295,125.476000,24.312,ok,6511.0,1.6949777299953923
industrial-plants,plant02,diag,86,gbfs,296,146.752502,125.476000,1.173,subopt,6511.0,0.04546152664721241
industrial-plants,plant02,diag,87,astar,6513,258.312006,258.312000,13.066,ok,6166.0,1.056276354200454
industrial-plants,plant02,diag,87,rastar,843075,258.312006,258.312000,3149.856,ok,6166.0,136.72964644826467
industrial-plants,plant02,diag,87,mm,542201,258.312006,258.312000,6548.251,ok,6166.0,87.93399286409341
industrial-plants,plant02,diag,87,bia,13021,258.312006,258.312000,37.505,ok,6166.0,2.1117418099253973
industrial-plants,plant02,diag,87,bae,283857,258.312006,258.312000,1733.115,ok,6166.0,46.03584171261758
industrial-plants,plant02,diag,87,nbs,280492,258.312006,258.312000,1192.407,ok,6166.0,45.490107038598765
industrial-plants,plant02,diag,87,gbfs,442,264.411782,258.312000,2.056,subopt,6166.0,0.07168342523516055
industrial-plants,plant02,diag,88,astar,6515,81.145535,81.145500,13.371,ok,6513.0,1.0003070781513896
industrial-plants,plant02,diag,88,rastar,40019,81.145535,81.145500,112.516,ok,6513.0,6.144480270228773
industrial-plants,plant02,diag,88,mm,0,0,81.145500,60000.000,timeout,6513.0,0.0
industrial-plants,plant02,diag,88,bia,11935,81.145535,81.145500,27.413,ok,6513.0,1.8324888684170122
industrial-plants,plant02,diag,88,bae,25170,81.145535,81.145500,78.230,ok,6513.0,3.864578535237218
industrial-plants,plant02,diag,88,nbs,12210,81.145535,81.145500,26.103,ok,6513.0,1.8747121142330723
industrial-plants,plant02,diag,88,gbfs,276,82.455844,81.145500,0.983,subopt,6513.0,0.04237678489175495
industrial-plants,plant02,diag,89,astar,6515,418.967938,418.968000,12.770,ok,5674.0,1.1482199506520974
industrial-plants,plant02,diag,89,rastar,2782576,418.967938,418.968000,9152.225,ok,5674.0,490.40817765244975
industrial-plants,plant02,diag,89,mm,1573931,418.967938,418.968000,20555.872,ok,5674.0,277.3935495241452
industrial-plants,plant02,diag,89,bia,13025,418.967938,418.968000,42.272,ok,5674.0,2.2955586887557278
industrial-plants,plant02,diag,89,bae,795193,418.967938,418.968000,4715.301,ok,5674.0,140.14681001057454
industrial-plants,plant02,diag,89,nbs,1132970,418.967938,418.968000,6564.591,ok,5674.0,199.67747620726118
industrial-plants,plant02,diag,89,gbfs,760,440.641307,418.968000,3.537,subopt,5674.0,0.1339443073669369
industrial-plants,plant02,diag,90,astar,7320,191.751231,191.751000,16.110,ok,7240.0,1.011049723756906
industrial-plants,plant02,diag,90,rastar,22202,191.751231,191.751000,53.766,ok,7240.0,3.066574585635359
industrial-plants,plant02,diag,90,mm,22287,191.751231,191.751000,199.187,ok,7240.0,3.078314917127072
industrial-plants,plant02,diag,90,bia,14479,191.751231,191.751000,33.770,ok,7240.0,1.9998618784530386
industrial-plants,plant02,diag,90,bae,14981,191.751231,191.751000,37.879,ok,7240.0,2.069198895027624
industrial-plants,plant02,diag,90,nbs,29258,191.751231,191.751000,70.944,ok,7240.0,4.041160220994475
industrial-plants,plant02,diag,90,gbfs,234,194.775810,191.751000,1.629,subopt,7240.0,0.032320441988950274
industrial-plants,plant02,diag,91,astar,7322,88.082532,88.082500,16.991,ok,7317.0,1.000683340166735
industrial-plants,plant02,diag,91,rastar,12849,88.082532,88.082500,33.564,ok,7317.0,1.7560475604756047
industrial-plants,plant02,diag,91,mm,10912,88.082532,88.082500,3061.035,ok,7317.0,1.4913215798824655
industrial-plants,plant02,diag,91,bia,11019,88.082532,88.082500,31.246,ok,7317.0,1.5059450594505945
industrial-plants,plant02,diag,91,bae,11954,88.082532,88.082500,40.109,ok,7317.0,1.6337296706300397
industrial-plants,plant02,diag,91,nbs,11424,88.082532,88.082500,24.922,ok,7317.0,1.5612956129561295
industrial-plants,plant02,diag,91,gbfs,132,90.760566,88.082500,0.954,subopt,7317.0,0.018040180401804017
industrial-plants,plant02,diag,92,astar,7323,220.262601,220.263000,15.777,ok,7196.0,1.0176486937187326
industrial-plants,plant02,diag,92,rastar,360765,220.262601,220.263000,1445.104,ok,7196.0,50.134102279043915
industrial-plants,plant02,diag,92,mm,217865,220.262601,220.263000,2666.249,ok,7196.0,30.27584769316287
industrial-plants,plant02,diag,92,bia,14641,220.262601,220.263000,44.885,ok,7196.0,2.0346025569760977
industrial-plants,plant02,diag,92,bae,285291,220.262601,220.263000,1892.717,ok,7196.0,39.645775430794885
industrial-plants,plant02,diag,92,nbs,113218,220.262601,220.263000,344.821,ok,7196.0,15.733463035019454
industrial-plants,plant02,diag,92,gbfs,316,221.091029,220.263000,2.089,subopt,7196.0,0.04391328515842134
industrial-plants,plant02,diag,93,astar,7323,158.569755,158.570000,15.230,ok,7222.0,1.0139850456937136
industrial-plants,plant02,diag,93,rastar,43408,158.569755,158.570000,113.051,ok,7222.0,6.010523400720023
industrial-plants,plant02,diag,93,mm,44471,158.569755,158.570000,527.882,ok,7222.0,6.1577125450013845
industrial-plants,plant02,diag,93,bia,14641,158.569755,158.570000,43.178,ok,7222.0,2.027277762392689
industrial-plants,plant02,diag,93,bae,52603,158.569755,158.570000,195.566,ok,7222.0,7.283716422043756
industrial-plants,plant02,diag,93,nbs,34040,158.569755,158.570000,81.387,ok,7222.0,4.713375796178344
industrial-plants,plant02,diag,93,gbfs,840,186.236325,158.570000,2.597,subopt,7222.0,0.11631127111603434
industrial-plants,plant02,diag,94,astar,7324,158.439761,158.440000,16.565,ok,7236.0,1.0121614151464897
industrial-plants,plant02,diag,94,rastar,93824,158.439761,158.440000,340.957,ok,7236.0,12.966279712548369
industrial-plants,plant02,diag,94,mm,62954,158.439761,158.440000,653.738,ok,7236.0,8.700110558319514
industrial-plants,plant02,diag,94,bia,14617,158.439761,158.440000,48.978,ok,7236.0,2.02003869541183
industrial-plants,plant02,diag,94,bae,83910,158.439761,158.440000,495.502,ok,7236.0,11.596185737976782
industrial-plants,plant02,diag,94,nbs,63878,158.439761,158.440000,163.371,ok,7236.0,8.827805417357656
industrial-plants,plant02,diag,94,gbfs,216,160.096615,158.440000,1.388,subopt,7236.0,0.029850746268656716
industrial-plants,plant02,diag,95,astar,7325,110.028463,110.028000,14.244,ok,7286.0,1.0053527312654407
industrial-plants,plant02,diag,95,rastar,17779,110.028463,110.028000,40.613,ok,7286.0,2.440159209442767
industrial-plants,plant02,diag,95,mm,24739,110.028463,110.028000,230.696,ok,7286.0,3.395415866044469
industrial-plants,plant02,diag,95,bia,14645,110.028463,110.028000,38.902,ok,7286.0,2.010019214932748
industrial-plants,plant02,diag,95,bae,23139,110.028463,110.028000,69.645,ok,7286.0,3.175816634641779
industrial-plants,plant02,diag,95,nbs,16306,110.028463,110.028000,38.265,ok,7286.0,2.2379906670326655
industrial-plants,plant02,diag,95,gbfs,160,112.956667,110.028000,0.948,subopt,7286.0,0.021959923140269007
industrial-plants,plant02,diag,96,astar,7327,396.530254,396.530000,14.664,ok,6079.0,1.2052969238361573
industrial-plants,plant02,diag,96,rastar,2619594,396.530254,396.530000,9905.657,ok,6079.0,430.92515216318475
industrial-plants,plant02,diag,96,mm,1494699,396.530254,396.530000,21123.459,ok,6079.0,245.8790919559138
industrial-plants,plant02,diag,96,bia,14649,396.530254,396.530000,43.150,ok,6079.0,2.4097713439710478
industrial-plants,plant02,diag,96,bae,469065,396.530254,396.530000,2771.120,ok,6079.0,77.16153972692877
industrial-plants,plant02,diag,96,nbs,846644,396.530254,396.530000,2719.871,ok,6079.0,139.2735647310413
industrial-plants,plant02,diag,96,gbfs,630,409.690898,396.530000,2.784,subopt,6079.0,0.10363546635959862
industrial-plants,plant02,diag,97,astar,7328,89.195959,89.196000,12.725,ok,7317.0,1.001503348366817
industrial-plants,plant02,diag,97,rastar,8185,89.195959,89.196000,13.582,ok,7317.0,1.118627852945196
industrial-plants,plant02,diag,97,mm,13744,89.195959,89.196000,2120.191,ok,7317.0,1.87836545032117
industrial-plants,plant02,diag,97,bia,13991,89.195959,89.196000,30.771,ok,7317.0,1.912122454557879
industrial-plants,plant02,diag,97,bae,13704,89.195959,89.196000,33.801,ok,7317.0,1.8728987289872898
industrial-plants,plant02,diag,97,nbs,13808,89.195959,89.196000,26.598,ok,7317.0,1.8871122044553779
industrial-plants,plant02,diag,97,gbfs,198,102.485281,89.196000,0.662,subopt,7317.0,0.02706027060270603
industrial-plants,plant02,diag,98,astar,7328,115.394976,115.395000,13.231,ok,6934.0,1.0568214594750505
industrial-plants,plant02,diag,98,rastar,57998,115.394976,115.395000,140.533,ok,6934.0,8.364291895010096
industrial-plants,plant02,diag,98,mm,50557,115.394976,115.395000,486.158,ok,6934.0,7.291173925584078
industrial-plants,plant02,diag,98,bia,14621,115.394976,115.395000,34.804,ok,6934.0,2.108595327372368
industrial-plants,plant02,diag,98,bae,27458,115.394976,115.395000,81.642,ok,6934.0,3.9599077011825785
industrial-plants,plant02,diag,98,nbs,14796,115.394976,115.395000,32.574,ok,6934.0,2.1338332852610327
industrial-plants,plant02,diag,98,gbfs,1750,143.474837,115.395000,3.909,subopt,6934.0,0.25237957888664553
industrial-plants,plant02,diag,99,astar,7329,110.786552,110.787000,14.951,ok,7327.0,1.0002729630135117
industrial-plants,plant02,diag,99,rastar,51322,110.786552,110.787000,137.229,ok,7327.0,7.004503889722942
industrial-plants,plant02,diag,99,mm,28254,110.786552,110.787000,47118.711,ok,7327.0,3.8561484918793503
industrial-plants,plant02,diag,99,bia,2015,110.786552,110.787000,4.747,ok,7327.0,0.2750102361130067
industrial-plants,plant02,diag,99,bae,4819,110.786552,110.787000,14.679,ok,7327.0,0.6577043810563669
industrial-plants,plant02,diag,99,nbs,12460,110.786552,110.787000,27.444,ok,7327.0,1.7005595741776989
industrial-plants,plant02,diag,99,gbfs,192,118.297141,110.787000,0.991,subopt,7327.0,0.02620444929712024
industrial-plants,plant02,diag,100,astar,8141,234.646217,234.646000,16.608,ok,8007.0,1.0167353565630073
industrial-plants,plant02,diag,100,rastar,108157,234.646217,234.646000,280.667,ok,8007.0,13.507805670038715
industrial-plants,plant02,diag,100,mm,75052,234.646217,234.646000,751.014,ok,8007.0,9.37329836393156
industrial-plants,plant02,diag,100,bia,16277,234.646217,234.646000,52.723,ok,8007.0,2.0328462595229175
industrial-plants,plant02,diag,100,bae,19819,234.646217,234.646000,67.511,ok,8007.0,2.475209191957038
industrial-plants,plant02,diag,100,nbs,49064,234.646217,234.646000,115.412,ok,8007.0,6.127638316473086
industrial-plants,plant02,diag,100,gbfs,376,238.152678,234.646000,2.058,subopt,8007.0,0.0469589109529162
industrial-plants,plant02,diag,101,astar,8144,247.041520,247.042000,22.143,ok,8137.0,1.0008602679120069
industrial-plants,plant02,diag,101,rastar,51398,247.041520,247.042000,213.959,ok,8137.0,6.316578591618533
industrial-plants,plant02,diag,101,mm,0,0,247.042000,60000.000,timeout,8137.0,0.0
industrial-plants,plant02,diag,101,bia,15235,247.041520,247.042000,47.842,ok,8137.0,1.8723116627749785
industrial-plants,plant02,diag,101,bae,30933,247.041520,247.042000,152.655,ok,8137.0,3.801523903158412
industrial-plants,plant02,diag,101,nbs,15408,247.041520,247.042000,38.919,ok,8137.0,1.8935725697431485
industrial-plants,plant02,diag,101,gbfs,298,250.547982,247.042000,2.225,subopt,8137.0,0.03662283396829298
industrial-plants,plant02,diag,102,astar,8144,210.880257,210.880000,15.677,ok,7975.0,1.0211912225705329
industrial-plants,plant02,diag,102,rastar,339659,210.880257,210.880000,1255.566,ok,7975.0,42.59047021943574
industrial-plants,plant02,diag,102,mm,229154,210.880257,210.880000,2569.328,ok,7975.0,28.734043887147337
industrial-plants,plant02,diag,102,bia,16283,210.880257,210.880000,47.230,ok,7975.0,2.041755485893417
industrial-plants,plant02,diag,102,bae,78315,210.880257,210.880000,372.954,ok,7975.0,9.820062695924765
industrial-plants,plant02,diag,102,nbs,18128,210.880257,210.880000,45.808,ok,7975.0,2.273103448275862
industrial-plants,plant02,diag,102,gbfs,388,214.386718,210.880000,1.605,subopt,7975.0,0.04865203761755486
industrial-plants,plant02,diag,103,astar,8144,90.610173,90.610200,16.061,ok,8132.0,1.0014756517461878
industrial-plants,plant02,diag,103,rastar,8705,90.610173,90.610200,16.986,ok,8132.0,1.0704623708804721
industrial-plants,plant02,diag,103,mm,14930,90.610173,90.610200,7846.048,ok,8132.0,1.8359567142154452
industrial-plants,plant02,diag,103,bia,15565,90.610173,90.610200,34.308,ok,8132.0,1.9140432857845548
industrial-plants,plant02,diag,103,bae,14974,90.610173,90.610200,36.972,ok,8132.0,1.8413674372848008
industrial-plants,plant02,diag,103,nbs,15172,90.610173,90.610200,28.962,ok,8132.0,1.865715691096901
industrial-plants,plant02,diag,103,gbfs,1064,121.071068,90.610200,2.421,subopt,8132.0,0.1308411214953271
industrial-plants,plant02,diag,104,astar,8146,450.152329,450.152000,15.852,ok,6837.0,1.1914582419189703
industrial-plants,plant02,diag,104,rastar,3522699,450.152329,450.152000,12890.551,ok,6837.0,515.2404563405003
industrial-plants,plant02,diag,104,mm,1924145,450.152329,450.152000,25794.287,ok,6837.0,281.431183267515
industrial-plants,plant02,diag,104,bia,16287,450.152329,450.152000,51.301,ok,6837.0,2.3821851689337428
industrial-plants,plant02,diag,104,bae,394981,450.152329,450.152000,2392.558,ok,6837.0,57.77109843498611
industrial-plants,plant02,diag,104,nbs,1342302,450.152329,450.152000,8115.577,ok,6837.0,196.329091706889
industrial-plants,plant02,diag,104,gbfs,752,463.312974,450.152000,3.887,subopt,6837.0,0.10998976159134123
industrial-plants,plant02,diag,105,astar,8147,248.531525,248.532000,16.196,ok,7953.0,1.0243933107003647
industrial-plants,plant02,diag,105,rastar,465841,248.531525,248.532000,1644.527,ok,7953.0,58.57424871117817
industrial-plants,plant02,diag,105,mm,311581,248.531525,248.532000,3450.719,ok,7953.0,39.17779454293977
industrial-plants,plant02,diag,105,bia,16289,248.531525,248.532000,49.491,ok,7953.0,2.0481579278259776
industrial-plants,plant02,diag,105,bae,82049,248.531525,248.532000,418.033,ok,7953.0,10.31673582295989
industrial-plants,plant02,diag,105,nbs,95188,248.531525,248.532000,277.218,ok,7953.0,11.968816798692318
industrial-plants,plant02,diag,105,gbfs,434,251.459728,248.532000,1.998,subopt,7953.0,0.05457060228844461
industrial-plants,plant02,diag,106,astar,8147,137.327115,137.327000,16.972,ok,8068.0,1.0097917699553793
industrial-plants,plant02,diag,106,rastar,21625,137.327115,137.327000,51.564,ok,8068.0,2.6803420922161627
industrial-plants,plant02,diag,106,mm,29900,137.327115,137.327000,307.474,ok,8068.0,3.705999008428359
industrial-plants,plant02,diag,106,bia,16209,137.327115,137.327000,45.631,ok,8068.0,2.009048091224591
industrial-plants,plant02,diag,106,bae,31669,137.327115,137.327000,103.160,ok,8068.0,3.925260287555776
industrial-plants,plant02,diag,106,nbs,23268,137.327115,137.327000,55.078,ok,8068.0,2.883986117997025
industrial-plants,plant02,diag,106,gbfs,980,170.057224,137.327000,2.706,subopt,8068.0,0.12146752602875557
industrial-plants,plant02,diag,107,astar,8150,121.367532,121.368000,16.075,ok,8122.0,1.0034474267421818
industrial-plants,plant02,diag,107,rastar,39997,121.367532,121.368000,111.914,ok,8122.0,4.92452597882295
industrial-plants,plant02,diag,107,mm,0,0,121.368000,60000.000,timeout,8122.0,0.0
industrial-plants,plant02,diag,107,bia,16431,121.367532,121.368000,44.130,ok,8122.0,2.023023885742428
industrial-plants,plant02,diag,107,bae,24890,121.367532,121.368000,86.616,ok,8122.0,3.064516129032258
industrial-plants,plant02,diag,107,nbs,18004,121.367532,121.368000,43.380,ok,8122.0,2.2166953952228514
industrial-plants,plant02,diag,107,gbfs,236,131.769553,121.368000,1.036,subopt,8122.0,0.029056882541246
industrial-plants,plant02,diag,108,astar,8150,234.259582,234.260000,19.138,ok,8083.0,1.0082890016083137
industrial-plants,plant02,diag,108,rastar,17790,234.259582,234.260000,54.358,ok,8083.0,2.200915501670172
industrial-plants,plant02,diag,108,mm,17669,234.259582,234.260000,40695.973,ok,8083.0,2.185945812198441
industrial-plants,plant02,diag,108,bia,15301,234.259582,234.260000,44.359,ok,8083.0,1.8929852777434122
industrial-plants,plant02,diag,108,bae,14924,234.259582,234.260000,53.927,ok,8083.0,1.846344179141408
industrial-plants,plant02,diag,108,nbs,18152,234.259582,234.260000,46.490,ok,8083.0,2.245700853643449
industrial-plants,plant02,diag,108,gbfs,276,236.012812,234.260000,2.145,subopt,8083.0,0.03414573796857602
industrial-plants,plant02,diag,109,astar,8152,105.599922,105.600000,17.910,ok,8147.0,1.0006137228427643
industrial-plants,plant02,diag,109,rastar,10584,105.599922,105.600000,19.792,ok,8147.0,1.2991285135632749
industrial-plants,plant02,diag,109,mm,10738,105.599922,105.600000,12590.094,ok,8147.0,1.3180311771204125
industrial-plants,plant02,diag,109,bia,14331,105.599922,105.600000,36.079,ok,8147.0,1.759052411930772
industrial-plants,plant02,diag,109,bae,14541,105.599922,105.600000,42.486,ok,8147.0,1.7848287713268687
industrial-plants,plant02,diag,109,nbs,10630,105.599922,105.600000,21.950,ok,8147.0,1.3047747637167055
industrial-plants,plant02,diag,109,gbfs,158,107.892450,105.600000,0.791,subopt,8147.0,0.01939364183134896
industrial-plants,plant02,diag,110,astar,8932,270.117654,270.118000,16.325,ok,8744.0,1.0215004574565416
industrial-plants,plant02,diag,110,rastar,759472,270.117654,270.118000,3047.131,ok,8744.0,86.85635864592864
industrial-plants,plant02,diag,110,mm,453112,270.117654,270.118000,5441.709,ok,8744.0,51.819762122598355
industrial-plants,plant02,diag,110,bia,17837,270.117654,270.118000,47.317,ok,8744.0,2.0399130832570904
industrial-plants,plant02,diag,110,bae,524959,270.117654,270.118000,2942.555,ok,8744.0,60.036482159194875
industrial-plants,plant02,diag,110,nbs,162120,270.117654,270.118000,487.620,ok,8744.0,18.54071363220494
industrial-plants,plant02,diag,110,gbfs,438,275.780095,270.118000,2.341,subopt,8744.0,0.05009149130832571
industrial-plants,plant02,diag,111,astar,8933,62.899495,62.899500,18.094,ok,8928.0,1.000560035842294
industrial-plants,plant02,diag,111,rastar,11188,62.899495,62.899500,23.484,ok,8928.0,1.2531362007168458
industrial-plants,plant02,diag,111,mm,18868,62.899495,62.899500,2409.459,ok,8928.0,2.113351254480287
industrial-plants,plant02,diag,111,bia,16201,62.899495,62.899500,44.657,ok,8928.0,1.8146281362007168
industrial-plants,plant02,diag,111,bae,17370,62.899495,62.899500,57.172,ok,8928.0,1.9455645161290323
industrial-plants,plant02,diag,111,nbs,17078,62.899495,62.899500,40.503,ok,8928.0,1.9128584229390682
industrial-plants,plant02,diag,111,gbfs,188,63.727922,62.899500,0.615,subopt,8928.0,0.021057347670250897
industrial-plants,plant02,diag,112,astar,8936,119.377680,119.378000,18.549,ok,8881.0,1.0061929962842022
industrial-plants,plant02,diag,112,rastar,46876,119.377680,119.378000,161.575,ok,8881.0,5.27823443305934
industrial-plants,plant02,diag,112,mm,43014,119.377680,119.378000,444.711,ok,8881.0,4.843373493975903
industrial-plants,plant02,diag,112,bia,17761,119.377680,119.378000,53.894,ok,8881.0,1.99988740006756
industrial-plants,plant02,diag,112,bae,22183,119.377680,119.378000,75.982,ok,8881.0,2.4978043013174194
industrial-plants,plant02,diag,112,nbs,24764,119.377680,119.378000,62.724,ok,8881.0,2.7884247269451636
industrial-plants,plant02,diag,112,gbfs,164,122.287426,119.378000,1.031,subopt,8881.0,0.018466388920166648
industrial-plants,plant02,diag,113,astar,8941,182.448019,182.448000,19.066,ok,4611.0,1.9390587725005421
industrial-plants,plant02,diag,113,rastar,326391,182.448019,182.448000,1343.047,ok,4611.0,70.78529603122966
industrial-plants,plant02,diag,113,mm,197181,182.448019,182.448000,2126.879,ok,4611.0,42.76317501626545
industrial-plants,plant02,diag,113,bia,17877,182.448019,182.448000,52.620,ok,4611.0,3.8770331815224464
industrial-plants,plant02,diag,113,bae,242123,182.448019,182.448000,1533.941,ok,4611.0,52.50986770765561
industrial-plants,plant02,diag,113,nbs,89904,182.448019,182.448000,260.612,ok,4611.0,19.49772283669486
industrial-plants,plant02,diag,113,gbfs,320,190.710433,182.448000,1.723,subopt,4611.0,0.06939926263283452
industrial-plants,plant02,diag,114,astar,8941,68.083261,68.083300,18.773,ok,8934.0,1.0007835236176406
industrial-plants,plant02,diag,114,rastar,11480,68.083261,68.083300,26.404,ok,8934.0,1.2849787329303783
industrial-plants,plant02,diag,114,mm,16881,68.083261,68.083300,14458.715,ok,8934.0,1.889523169912693
industrial-plants,plant02,diag,114,bia,15815,68.083261,68.083300,45.262,ok,8934.0,1.7702037161405866
industrial-plants,plant02,diag,114,bae,16546,68.083261,68.083300,55.558,ok,8934.0,1.8520259682113276
industrial-plants,plant02,diag,114,nbs,16688,68.083261,68.083300,39.430,ok,8934.0,1.8679203044548913
industrial-plants,plant02,diag,114,gbfs,366,81.263091,68.083300,0.974,subopt,8934.0,0.0409670920080591
industrial-plants,plant02,diag,115,astar,8942,236.535169,236.535000,20.541,ok,8467.0,1.0561001535372623
industrial-plants,plant02,diag,115,rastar,29987,236.535169,236.535000,82.359,ok,8467.0,3.541632219203968
industrial-plants,plant02,diag,115,mm,22306,236.535169,236.535000,50912.364,ok,8467.0,2.634463210109838
industrial-plants,plant02,diag,115,bia,15827,236.535169,236.535000,50.067,ok,8467.0,1.8692571158615803
industrial-plants,plant02,diag,115,bae,12582,236.535169,236.535000,39.893,ok,8467.0,1.486004488012283
industrial-plants,plant02,diag,115,nbs,18762,236.535169,236.535000,44.409,ok,8467.0,2.2158970119286643
industrial-plants,plant02,diag,115,gbfs,528,244.141407,236.535000,2.083,subopt,8467.0,0.06235974961615685
industrial-plants,plant02,diag,116,astar,8945,234.972505,234.973000,17.102,ok,8562.0,1.0447325391263724
industrial-plants,plant02,diag,116,rastar,341172,234.972505,234.973000,1214.552,ok,8562.0,39.84723195515067
industrial-plants,plant02,diag,116,mm,256082,234.972505,234.973000,2818.971,ok,8562.0,29.90913338005139
industrial-plants,plant02,diag,116,bia,17885,234.972505,234.973000,53.287,ok,8562.0,2.088881102546134
industrial-plants,plant02,diag,116,bae,135328,234.972505,234.973000,684.960,ok,8562.0,15.80565288483999
industrial-plants,plant02,diag,116,nbs,46534,234.972505,234.973000,130.270,ok,8562.0,5.434945106283578
industrial-plants,plant02,diag,116,gbfs,1330,266.863742,234.973000,3.630,subopt,8562.0,0.15533753795842092
industrial-plants,plant02,diag,117,astar,8946,180.698776,180.699000,19.251,ok,8853.0,1.010504913588614
industrial-plants,plant02,diag,117,rastar,34703,180.698776,180.699000,86.426,ok,8853.0,3.9199141533943296
industrial-plants,plant02,diag,117,mm,38051,180.698776,180.699000,395.872,ok,8853.0,4.298091042584435
industrial-plants,plant02,diag,117,bia,17887,180.698776,180.699000,50.835,ok,8853.0,2.0204450468767647
industrial-plants,plant02,diag,117,bae,32620,180.698776,180.699000,116.452,ok,8853.0,3.684626680221394
industrial-plants,plant02,diag,117,nbs,18600,180.698776,180.699000,43.796,ok,8853.0,2.1009827177228058
industrial-plants,plant02,diag,117,gbfs,338,203.595064,180.699000,1.388,subopt,8853.0,0.0381791483113069
industrial-plants,plant02,diag,118,astar,8957,277.707658,277.708000,18.511,ok,8610.0,1.040301974448316
industrial-plants,plant02,diag,118,rastar,926127,277.707658,277.708000,3462.971,ok,8610.0,107.56411149825784
industrial-plants,plant02,diag,118,mm,599691,277.707658,277.708000,6951.031,ok,8610.0,69.65052264808362
industrial-plants,plant02,diag,118,bia,17909,277.707658,277.708000,51.401,ok,8610.0,2.0800232288037166
industrial-plants,plant02,diag,118,bae,219729,277.707658,277.708000,1328.500,ok,8610.0,25.520209059233448
industrial-plants,plant02,diag,118,nbs,29980,277.707658,277.708000,94.474,ok,8610.0,3.481997677119628
industrial-plants,plant02,diag,118,gbfs,474,291.157432,277.708000,2.315,subopt,8610.0,0.05505226480836237
industrial-plants,plant02,diag,119,astar,8964,128.408434,128.408000,18.148,ok,8962.0,1.000223164472216
industrial-plants,plant02,diag,119,rastar,35513,128.408434,128.408000,93.842,ok,8962.0,3.9626199509038162
industrial-plants,plant02,diag,119,mm,0,0,128.408000,60000.000,timeout,8962.0,0.0
industrial-plants,plant02,diag,119,bia,17289,128.408434,128.408000,40.263,ok,8962.0,1.9291452800714126
industrial-plants,plant02,diag,119,bae,23095,128.408434,128.408000,65.905,ok,8962.0,2.576991742914528
industrial-plants,plant02,diag,119,nbs,14596,128.408434,128.408000,29.771,ok,8962.0,1.6286543182325375
industrial-plants,plant02,diag,119,gbfs,190,131.433013,128.408000,0.990,subopt,8962.0,0.021200624860522203
industrial-plants,plant02,diag,120,astar,9707,272.719956,272.720000,17.351,ok,9513.0,1.0203931462209608
industrial-plants,plant02,diag,120,rastar,909493,272.719956,272.720000,3370.041,ok,9513.0,95.60527698938294
industrial-plants,plant02,diag,120,mm,622717,272.719956,272.720000,7324.003,ok,9513.0,65.45958162514454
industrial-plants,plant02,diag,120,bia,19409,272.719956,272.720000,58.952,ok,9513.0,2.040260695889835
industrial-plants,plant02,diag,120,bae,570927,272.719956,272.720000,3613.664,ok,9513.0,60.015452538631344
industrial-plants,plant02,diag,120,nbs,239050,272.719956,272.720000,1029.745,ok,9513.0,25.128771155261223
industrial-plants,plant02,diag,120,gbfs,480,278.968912,272.720000,2.180,subopt,9513.0,0.05045726900031536
industrial-plants,plant02,diag,121,astar,9708,283.825401,283.825000,27.443,ok,8814.0,1.10142954390742
industrial-plants,plant02,diag,121,rastar,15558,283.825401,283.825000,41.296,ok,8814.0,1.765146358066712
industrial-plants,plant02,diag,121,mm,21053,283.825401,283.825000,235.966,ok,8814.0,2.3885863399137737
industrial-plants,plant02,diag,121,bia,19201,283.825401,283.825000,71.879,ok,8814.0,2.178466076696165
industrial-plants,plant02,diag,121,bae,24138,283.825401,283.825000,90.453,ok,8814.0,2.7385976855003404
industrial-plants,plant02,diag,121,nbs,26362,283.825401,283.825000,78.869,ok,8814.0,2.9909235307465396
industrial-plants,plant02,diag,121,gbfs,354,288.893069,283.825000,2.463,subopt,8814.0,0.04016337644656229
industrial-plants,plant02,diag,122,astar,9708,457.604669,457.605000,21.165,ok,9233.0,1.051445900574028
industrial-plants,plant02,diag,122,rastar,3809224,457.604669,457.605000,15411.966,ok,9233.0,412.56622982779163
industrial-plants,plant02,diag,122,mm,2146532,457.604669,457.605000,28945.651,ok,9233.0,232.484782844146
industrial-plants,plant02,diag,122,bia,19411,457.604669,457.605000,66.010,ok,9233.0,2.10235026535254
industrial-plants,plant02,diag,122,bae,284967,457.604669,457.605000,1882.311,ok,9233.0,30.86396620816636
industrial-plants,plant02,diag,122,nbs,329406,457.604669,457.605000,1503.445,ok,9233.0,35.67702805155421
industrial-plants,plant02,diag,122,gbfs,732,472.114582,457.605000,3.891,subopt,9233.0,0.07928084046355464
industrial-plants,plant02,diag,123,astar,9712,380.823459,380.823000,20.687,ok,9307.0,1.0435156333942195
industrial-plants,plant02,diag,123,rastar,2129030,380.823459,380.823000,8538.183,ok,9307.0,228.75577522295046
industrial-plants,plant02,diag,123,mm,1235302,380.823459,380.823000,15508.655,ok,9307.0,132.728269044805
industrial-plants,plant02,diag,123,bia,19419,380.823459,380.823000,60.949,ok,9307.0,2.0864940367465348
industrial-plants,plant02,diag,123,bae,377565,380.823459,380.823000,2445.066,ok,9307.0,40.56785215429247
industrial-plants,plant02,diag,123,nbs,125394,380.823459,380.823000,424.737,ok,9307.0,13.473084774900613
industrial-plants,plant02,diag,123,gbfs,592,394.158400,380.823000,3.072,subopt,9307.0,0.06360803696142689
industrial-plants,plant02,diag,124,astar,9713,406.418440,406.418000,19.470,ok,9393.0,1.0340679229213243
industrial-plants,plant02,diag,124,rastar,1460297,406.418440,406.418000,4234.801,ok,9393.0,155.4665176195039
industrial-plants,plant02,diag,124,mm,818751,406.418440,406.418000,10200.526,ok,9393.0,87.16608112424146
industrial-plants,plant02,diag,124,bia,19421,406.418440,406.418000,67.473,ok,9393.0,2.067603534547003
industrial-plants,plant02,diag,124,bae,247491,406.418440,406.418000,1427.093,ok,9393.0,26.348450974129673
industrial-plants,plant02,diag,124,nbs,157670,406.418440,406.418000,557.513,ok,9393.0,16.7859043968913
industrial-plants,plant02,diag,124,gbfs,698,411.983047,406.418000,3.253,subopt,9393.0,0.07431065687213882
industrial-plants,plant02,diag,125,astar,9714,307.928197,307.928000,19.652,ok,8543.0,1.1370712864333372
industrial-plants,plant02,diag,125,rastar,1091583,307.928197,307.928000,3858.439,ok,8543.0,127.77513753950603
industrial-plants,plant02,diag,125,mm,675515,307.928197,307.928000,7820.031,ok,8543.0,79.07233992742596
industrial-plants,plant02,diag,125,bia,19407,307.928197,307.928000,57.990,ok,8543.0,2.271684419992977
industrial-plants,plant02,diag,125,bae,380217,307.928197,307.928000,2148.502,ok,8543.0,44.506262437082995
industrial-plants,plant02,diag,125,nbs,464064,307.928197,307.928000,2386.748,ok,8543.0,54.32096453236568
industrial-plants,plant02,diag,125,gbfs,484,318.989066,307.928000,2.647,subopt,8543.0,0.05665457099379609
industrial-plants,plant02,diag,126,astar,9720,222.616051,222.616000,20.753,ok,9606.0,1.0118675827607746
industrial-plants,plant02,diag,126,rastar,171208,222.616051,222.616000,685.016,ok,9606.0,17.823027274620028
industrial-plants,plant02,diag,126,mm,114138,222.616051,222.616000,1334.817,ok,9606.0,11.881948782011243
industrial-plants,plant02,diag,126,bia,19435,222.616051,222.616000,61.523,ok,9606.0,2.0232146575057257
industrial-plants,plant02,diag,126,bae,62290,222.616051,222.616000,307.423,ok,9606.0,6.484488861128462
industrial-plants,plant02,diag,126,nbs,32412,222.616051,222.616000,82.165,ok,9606.0,3.3741411617738915
industrial-plants,plant02,diag,126,gbfs,332,224.272905,222.616000,2.059,subopt,9606.0,0.03456173225067666
industrial-plants,plant02,diag,127,astar,9722,123.934029,123.934000,19.345,ok,9720.0,1.0002057613168724
industrial-plants,plant02,diag,127,rastar,41507,123.934029,123.934000,123.495,ok,9720.0,4.270267489711935
industrial-plants,plant02,diag,127,mm,27104,123.934029,123.934000,37059.781,ok,9720.0,2.788477366255144
industrial-plants,plant02,diag,127,bia,16857,123.934029,123.934000,43.938,ok,9720.0,1.7342592592592592
industrial-plants,plant02,diag,127,bae,33974,123.934029,123.934000,154.081,ok,9720.0,3.4952674897119342
industrial-plants,plant02,diag,127,nbs,15744,123.934029,123.934000,33.547,ok,9720.0,1.6197530864197531
industrial-plants,plant02,diag,127,gbfs,164,125.590883,123.934000,1.070,subopt,9720.0,0.016872427983539096
industrial-plants,plant02,diag,128,astar,9722,234.152433,234.152000,21.138,ok,9341.0,1.0407879242051172
industrial-plants,plant02,diag,128,rastar,162223,234.152433,234.152000,638.919,ok,9341.0,17.366770153088535
industrial-plants,plant02,diag,128,mm,112951,234.152433,234.152000,1314.804,ok,9341.0,12.091960175570067
industrial-plants,plant02,diag,128,bia,19439,234.152433,234.152000,66.089,ok,9341.0,2.081040573814367
industrial-plants,plant02,diag,128,bae,74103,234.152433,234.152000,386.465,ok,9341.0,7.93309067551654
industrial-plants,plant02,diag,128,nbs,40488,234.152433,234.152000,106.137,ok,9341.0,4.334439567498126
industrial-plants,plant02,diag,128,gbfs,364,243.133440,234.152000,2.216,subopt,9341.0,0.03896799057916711
industrial-plants,plant02,diag,129,astar,9724,298.536569,298.537000,20.373,ok,9121.0,1.0661111720206118
industrial-plants,plant02,diag,129,rastar,1037954,298.536569,298.537000,4195.059,ok,9121.0,113.79826773380111
industrial-plants,plant02,diag,129,mm,656194,298.536569,298.537000,8016.269,ok,9121.0,71.94320798158097
industrial-plants,plant02,diag,129,bia,19288,298.536569,298.537000,62.300,ok,9121.0,2.1146804078500163
industrial-plants,plant02,diag,129,bae,255563,298.536569,298.537000,1598.566,ok,9121.0,28.01918649270913
industrial-plants,plant02,diag,129,nbs,213818,298.536569,298.537000,781.200,ok,9121.0,23.442385703322003
industrial-plants,plant02,diag,129,gbfs,470,311.697214,298.537000,2.510,subopt,9121.0,0.05152943756167087
industrial-plants,plant02,diag,130,astar,10497,236.566490,236.566000,29.113,ok,10460.0,1.0035372848948374
industrial-plants,plant02,diag,130,rastar,13023,236.566490,236.566000,35.922,ok,10460.0,1.2450286806883366
industrial-plants,plant02,nodiag,0,astar,4,3.000000,2.414210,0.061,ok,0.0,
industrial-plants,plant02,nodiag,0,rastar,4,3.000000,2.414210,0.068,ok,0.0,
industrial-plants,plant02,nodiag,0,mm,3,3.000000,2.414210,0.126,ok,0.0,
industrial-plants,plant02,nodiag,0,bia,3,3.000000,2.414210,0.115,ok,0.0,
industrial-plants,plant02,nodiag,0,bae,3,3.000000,2.414210,0.118,ok,0.0,
industrial-plants,plant02,nodiag,0,nbs,3,3.000000,2.414210,0.061,ok,0.0,
industrial-plants,plant02,nodiag,0,gbfs,4,3.000000,2.414210,0.128,subopt,0.0,
industrial-plants,plant02,nodiag,1,astar,5,4.000000,2.828430,0.123,ok,0.0,
industrial-plants,plant02,nodiag,1,rastar,5,4.000000,2.828430,0.133,ok,0.0,
industrial-plants,plant02,nodiag,1,mm,5,4.000000,2.828430,0.138,ok,0.0,
industrial-plants,plant02,nodiag,1,bia,4,4.000000,2.828430,0.120,ok,0.0,
industrial-plants,plant02,nodiag,1,bae,4,4.000000,2.828430,0.124,ok,0.0,
industrial-plants,plant02,nodiag,1,nbs,4,4.000000,2.828430,0.063,ok,0.0,
industrial-plants,plant02,nodiag,1,gbfs,4,4.000000,2.828430,0.124,subopt,0.0,
industrial-plants,plant02,nodiag,2,astar,3,2.000000,2.000000,0.112,ok,0.0,
industrial-plants,plant02,nodiag,2,rastar,3,2.000000,2.000000,0.108,ok,0.0,
industrial-plants,plant02,nodiag,2,mm,2,2.000000,2.000000,0.116,ok,0.0,
industrial-plants,plant02,nodiag,2,bia,2,2.000000,2.000000,0.113,ok,0.0,
industrial-plants,plant02,nodiag,2,bae,2,2.000000,2.000000,0.113,ok,0.0,
industrial-plants,plant02,nodiag,2,nbs,2,2.000000,2.000000,0.054,ok,0.0,
industrial-plants,plant02,nodiag,2,gbfs,2,2.000000,2.000000,0.120,subopt,0.0,
industrial-plants,plant02,nodiag,3,astar,4,3.000000,2.414210,0.145,ok,0.0,
industrial-plants,plant02,nodiag,3,rastar,4,3.000000,2.414210,0.118,ok,0.0,
industrial-plants,plant02,nodiag,3,mm,3,3.000000,2.414210,0.127,ok,0.0,
industrial-plants,plant02,nodiag,3,bia,3,3.000000,2.414210,0.117,ok,0.0,
industrial-plants,plant02,nodiag,3,bae,3,3.000000,2.414210,0.120,ok,0.0,
industrial-plants,plant02,nodiag,3,nbs,3,3.000000,2.414210,0.058,ok,0.0,
industrial-plants,plant02,nodiag,3,gbfs,4,3.000000,2.414210,0.125,subopt,0.0,
industrial-plants,plant02,nodiag,4,astar,3,2.000000,2.000000,0.114,ok,0.0,
industrial-plants,plant02,nodiag,4,rastar,3,2.000000,2.000000,0.111,ok,0.0,
industrial-plants,plant02,nodiag,4,mm,2,2.000000,2.000000,0.116,ok,0.0,
industrial-plants,plant02,nodiag,4,bia,2,2.000000,2.000000,0.107,ok,0.0,
industrial-plants,plant02,nodiag,4,bae,2,2.000000,2.000000,0.117,ok,0.0,
industrial-plants,plant02,nodiag,4,nbs,2,2.000000,2.000000,0.052,ok,0.0,
industrial-plants,plant02,nodiag,4,gbfs,2,2.000000,2.000000,0.115,subopt,0.0,
industrial-plants,plant02,nodiag,5,astar,3,2.000000,2.000000,0.112,ok,0.0,
industrial-plants,plant02,nodiag,5,rastar,3,2.000000,2.000000,0.110,ok,0.0,
industrial-plants,plant02,nodiag,5,mm,2,2.000000,2.000000,0.140,ok,0.0,
industrial-plants,plant02,nodiag,5,bia,2,2.000000,2.000000,0.100,ok,0.0,
industrial-plants,plant02,nodiag,5,bae,2,2.000000,2.000000,0.117,ok,0.0,
industrial-plants,plant02,nodiag,5,nbs,2,2.000000,2.000000,0.051,ok,0.0,
industrial-plants,plant02,nodiag,5,gbfs,2,2.000000,2.000000,0.116,subopt,0.0,
industrial-plants,plant02,nodiag,6,astar,4,3.000000,2.414210,0.149,ok,0.0,
industrial-plants,plant02,nodiag,6,rastar,4,3.000000,2.414210,0.121,ok,0.0,
industrial-plants,plant02,nodiag,6,mm,3,3.000000,2.414210,0.132,ok,0.0,
industrial-plants,plant02,nodiag,6,bia,3,3.000000,2.414210,0.125,ok,0.0,
industrial-plants,plant02,nodiag,6,bae,3,3.000000,2.414210,0.137,ok,0.0,
industrial-plants,plant02,nodiag,6,nbs,3,3.000000,2.414210,0.063,ok,0.0,
industrial-plants,plant02,nodiag,6,gbfs,4,3.000000,2.414210,0.158,subopt,0.0,
industrial-plants,plant02,nodiag,7,astar,5,4.000000,2.828430,0.126,ok,0.0,
industrial-plants,plant02,nodiag,7,rastar,5,4.000000,2.828430,0.123,ok,0.0,
industrial-plants,plant02,nodiag,7,mm,5,4.000000,2.828430,0.157,ok,0.0,
industrial-plants,plant02,nodiag,7,bia,4,4.000000,2.828430,0.121,ok,0.0,
industrial-plants,plant02,nodiag,7,bae,4,4.000000,2.828430,0.124,ok,0.0,
industrial-plants,plant02,nodiag,7,nbs,4,4.000000,2.828430,0.064,ok,0.0,
industrial-plants,plant02,nodiag,7,gbfs,4,4.000000,2.828430,0.127,subopt,0.0,
industrial-plants,plant02,nodiag,8,astar,3,2.000000,2.000000,0.112,ok,0.0,
industrial-plants,plant02,nodiag,8,rastar,3,2.000000,2.000000,0.113,ok,0.0,
industrial-plants,plant02,nodiag,8,mm,2,2.000000,2.000000,0.119,ok,0.0,
industrial-plants,plant02,nodiag,8,bia,2,2.000000,2.000000,0.125,ok,0.0,
industrial-plants,plant02,nodiag,8,bae,2,2.000000,2.000000,0.126,ok,0.0,
industrial-plants,plant02,nodiag,8,nbs,2,2.000000,2.000000,0.056,ok,0.0,
industrial-plants,plant02,nodiag,8,gbfs,2,2.000000,2.000000,0.122,subopt,0.0,
industrial-plants,plant02,nodiag,9,astar,3,2.000000,2.000000,0.117,ok,0.0,
industrial-plants,plant02,nodiag,9,rastar,3,2.000000,2.000000,0.114,ok,0.0,
industrial-plants,plant02,nodiag,9,mm,2,2.000000,2.000000,0.125,ok,0.0,
industrial-plants,plant02,nodiag,9,bia,2,2.000000,2.000000,0.114,ok,0.0,
industrial-plants,plant02,nodiag,9,bae,2,2.000000,2.000000,0.117,ok,0.0,
industrial-plants,plant02,nodiag,9,nbs,2,2.000000,2.000000,0.057,ok,0.0,
industrial-plants,plant02,nodiag,9,gbfs,2,2.000000,2.000000,0.121,subopt,0.0,
industrial-plants,plant02,nodiag,10,astar,91,90.000000,71.254800,0.697,ok,0.0,
industrial-plants,plant02,nodiag,10,rastar,91,90.000000,71.254800,0.682,ok,0.0,
industrial-plants,plant02,nodiag,10,mm,1002,90.000000,71.254800,5.357,ok,0.0,
industrial-plants,plant02,nodiag,10,bia,90,90.000000,71.254800,0.678,ok,0.0,
industrial-plants,plant02,nodiag,10,bae,90,90.000000,71.254800,0.730,ok,0.0,
industrial-plants,plant02,nodiag,10,nbs,1857,90.000000,71.254800,7.675,ok,0.0,
industrial-plants,plant02,nodiag,10,gbfs,90,90.000000,71.254800,0.704,subopt,0.0,
industrial-plants,plant02,nodiag,11,astar,225,224.000000,189.928000,1.574,ok,0.0,
industrial-plants,plant02,nodiag,11,rastar,2129,224.000000,189.928000,8.970,ok,0.0,
industrial-plants,plant02,nodiag,11,mm,8644,224.000000,189.928000,20.466,ok,0.0,
industrial-plants,plant02,nodiag,11,bia,329,224.000000,189.928000,0.913,ok,0.0,
industrial-plants,plant02,nodiag,11,bae,329,224.000000,189.928000,1.717,ok,0.0,
industrial-plants,plant02,nodiag,11,nbs,18358,224.000000,189.928000,39.305,ok,0.0,
industrial-plants,plant02,nodiag,11,gbfs,330,224.000000,189.928000,0.990,subopt,0.0,
industrial-plants,plant02,nodiag,12,astar,347,346.000000,257.498000,1.612,ok,0.0,
industrial-plants,plant02,nodiag,12,rastar,4393,346.000000,257.498000,16.542,ok,0.0,
industrial-plants,plant02,nodiag,12,mm,208154,346.000000,257.498000,291.926,ok,0.0,
industrial-plants,plant02,nodiag,12,bia,425,346.000000,257.498000,1.183,ok,0.0,
industrial-plants,plant02,nodiag,12,bae,425,346.000000,257.498000,2.175,ok,0.0,
industrial-plants,plant02,nodiag,12,nbs,587551,346.000000,257.498000,904.499,ok,0.0,
industrial-plants,plant02,nodiag,12,gbfs,426,346.000000,257.498000,1.298,subopt,0.0,
industrial-plants,plant02,nodiag,13,astar,99,98.000000,75.740100,0.483,ok,0.0,
industrial-plants,plant02,nodiag,13,rastar,99,98.000000,75.740100,0.686,ok,0.0,
industrial-plants,plant02,nodiag,13,mm,1219,98.000000,75.740100,6.415,ok,0.0,
industrial-plants,plant02,nodiag,13,bia,98,98.000000,75.740100,0.611,ok,0.0,
industrial-plants,plant02,nodiag,13,bae,98,98.000000,75.740100,0.733,ok,0.0,
industrial-plants,plant02,nodiag,13,nbs,2267,98.000000,75.740100,8.960,ok,0.0,
industrial-plants,plant02,nodiag,13,gbfs,98,98.000000,75.740100,0.430,subopt,0.0,
industrial-plants,plant02,nodiag,14,astar,193,192.000000,130.256000,1.282,ok,0.0,
industrial-plants,plant02,nodiag,14,rastar,879,192.000000,130.256000,4.380,ok,0.0,
industrial-plants,plant02,nodiag,14,mm,52111,192.000000,130.256000,80.168,ok,0.0,
industrial-plants,plant02,nodiag,14,bia,192,192.000000,130.256000,0.552,ok,0.0,
industrial-plants,plant02,nodiag,14,bae,192,192.000000,130.256000,1.020,ok,0.0,
industrial-plants,plant02,nodiag,14,nbs,151018,192.000000,130.256000,199.123,ok,0.0,
industrial-plants,plant02,nodiag,14,gbfs,192,192.000000,130.256000,0.466,subopt,0.0,
industrial-plants,plant02,nodiag,15,astar,395,394.000000,275.977000,1.335,ok,0.0,
industrial-plants,plant02,nodiag,15,rastar,1941,394.000000,275.977000,9.264,ok,0.0,
industrial-plants,plant02,nodiag,15,mm,861650,394.000000,275.977000,1439.235,ok,0.0,
industrial-plants,plant02,nodiag,15,bia,413,394.000000,275.977000,1.510,ok,0.0,
industrial-plants,plant02,nodiag,15,bae,413,394.000000,275.977000,2.914,ok,0.0,
industrial-plants,plant02,nodiag,15,nbs,1815362,394.000000,275.977000,3095.721,ok,0.0,
industrial-plants,plant02,nodiag,15,gbfs,414,394.000000,275.977000,1.636,subopt,0.0,
industrial-plants,plant02,nodiag,16,astar,301,300.000000,240.082000,1.975,ok,0.0,
industrial-plants,plant02,nodiag,16,rastar,8283,300.000000,240.082000,22.305,ok,0.0,
industrial-plants,plant02,nodiag,16,mm,68678,300.000000,240.082000,102.112,ok,0.0,
industrial-plants,plant02,nodiag,16,bia,475,300.000000,240.082000,1.320,ok,0.0,
industrial-plants,plant02,nodiag,16,bae,475,300.000000,240.082000,2.484,ok,0.0,
industrial-plants,plant02,nodiag,16,nbs,211177,300.000000,240.082000,278.326,ok,0.0,
industrial-plants,plant02,nodiag,16,gbfs,476,300.000000,240.082000,2.232,subopt,0.0,
industrial-plants,plant02,nodiag,17,astar,398,397.000000,280.418000,2.448,ok,0.0,
industrial-plants,plant02,nodiag,17,rastar,4448,397.000000,280.418000,16.648,ok,0.0,
industrial-plants,plant02,nodiag,17,mm,518574,397.000000,280.418000,777.755,ok,0.0,
industrial-plants,plant02,nodiag,17,bia,441,397.000000,280.418000,1.280,ok,0.0,
industrial-plants,plant02,nodiag,17,bae,441,397.000000,280.418000,2.339,ok,0.0,
industrial-plants,plant02,nodiag,17,nbs,1347686,397.000000,280.418000,2302.242,ok,0.0,
industrial-plants,plant02,nodiag,17,gbfs,442,397.000000,280.418000,1.369,subopt,0.0,
industrial-plants,plant02,nodiag,18,astar,104,49.000000,45.485300,0.560,ok,70.0,1.4857142857142858
industrial-plants,plant02,nodiag,18,rastar,175,49.000000,45.485300,1.042,ok,70.0,2.5
industrial-plants,plant02,nodiag,18,mm,339,49.000000,45.485300,2.208,ok,70.0,4.8428571428571425
industrial-plants,plant02,nodiag,18,bia,203,49.000000,45.485300,1.214,ok,70.0,2.9
industrial-plants,plant02,nodiag,18,bae,205,49.000000,45.485300,1.294,ok,70.0,2.9285714285714284
industrial-plants,plant02,nodiag,18,nbs,547,49.000000,45.485300,2.703,ok,70.0,7.814285714285714
industrial-plants,plant02,nodiag,18,gbfs,96,49.000000,45.485300,0.648,subopt,70.0,1.3714285714285714
industrial-plants,plant02,nodiag,19,astar,268,267.000000,197.248000,1.844,ok,0.0,
industrial-plants,plant02,nodiag,19,rastar,1566,267.000000,197.248000,7.961,ok,0.0,
industrial-plants,plant02,nodiag,19,mm,196868,267.000000,197.248000,292.717,ok,0.0,
industrial-plants,plant02,nodiag,19,bia,325,267.000000,197.248000,0.941,ok,0.0,
industrial-plants,plant02,nodiag,19,bae,325,267.000000,197.248000,1.699,ok,0.0,
industrial-plants,plant02,nodiag,19,nbs,433451,267.000000,197.248000,608.220,ok,0.0,
industrial-plants,plant02,nodiag,19,gbfs,326,267.000000,197.248000,0.756,subopt,0.0,
industrial-plants,plant02,nodiag,20,astar,104,103.000000,87.769600,0.749,ok,0.0,
industrial-plants,plant02,nodiag,20,rastar,328,103.000000,87.769600,1.852,ok,0.0,
industrial-plants,plant02,nodiag,20,mm,3837,103.000000,87.769600,14.928,ok,0.0,
industrial-plants,plant02,nodiag,20,bia,119,103.000000,87.769600,0.578,ok,0.0,
industrial-plants,plant02,nodiag,20,bae,119,103.000000,87.769600,0.943,ok,0.0,
industrial-plants,plant02,nodiag,20,nbs,9008,103.000000,87.769600,22.301,ok,0.0,
industrial-plants,plant02,nodiag,20,gbfs,120,103.000000,87.769600,0.422,subopt,0.0,
industrial-plants,plant02,nodiag,21,astar,250,249.000000,197.296000,1.528,ok,0.0,
industrial-plants,plant02,nodiag,21,rastar,99258,249.000000,197.296000,123.274,ok,0.0,
industrial-plants,plant02,nodiag,21,mm,136062,249.000000,197.296000,191.341,ok,0.0,
industrial-plants,plant02,nodiag,21,bia,431,249.000000,197.296000,1.138,ok,0.0,
industrial-plants,plant02,nodiag,21,bae,431,249.000000,197.296000,2.102,ok,0.0,
industrial-plants,plant02,nodiag,21,nbs,250573,249.000000,197.296000,339.350,ok,0.0,
industrial-plants,plant02,nodiag,21,gbfs,432,249.000000,197.296000,1.232,subopt,0.0,
industrial-plants,plant02,nodiag,22,astar,72,71.000000,54.012200,0.397,ok,0.0,
industrial-plants,plant02,nodiag,22,rastar,72,71.000000,54.012200,0.555,ok,0.0,
industrial-plants,plant02,nodiag,22,mm,71,71.000000,54.012200,0.739,ok,0.0,
industrial-plants,plant02,nodiag,22,bia,71,71.000000,54.012200,0.576,ok,0.0,
industrial-plants,plant02,nodiag,22,bae,71,71.000000,54.012200,0.606,ok,0.0,
industrial-plants,plant02,nodiag,22,nbs,1231,71.000000,54.012200,5.601,ok,0.0,
industrial-plants,plant02,nodiag,22,gbfs,72,71.000000,54.012200,0.648,subopt,0.0,
industrial-plants,plant02,nodiag,23,astar,3590,124.000000,87.199400,10.691,ok,3528.0,1.0175736961451247
industrial-plants,plant02,nodiag,23,rastar,17544,124.000000,87.199400,22.008,ok,3528.0,4.9727891156462585
industrial-plants,plant02,nodiag,23,mm,17940,124.000000,87.199400,25.923,ok,3528.0,5.085034013605442
industrial-plants,plant02,nodiag,23,bia,7175,124.000000,87.199400,8.952,ok,3528.0,2.0337301587301586
industrial-plants,plant02,nodiag,23,bae,26015,124.000000,87.199400,31.236,ok,3528.0,7.373866213151928
industrial-plants,plant02,nodiag,23,nbs,18713,124.000000,87.199400,21.416,ok,3528.0,5.304138321995465
industrial-plants,plant02,nodiag,23,gbfs,436,124.000000,87.199400,0.960,subopt,3528.0,0.1235827664399093
industrial-plants,plant02,nodiag,24,astar,253,252.000000,191.278000,1.234,ok,0.0,
industrial-plants,plant02,nodiag,24,rastar,253,252.000000,191.278000,1.741,ok,0.0,
industrial-plants,plant02,nodiag,24,mm,4047,252.000000,191.278000,17.675,ok,0.0,
industrial-plants,plant02,nodiag,24,bia,252,252.000000,191.278000,0.841,ok,0.0,
industrial-plants,plant02,nodiag,24,bae,252,252.000000,191.278000,1.799,ok,0.0,
industrial-plants,plant02,nodiag,24,nbs,10923,252.000000,191.278000,31.732,ok,0.0,
industrial-plants,plant02,nodiag,24,gbfs,252,252.000000,191.278000,0.909,subopt,0.0,
industrial-plants,plant02,nodiag,25,astar,307,306.000000,248.340000,1.902,ok,0.0,
industrial-plants,plant02,nodiag,25,rastar,4243,306.000000,248.340000,15.173,ok,0.0,
industrial-plants,plant02,nodiag,25,mm,147162,306.000000,248.340000,209.318,ok,0.0,
industrial-plants,plant02,nodiag,25,bia,435,306.000000,248.340000,2.032,ok,0.0,
industrial-plants,plant02,nodiag,25,bae,435,306.000000,248.340000,3.149,ok,0.0,
industrial-plants,plant02,nodiag,25,nbs,377751,306.000000,248.340000,551.486,ok,0.0,
industrial-plants,plant02,nodiag,25,gbfs,436,306.000000,248.340000,1.042,subopt,0.0,
industrial-plants,plant02,nodiag,26,astar,385,384.000000,283.984000,1.293,ok,0.0,
industrial-plants,plant02,nodiag,26,rastar,19881,384.000000,283.984000,32.704,ok,0.0,
industrial-plants,plant02,nodiag,26,mm,77656,384.000000,283.984000,136.823,ok,0.0,
industrial-plants,plant02,nodiag,26,bia,479,384.000000,283.984000,1.407,ok,0.0,
industrial-plants,plant02,nodiag,26,bae,479,384.000000,283.984000,2.786,ok,0.0,
industrial-plants,plant02,nodiag,26,nbs,169710,384.000000,283.984000,248.412,ok,0.0,
industrial-plants,plant02,nodiag,26,gbfs,480,384.000000,283.984000,1.307,subopt,0.0,
industrial-plants,plant02,nodiag,27,astar,380,379.000000,277.585000,1.486,ok,0.0,
industrial-plants,plant02,nodiag,27,rastar,2510,379.000000,277.585000,11.864,ok,0.0,
industrial-plants,plant02,nodiag,27,mm,244152,379.000000,277.585000,397.918,ok,0.0,
industrial-plants,plant02,nodiag,27,bia,439,379.000000,277.585000,0.923,ok,0.0,
industrial-plants,plant02,nodiag,27,bae,439,379.000000,277.585000,1.928,ok,0.0,
industrial-plants,plant02,nodiag,27,nbs,537964,379.000000,277.585000,804.844,ok,0.0,
industrial-plants,plant02,nodiag,27,gbfs,440,379.000000,277.585000,1.761,subopt,0.0,
industrial-plants,plant02,nodiag,28,astar,200,199.000000,160.160000,1.329,ok,0.0,
industrial-plants,plant02,nodiag,28,rastar,200,199.000000,160.160000,1.298,ok,0.0,
industrial-plants,plant02,nodiag,28,mm,199,199.000000,160.160000,1.940,ok,0.0,
industrial-plants,plant02,nodiag,28,bia,199,199.000000,160.160000,1.367,ok,0.0,
industrial-plants,plant02,nodiag,28,bae,199,199.000000,160.160000,1.429,ok,0.0,
industrial-plants,plant02,nodiag,28,nbs,91801,199.000000,160.160000,124.554,ok,0.0,
industrial-plants,plant02,nodiag,28,gbfs,200,199.000000,160.160000,0.489,subopt,0.0,
industrial-plants,plant02,nodiag,29,astar,379,378.000000,274.902000,1.451,ok,0.0,
industrial-plants,plant02,nodiag,29,rastar,10711,378.000000,274.902000,29.198,ok,0.0,
industrial-plants,plant02,nodiag,29,mm,589034,378.000000,274.902000,921.183,ok,0.0,
industrial-plants,plant02,nodiag,29,bia,519,378.000000,274.902000,2.222,ok,0.0,
industrial-plants,plant02,nodiag,29,bae,519,378.000000,274.902000,3.785,ok,0.0,
industrial-plants,plant02,nodiag,29,nbs,1345207,378.000000,274.902000,2312.072,ok,0.0,
industrial-plants,plant02,nodiag,29,gbfs,520,378.000000,274.902000,1.246,subopt,0.0,
industrial-plants,plant02,nodiag,30,astar,2763,179.000000,165.141000,4.915,ok,2548.0,1.0843799058084773
industrial-plants,plant02,nodiag,30,rastar,19917,179.000000,165.141000,32.001,ok,2548.0,7.816718995290424
industrial-plants,plant02,nodiag,30,mm,17527,179.000000,165.141000,27.555,ok,2548.0,6.8787284144427
industrial-plants,plant02,nodiag,30,bia,5511,179.000000,165.141000,7.066,ok,2548.0,2.16287284144427
industrial-plants,plant02,nodiag,30,bae,20824,179.000000,165.141000,26.980,ok,2548.0,8.172684458398743
industrial-plants,plant02,nodiag,30,nbs,16338,179.000000,165.141000,19.914,ok,2548.0,6.412087912087912
industrial-plants,plant02,nodiag,30,gbfs,1132,195.000000,165.141000,1.942,subopt,2548.0,0.44427001569858715
industrial-plants,plant02,nodiag,31,astar,234,233.000000,195.951000,1.162,ok,0.0,
industrial-plants,plant02,nodiag,31,rastar,2971,233.000000,195.951000,12.688,ok,0.0,
industrial-plants,plant02,nodiag,31,mm,42218,233.000000,195.951000,64.564,ok,0.0,
industrial-plants,plant02,nodiag,31,bia,343,233.000000,195.951000,0.760,ok,0.0,
industrial-plants,plant02,nodiag,31,bae,343,233.000000,195.951000,1.728,ok,0.0,
industrial-plants,plant02,nodiag,31,nbs,103906,233.000000,195.951000,140.172,ok,0.0,
industrial-plants,plant02,nodiag,31,gbfs,344,233.000000,195.951000,0.768,subopt,0.0,
industrial-plants,plant02,nodiag,32,astar,336,335.000000,275.376000,1.149,ok,0.0,
industrial-plants,plant02,nodiag,32,rastar,7242,335.000000,275.376000,21.166,ok,0.0,
industrial-plants,plant02,nodiag,32,mm,248686,335.000000,275.376000,367.025,ok,0.0,
industrial-plants,plant02,nodiag,32,bia,509,335.000000,275.376000,1.642,ok,0.0,
industrial-plants,plant02,nodiag,32,bae,509,335.000000,275.376000,3.551,ok,0.0,
industrial-plants,plant02,nodiag,32,nbs,567665,335.000000,275.376000,858.324,ok,0.0,
industrial-plants,plant02,nodiag,32,gbfs,510,335.000000,275.376000,1.605,subopt,0.0,
industrial-plants,plant02,nodiag,33,astar,325,324.000000,271.398000,1.593,ok,0.0,
industrial-plants,plant02,nodiag,33,rastar,6291,324.000000,271.398000,21.054,ok,0.0,
industrial-plants,plant02,nodiag,33,mm,199456,324.000000,271.398000,299.452,ok,0.0,
industrial-plants,plant02,nodiag,33,bia,499,324.000000,271.398000,1.176,ok,0.0,
industrial-plants,plant02,nodiag,33,bae,499,324.000000,271.398000,1.975,ok,0.0,
industrial-plants,plant02,nodiag,33,nbs,454216,324.000000,271.398000,649.921,ok,0.0,
industrial-plants,plant02,nodiag,33,gbfs,500,324.000000,271.398000,2.063,subopt,0.0,
industrial-plants,plant02,nodiag,34,astar,413,412.000000,259.017000,2.532,ok,0.0,
industrial-plants,plant02,nodiag,34,rastar,22736,412.000000,259.017000,37.727,ok,0.0,
industrial-plants,plant02,nodiag,34,mm,772807,412.000000,259.017000,1243.516,ok,0.0,
industrial-plants,plant02,nodiag,34,bia,581,412.000000,259.017000,2.066,ok,0.0,
industrial-plants,plant02,nodiag,34,bae,581,412.000000,259.017000,4.005,ok,0.0,
industrial-plants,plant02,nodiag,34,nbs,2002358,412.000000,259.017000,3686.499,ok,0.0,
industrial-plants,plant02,nodiag,34,gbfs,582,412.000000,259.017000,1.489,subopt,0.0,
industrial-plants,plant02,nodiag,35,astar,288,287.000000,201.813000,1.290,ok,0.0,
industrial-plants,plant02,nodiag,35,rastar,127206,287.000000,201.813000,147.377,ok,0.0,
industrial-plants,plant02,nodiag,35,mm,210177,287.000000,201.813000,328.414,ok,0.0,
industrial-plants,plant02,nodiag,35,bia,413,287.000000,201.813000,1.244,ok,0.0,
industrial-plants,plant02,nodiag,35,bae,413,287.000000,201.813000,2.327,ok,0.0,
industrial-plants,plant02,nodiag,35,nbs,447209,287.000000,201.813000,639.408,ok,0.0,
industrial-plants,plant02,nodiag,35,gbfs,414,287.000000,201.813000,1.415,subopt,0.0,
industrial-plants,plant02,nodiag,36,astar,1262,225.000000,180.681000,4.496,ok,288.0,4.381944444444445
industrial-plants,plant02,nodiag,36,rastar,7032,225.000000,180.681000,16.266,ok,288.0,24.416666666666668
industrial-plants,plant02,nodiag,36,mm,29526,225.000000,180.681000,49.354,ok,288.0,102.52083333333333
industrial-plants,plant02,nodiag,36,bia,2465,225.000000,180.681000,3.309,ok,288.0,8.559027777777779
industrial-plants,plant02,nodiag,36,bae,1907,225.000000,180.681000,3.153,ok,288.0,6.621527777777778
industrial-plants,plant02,nodiag,36,nbs,37012,225.000000,180.681000,54.586,ok,288.0,128.51388888888889
industrial-plants,plant02,nodiag,36,gbfs,448,225.000000,180.681000,1.626,subopt,288.0,1.5555555555555556
industrial-plants,plant02,nodiag,37,astar,188,187.000000,170.172000,1.267,ok,0.0,
industrial-plants,plant02,nodiag,37,rastar,54814,187.000000,170.172000,64.885,ok,0.0,
industrial-plants,plant02,nodiag,37,mm,39934,187.000000,170.172000,59.445,ok,0.0,
industrial-plants,plant02,nodiag,37,bia,365,187.000000,170.172000,0.937,ok,0.0,
industrial-plants,plant02,nodiag,37,bae,365,187.000000,170.172000,1.755,ok,0.0,
industrial-plants,plant02,nodiag,37,nbs,20373,187.000000,170.172000,34.460,ok,0.0,
industrial-plants,plant02,nodiag,37,gbfs,366,187.000000,170.172000,1.351,subopt,0.0,
industrial-plants,plant02,nodiag,38,astar,201,200.000000,162.605000,1.283,ok,0.0,
industrial-plants,plant02,nodiag,38,rastar,14833,200.000000,162.605000,25.826,ok,0.0,
industrial-plants,plant02,nodiag,38,mm,17881,200.000000,162.605000,26.945,ok,0.0,
industrial-plants,plant02,nodiag,38,bia,289,200.000000,162.605000,1.414,ok,0.0,
industrial-plants,plant02,nodiag,38,bae,289,200.000000,162.605000,2.017,ok,0.0,
industrial-plants,plant02,nodiag,38,nbs,42385,200.000000,162.605000,62.737,ok,0.0,
industrial-plants,plant02,nodiag,38,gbfs,290,200.000000,162.605000,0.865,subopt,0.0,
industrial-plants,plant02,nodiag,39,astar,217,216.000000,146.129000,1.127,ok,0.0,
industrial-plants,plant02,nodiag,39,rastar,2917,216.000000,146.129000,10.051,ok,0.0,
industrial-plants,plant02,nodiag,39,mm,107558,216.000000,146.129000,156.500,ok,0.0,
industrial-plants,plant02,nodiag,39,bia,233,216.000000,146.129000,0.868,ok,0.0,
industrial-plants,plant02,nodiag,39,bae,233,216.000000,146.129000,1.725,ok,0.0,
industrial-plants,plant02,nodiag,39,nbs,229306,216.000000,146.129000,311.383,ok,0.0,
industrial-plants,plant02,nodiag,39,gbfs,234,216.000000,146.129000,0.626,subopt,0.0,
industrial-plants,plant02,nodiag,40,astar,411,410.000000,338.557000,1.336,ok,0.0,
industrial-plants,plant02,nodiag,40,rastar,5175,410.000000,338.557000,17.903,ok,0.0,
industrial-plants,plant02,nodiag,40,mm,326644,410.000000,338.557000,496.898,ok,0.0,
industrial-plants,plant02,nodiag,40,bia,579,410.000000,338.557000,2.097,ok,0.0,
industrial-plants,plant02,nodiag,40,bae,579,410.000000,338.557000,4.070,ok,0.0,
industrial-plants,plant02,nodiag,40,nbs,802553,410.000000,338.557000,1225.339,ok,0.0,
industrial-plants,plant02,nodiag,40,gbfs,580,410.000000,338.557000,2.289,subopt,0.0,
industrial-plants,plant02,nodiag,41,astar,525,524.000000,403.129000,3.529,ok,0.0,
industrial-plants,plant02,nodiag,41,rastar,6215,524.000000,403.129000,19.819,ok,0.0,
industrial-plants,plant02,nodiag,41,mm,1446295,524.000000,403.129000,2570.494,ok,0.0,
industrial-plants,plant02,nodiag,41,bia,679,524.000000,403.129000,1.830,ok,0.0,
industrial-plants,plant02,nodiag,41,bae,679,524.000000,403.129000,3.411,ok,0.0,
industrial-plants,plant02,nodiag,41,nbs,3036512,524.000000,403.129000,5473.592,ok,0.0,
industrial-plants,plant02,nodiag,41,gbfs,680,524.000000,403.129000,2.823,subopt,0.0,
industrial-plants,plant02,nodiag,42,astar,126,125.000000,118.556000,0.783,ok,0.0,
industrial-plants,plant02,nodiag,42,rastar,126,125.000000,118.556000,0.814,ok,0.0,
industrial-plants,plant02,nodiag,42,mm,125,125.000000,118.556000,1.107,ok,0.0,
industrial-plants,plant02,nodiag,42,bia,125,125.000000,118.556000,0.802,ok,0.0,
industrial-plants,plant02,nodiag,42,bae,125,125.000000,118.556000,0.822,ok,0.0,
industrial-plants,plant02,nodiag,42,nbs,1357,125.000000,118.556000,5.892,ok,0.0,
industrial-plants,plant02,nodiag,42,gbfs,126,125.000000,118.556000,0.603,subopt,0.0,
industrial-plants,plant02,nodiag,43,astar,431,430.000000,344.825000,2.574,ok,0.0,
industrial-plants,plant02,nodiag,43,rastar,21412,430.000000,344.825000,35.567,ok,0.0,
industrial-plants,plant02,nodiag,43,mm,653050,430.000000,344.825000,1033.946,ok,0.0,
industrial-plants,plant02,nodiag,43,bia,677,430.000000,344.825000,1.902,ok,0.0,
industrial-plants,plant02,nodiag,43,bae,677,430.000000,344.825000,4.162,ok,0.0,
industrial-plants,plant02,nodiag,43,nbs,1437561,430.000000,344.825000,2423.615,ok,0.0,
industrial-plants,plant02,nodiag,43,gbfs,678,430.000000,344.825000,2.558,subopt,0.0,
industrial-plants,plant02,nodiag,44,astar,5725,202.000000,177.998000,11.720,ok,5512.0,1.038642960812772
industrial-plants,plant02,nodiag,44,rastar,115530,202.000000,177.998000,131.071,ok,5512.0,20.959724238026126
industrial-plants,plant02,nodiag,44,mm,85421,202.000000,177.998000,105.871,ok,5512.0,15.497278664731494
industrial-plants,plant02,nodiag,44,bia,11445,202.000000,177.998000,13.497,ok,5512.0,2.076378809869376
industrial-plants,plant02,nodiag,44,bae,115520,202.000000,177.998000,176.247,ok,5512.0,20.95791001451379
industrial-plants,plant02,nodiag,44,nbs,75630,202.000000,177.998000,89.274,ok,5512.0,13.720972423802612
industrial-plants,plant02,nodiag,44,gbfs,2846,202.000000,177.998000,3.279,subopt,5512.0,0.5163280116110305
industrial-plants,plant02,nodiag,45,astar,6796,344.000000,210.850000,13.391,ok,0.0,
industrial-plants,plant02,nodiag,45,rastar,345,344.000000,210.850000,0.672,ok,0.0,
industrial-plants,plant02,nodiag,45,mm,595775,344.000000,210.850000,938.845,ok,0.0,
industrial-plants,plant02,nodiag,45,bia,392,344.000000,210.850000,1.101,ok,0.0,
industrial-plants,plant02,nodiag,45,bae,392,344.000000,210.850000,2.420,ok,0.0,
industrial-plants,plant02,nodiag,45,nbs,1261550,344.000000,210.850000,2114.411,ok,0.0,
industrial-plants,plant02,nodiag,45,gbfs,392,344.000000,210.850000,1.294,subopt,0.0,
industrial-plants,plant02,nodiag,46,astar,284,283.000000,180.770000,1.711,ok,0.0,
industrial-plants,plant02,nodiag,46,rastar,3360,283.000000,180.770000,13.584,ok,0.0,
industrial-plants,plant02,nodiag,46,mm,283,283.000000,180.770000,1.738,ok,0.0,
industrial-plants,plant02,nodiag,46,bia,283,283.000000,180.770000,1.976,ok,0.0,
industrial-plants,plant02,nodiag,46,bae,283,283.000000,180.770000,2.116,ok,0.0,
industrial-plants,plant02,nodiag,46,nbs,759847,283.000000,180.770000,1220.244,ok,0.0,
industrial-plants,plant02,nodiag,46,gbfs,284,283.000000,180.770000,1.359,subopt,0.0,
industrial-plants,plant02,nodiag,47,astar,614,136.000000,120.673000,2.511,ok,520.0,1.1807692307692308
industrial-plants,plant02,nodiag,47,rastar,19664,136.000000,120.673000,29.741,ok,520.0,37.815384615384616
industrial-plants,plant02,nodiag,47,mm,13209,136.000000,120.673000,23.087,ok,520.0,25.401923076923076
industrial-plants,plant02,nodiag,47,bia,1223,136.000000,120.673000,2.214,ok,520.0,2.351923076923077
industrial-plants,plant02,nodiag,47,bae,2441,136.000000,120.673000,6.534,ok,520.0,4.694230769230769
industrial-plants,plant02,nodiag,47,nbs,7224,136.000000,120.673000,12.314,ok,520.0,13.892307692307693
industrial-plants,plant02,nodiag,47,gbfs,276,136.000000,120.673000,1.070,subopt,520.0,0.5307692307692308
industrial-plants,plant02,nodiag,48,astar,283,282.000000,208.725000,1.908,ok,0.0,
industrial-plants,plant02,nodiag,48,rastar,2681,282.000000,208.725000,11.208,ok,0.0,
industrial-plants,plant02,nodiag,48,mm,222351,282.000000,208.725000,346.670,ok,0.0,
industrial-plants,plant02,nodiag,48,bia,321,282.000000,208.725000,0.981,ok,0.0,
industrial-plants,plant02,nodiag,48,bae,321,282.000000,208.725000,1.880,ok,0.0,
industrial-plants,plant02,nodiag,48,nbs,493317,282.000000,208.725000,712.255,ok,0.0,
industrial-plants,plant02,nodiag,48,gbfs,322,282.000000,208.725000,1.333,subopt,0.0,
industrial-plants,plant02,nodiag,49,astar,410,409.000000,248.452000,2.532,ok,0.0,
industrial-plants,plant02,nodiag,49,rastar,410,409.000000,248.452000,2.549,ok,0.0,
industrial-plants,plant02,nodiag,49,mm,409,409.000000,248.452000,3.870,ok,0.0,
industrial-plants,plant02,nodiag,49,bia,409,409.000000,248.452000,2.667,ok,0.0,
industrial-plants,plant02,nodiag,49,bae,409,409.000000,248.452000,2.869,ok,0.0,
industrial-plants,plant02,nodiag,49,nbs,2423637,409.000000,248.452000,4401.023,ok,0.0,
industrial-plants,plant02,nodiag,49,gbfs,410,409.000000,248.452000,1.481,subopt,0.0,
industrial-plants,plant02,nodiag,50,astar,6892,125.000000,89.570500,14.854,ok,6800.0,1.0135294117647058
industrial-plants,plant02,nodiag,50,rastar,22200,125.000000,89.570500,24.310,ok,6800.0,3.264705882352941
industrial-plants,plant02,nodiag,50,mm,24982,125.000000,89.570500,30.175,ok,6800.0,3.6738235294117647
industrial-plants,plant02,nodiag,50,bia,13751,125.000000,89.570500,16.141,ok,6800.0,2.022205882352941
industrial-plants,plant02,nodiag,50,bae,26351,125.000000,89.570500,33.462,ok,6800.0,3.8751470588235293
industrial-plants,plant02,nodiag,50,nbs,16904,125.000000,89.570500,22.591,ok,6800.0,2.4858823529411764
industrial-plants,plant02,nodiag,50,gbfs,904,125.000000,89.570500,1.202,subopt,6800.0,0.13294117647058823
industrial-plants,plant02,nodiag,51,astar,333,332.000000,250.205000,1.354,ok,0.0,
industrial-plants,plant02,nodiag,51,rastar,3719,332.000000,250.205000,12.885,ok,0.0,
industrial-plants,plant02,nodiag,51,mm,169930,332.000000,250.205000,298.426,ok,0.0,
industrial-plants,plant02,nodiag,51,bia,445,332.000000,250.205000,0.955,ok,0.0,
industrial-plants,plant02,nodiag,51,bae,445,332.000000,250.205000,1.967,ok,0.0,
industrial-plants,plant02,nodiag,51,nbs,350516,332.000000,250.205000,496.841,ok,0.0,
industrial-plants,plant02,nodiag,51,gbfs,446,332.000000,250.205000,2.208,subopt,0.0,
industrial-plants,plant02,nodiag,52,astar,290,289.000000,202.430000,1.965,ok,0.0,
industrial-plants,plant02,nodiag,52,rastar,290,289.000000,202.430000,1.884,ok,0.0,
industrial-plants,plant02,nodiag,52,mm,289,289.000000,202.430000,2.910,ok,0.0,
industrial-plants,plant02,nodiag,52,bia,289,289.000000,202.430000,2.002,ok,0.0,
industrial-plants,plant02,nodiag,52,bae,289,289.000000,202.430000,2.140,ok,0.0,
industrial-plants,plant02,nodiag,52,nbs,421490,289.000000,202.430000,594.571,ok,0.0,
industrial-plants,plant02,nodiag,52,gbfs,290,289.000000,202.430000,1.331,subopt,0.0,
industrial-plants,plant02,nodiag,53,astar,314,313.000000,186.687000,2.002,ok,0.0,
industrial-plants,plant02,nodiag,53,rastar,1907,313.000000,186.687000,7.934,ok,0.0,
industrial-plants,plant02,nodiag,53,mm,536799,313.000000,186.687000,811.560,ok,0.0,
industrial-plants,plant02,nodiag,53,bia,427,313.000000,186.687000,1.323,ok,0.0,
industrial-plants,plant02,nodiag,53,bae,427,313.000000,186.687000,2.656,ok,0.0,
industrial-plants,plant02,nodiag,53,nbs,1071955,313.000000,186.687000,1740.892,ok,0.0,
industrial-plants,plant02,nodiag,53,gbfs,428,313.000000,186.687000,1.352,subopt,0.0,
industrial-plants,plant02,nodiag,54,astar,31897,217.000000,151.067000,39.458,ok,31817.0,1.0025143791055096
industrial-plants,plant02,nodiag,54,rastar,44771,217.000000,151.067000,46.588,ok,31817.0,1.4071408366596474
industrial-plants,plant02,nodiag,54,mm,69190,217.000000,151.067000,91.047,ok,31817.0,2.174623628877644
industrial-plants,plant02,nodiag,54,bia,63699,217.000000,151.067000,78.664,ok,31817.0,2.0020429330232266
industrial-plants,plant02,nodiag,54,bae,77722,217.000000,151.067000,100.929,ok,31817.0,2.442782160480246
industrial-plants,plant02,nodiag,54,nbs,69598,217.000000,151.067000,89.708,ok,31817.0,2.187446962315743
industrial-plants,plant02,nodiag,54,gbfs,440,217.000000,151.067000,1.420,subopt,31817.0,0.013829085080302983
industrial-plants,plant02,nodiag,55,astar,477,476.000000,291.169000,3.176,ok,0.0,
industrial-plants,plant02,nodiag,55,rastar,477,476.000000,291.169000,3.137,ok,0.0,
industrial-plants,plant02,nodiag,55,mm,1924442,476.000000,291.169000,3362.886,ok,0.0,
industrial-plants,plant02,nodiag,55,bia,476,476.000000,291.169000,1.914,ok,0.0,
industrial-plants,plant02,nodiag,55,bae,476,476.000000,291.169000,3.648,ok,0.0,
industrial-plants,plant02,nodiag,55,nbs,3812295,476.000000,291.169000,7179.438,ok,0.0,
industrial-plants,plant02,nodiag,55,gbfs,476,476.000000,291.169000,1.587,subopt,0.0,
industrial-plants,plant02,nodiag,56,astar,173,172.000000,136.320000,0.846,ok,0.0,
industrial-plants,plant02,nodiag,56,rastar,3602,172.000000,136.320000,13.405,ok,0.0,
industrial-plants,plant02,nodiag,56,mm,3818,172.000000,136.320000,10.837,ok,0.0,
industrial-plants,plant02,nodiag,56,bia,289,172.000000,136.320000,0.643,ok,0.0,
industrial-plants,plant02,nodiag,56,bae,289,172.000000,136.320000,1.126,ok,0.0,
industrial-plants,plant02,nodiag,56,nbs,6274,172.000000,136.320000,18.394,ok,0.0,
industrial-plants,plant02,nodiag,56,gbfs,290,172.000000,136.320000,0.965,subopt,0.0,
industrial-plants,plant02,nodiag,57,astar,680,199.000000,150.225000,3.347,ok,0.0,
industrial-plants,plant02,nodiag,57,rastar,200,199.000000,150.225000,1.327,ok,0.0,
industrial-plants,plant02,nodiag,57,mm,319,199.000000,150.225000,2.693,ok,0.0,
industrial-plants,plant02,nodiag,57,bia,250,199.000000,150.225000,1.861,ok,0.0,
industrial-plants,plant02,nodiag,57,bae,250,199.000000,150.225000,1.930,ok,0.0,
industrial-plants,plant02,nodiag,57,nbs,157025,199.000000,150.225000,214.944,ok,0.0,
industrial-plants,plant02,nodiag,57,gbfs,250,199.000000,150.225000,0.840,subopt,0.0,
industrial-plants,plant02,nodiag,58,astar,139,138.000000,115.539000,0.735,ok,0.0,
industrial-plants,plant02,nodiag,58,rastar,139,138.000000,115.539000,0.928,ok,0.0,
industrial-plants,plant02,nodiag,58,mm,1449,138.000000,115.539000,7.947,ok,0.0,
industrial-plants,plant02,nodiag,58,bia,138,138.000000,115.539000,0.823,ok,0.0,
industrial-plants,plant02,nodiag,58,bae,138,138.000000,115.539000,1.070,ok,0.0,
industrial-plants,plant02,nodiag,58,nbs,2716,138.000000,115.539000,11.700,ok,0.0,
industrial-plants,plant02,nodiag,58,gbfs,138,138.000000,115.539000,0.443,subopt,0.0,
industrial-plants,plant02,nodiag,59,astar,312,311.000000,226.958000,1.505,ok,0.0,
industrial-plants,plant02,nodiag,59,rastar,41377,311.000000,226.958000,56.742,ok,0.0,
industrial-plants,plant02,nodiag,59,mm,82659,311.000000,226.958000,128.080,ok,0.0,
industrial-plants,plant02,nodiag,59,bia,397,311.000000,226.958000,0.839,ok,0.0,
industrial-plants,plant02,nodiag,59,bae,397,311.000000,226.958000,1.489,ok,0.0,
industrial-plants,plant02,nodiag,59,nbs,224017,311.000000,226.958000,299.878,ok,0.0,
industrial-plants,plant02,nodiag,59,gbfs,398,311.000000,226.958000,1.199,subopt,0.0,
industrial-plants,plant02,nodiag,60,astar,2057,100.000000,91.317100,5.143,ok,2022.0,1.0173095944609298
industrial-plants,plant02,nodiag,60,rastar,11119,100.000000,91.317100,22.770,ok,2022.0,5.4990108803165185
industrial-plants,plant02,nodiag,60,mm,8866,100.000000,91.317100,16.354,ok,2022.0,4.384767556874382
industrial-plants,plant02,nodiag,60,bia,4109,100.000000,91.317100,6.349,ok,2022.0,2.032146389713155
industrial-plants,plant02,nodiag,60,bae,8184,100.000000,91.317100,15.881,ok,2022.0,4.0474777448071215
industrial-plants,plant02,nodiag,60,nbs,6242,100.000000,91.317100,11.384,ok,2022.0,3.08704253214639
industrial-plants,plant02,nodiag,60,gbfs,204,100.000000,91.317100,0.468,subopt,2022.0,0.10089020771513353
industrial-plants,plant02,nodiag,61,astar,1283,120.000000,113.703000,2.215,ok,975.0,1.3158974358974358
industrial-plants,plant02,nodiag,61,rastar,13682,120.000000,113.703000,25.877,ok,975.0,14.032820512820512
industrial-plants,plant02,nodiag,61,mm,11880,120.000000,113.703000,15.646,ok,975.0,12.184615384615384
industrial-plants,plant02,nodiag,61,bia,2553,120.000000,113.703000,4.330,ok,975.0,2.6184615384615384
industrial-plants,plant02,nodiag,61,bae,9600,120.000000,113.703000,20.690,ok,975.0,9.846153846153847
industrial-plants,plant02,nodiag,61,nbs,5072,120.000000,113.703000,8.939,ok,975.0,5.202051282051282
industrial-plants,plant02,nodiag,61,gbfs,1694,130.000000,113.703000,1.856,subopt,975.0,1.7374358974358974
industrial-plants,plant02,nodiag,62,astar,234,233.000000,144.629000,0.931,ok,0.0,
industrial-plants,plant02,nodiag,62,rastar,234,233.000000,144.629000,1.646,ok,0.0,
industrial-plants,plant02,nodiag,62,mm,233,233.000000,144.629000,2.360,ok,0.0,
industrial-plants,plant02,nodiag,62,bia,233,233.000000,144.629000,1.744,ok,0.0,
industrial-plants,plant02,nodiag,62,bae,233,233.000000,144.629000,1.835,ok,0.0,
industrial-plants,plant02,nodiag,62,nbs,445265,233.000000,144.629000,658.046,ok,0.0,
industrial-plants,plant02,nodiag,62,gbfs,234,233.000000,144.629000,0.874,subopt,0.0,
industrial-plants,plant02,nodiag,63,astar,163,162.000000,115.345000,0.915,ok,0.0,
industrial-plants,plant02,nodiag,63,rastar,485,162.000000,115.345000,2.423,ok,0.0,
industrial-plants,plant02,nodiag,63,mm,17049,162.000000,115.345000,33.957,ok,0.0,
industrial-plants,plant02,nodiag,63,bia,321,162.000000,115.345000,0.822,ok,0.0,
industrial-plants,plant02,nodiag,63,bae,321,162.000000,115.345000,1.655,ok,0.0,
industrial-plants,plant02,nodiag,63,nbs,44317,162.000000,115.345000,62.114,ok,0.0,
industrial-plants,plant02,nodiag,63,gbfs,322,162.000000,115.345000,0.643,subopt,0.0,
industrial-plants,plant02,nodiag,64,astar,2370,105.000000,78.854900,5.723,ok,1864.0,1.2714592274678111
industrial-plants,plant02,nodiag,64,rastar,14969,105.000000,78.854900,23.667,ok,1864.0,8.030579399141631
industrial-plants,plant02,nodiag,64,mm,15944,105.000000,78.854900,21.992,ok,1864.0,8.553648068669528
industrial-plants,plant02,nodiag,64,bia,4689,105.000000,78.854900,7.723,ok,1864.0,2.515557939914163
industrial-plants,plant02,nodiag,64,bae,13377,105.000000,78.854900,16.956,ok,1864.0,7.176502145922747
industrial-plants,plant02,nodiag,64,nbs,17948,105.000000,78.854900,23.821,ok,1864.0,9.628755364806867
industrial-plants,plant02,nodiag,64,gbfs,248,105.000000,78.854900,0.465,subopt,1864.0,0.13304721030042918
industrial-plants,plant02,nodiag,65,astar,730,398.000000,245.623000,2.496,ok,0.0,
industrial-plants,plant02,nodiag,65,rastar,399,398.000000,245.623000,2.502,ok,0.0,
industrial-plants,plant02,nodiag,65,mm,1092288,398.000000,245.623000,1749.107,ok,0.0,
industrial-plants,plant02,nodiag,65,bia,398,398.000000,245.623000,1.717,ok,0.0,
industrial-plants,plant02,nodiag,65,bae,398,398.000000,245.623000,2.876,ok,0.0,
industrial-plants,plant02,nodiag,65,nbs,2169536,398.000000,245.623000,4077.829,ok,0.0,
industrial-plants,plant02,nodiag,65,gbfs,398,398.000000,245.623000,1.580,subopt,0.0,
industrial-plants,plant02,nodiag,66,astar,192,191.000000,152.635000,1.341,ok,0.0,
industrial-plants,plant02,nodiag,66,rastar,2384,191.000000,152.635000,9.296,ok,0.0,
industrial-plants,plant02,nodiag,66,mm,11090,191.000000,152.635000,22.752,ok,0.0,
industrial-plants,plant02,nodiag,66,bia,283,191.000000,152.635000,0.811,ok,0.0,
industrial-plants,plant02,nodiag,66,bae,283,191.000000,152.635000,1.515,ok,0.0,
industrial-plants,plant02,nodiag,66,nbs,19181,191.000000,152.635000,37.447,ok,0.0,
industrial-plants,plant02,nodiag,66,gbfs,284,191.000000,152.635000,0.945,subopt,0.0,
industrial-plants,plant02,nodiag,67,astar,210,173.000000,125.765000,1.147,ok,0.0,
industrial-plants,plant02,nodiag,67,rastar,27774,173.000000,125.765000,40.907,ok,0.0,
industrial-plants,plant02,nodiag,67,mm,43367,173.000000,125.765000,63.889,ok,0.0,
industrial-plants,plant02,nodiag,67,bia,415,173.000000,125.765000,0.797,ok,0.0,
industrial-plants,plant02,nodiag,67,bae,415,173.000000,125.765000,1.486,ok,0.0,
industrial-plants,plant02,nodiag,67,nbs,105255,173.000000,125.765000,141.882,ok,0.0,
industrial-plants,plant02,nodiag,67,gbfs,372,177.000000,125.765000,0.804,subopt,0.0,
industrial-plants,plant02,nodiag,68,astar,1258,84.000000,65.254800,2.266,ok,1222.0,1.0294599018003274
industrial-plants,plant02,nodiag,68,rastar,1482,84.000000,65.254800,4.859,ok,1222.0,1.2127659574468086
industrial-plants,plant02,nodiag,68,mm,3378,84.000000,65.254800,12.888,ok,1222.0,2.7643207855973815
industrial-plants,plant02,nodiag,68,bia,2509,84.000000,65.254800,7.288,ok,1222.0,2.0531914893617023
industrial-plants,plant02,nodiag,68,bae,2513,84.000000,65.254800,7.308,ok,1222.0,2.0564648117839606
industrial-plants,plant02,nodiag,68,nbs,4611,84.000000,65.254800,13.652,ok,1222.0,3.7733224222585924
industrial-plants,plant02,nodiag,68,gbfs,172,84.000000,65.254800,0.834,subopt,1222.0,0.1407528641571195
industrial-plants,plant02,nodiag,69,astar,317,316.000000,207.593000,2.064,ok,0.0,
industrial-plants,plant02,nodiag,69,rastar,380,316.000000,207.593000,2.240,ok,0.0,
industrial-plants,plant02,nodiag,69,mm,431065,316.000000,207.593000,674.395,ok,0.0,
industrial-plants,plant02,nodiag,69,bia,540,316.000000,207.593000,1.501,ok,0.0,
industrial-plants,plant02,nodiag,69,bae,540,316.000000,207.593000,2.842,ok,0.0,
industrial-plants,plant02,nodiag,69,nbs,861815,316.000000,207.593000,1312.518,ok,0.0,
industrial-plants,plant02,nodiag,69,gbfs,540,316.000000,207.593000,1.678,subopt,0.0,
industrial-plants,plant02,nodiag,70,astar,330,329.000000,217.850000,1.537,ok,0.0,
industrial-plants,plant02,nodiag,70,rastar,330,329.000000,217.850000,2.092,ok,0.0,
industrial-plants,plant02,nodiag,70,mm,329,329.000000,217.850000,3.230,ok,0.0,
industrial-plants,plant02,nodiag,70,bia,329,329.000000,217.850000,2.272,ok,0.0,
industrial-plants,plant02,nodiag,70,bae,329,329.000000,217.850000,2.448,ok,0.0,
industrial-plants,plant02,nodiag,70,nbs,834903,329.000000,217.850000,1295.898,ok,0.0,
industrial-plants,plant02,nodiag,70,gbfs,330,329.000000,217.850000,1.033,subopt,0.0,
industrial-plants,plant02,nodiag,71,astar,169,168.000000,112.203000,0.844,ok,0.0,
industrial-plants,plant02,nodiag,71,rastar,169,168.000000,112.203000,1.141,ok,0.0,
industrial-plants,plant02,nodiag,71,mm,79863,168.000000,112.203000,117.977,ok,0.0,
industrial-plants,plant02,nodiag,71,bia,168,168.000000,112.203000,0.519,ok,0.0,
industrial-plants,plant02,nodiag,71,bae,168,168.000000,112.203000,0.952,ok,0.0,
industrial-plants,plant02,nodiag,71,nbs,158374,168.000000,112.203000,218.030,ok,0.0,
industrial-plants,plant02,nodiag,71,gbfs,168,168.000000,112.203000,0.559,subopt,0.0,
industrial-plants,plant02,nodiag,72,astar,762,425.000000,250.216000,3.105,ok,0.0,
industrial-plants,plant02,nodiag,72,rastar,2791,425.000000,250.216000,11.393,ok,0.0,
industrial-plants,plant02,nodiag,72,mm,425,425.000000,250.216000,1.631,ok,0.0,
industrial-plants,plant02,nodiag,72,bia,425,425.000000,250.216000,2.093,ok,0.0,
industrial-plants,plant02,nodiag,72,bae,425,425.000000,250.216000,3.047,ok,0.0,
industrial-plants,plant02,nodiag,72,nbs,2790222,425.000000,250.216000,5512.507,ok,0.0,
industrial-plants,plant02,nodiag,72,gbfs,426,425.000000,250.216000,1.321,subopt,0.0,
industrial-plants,plant02,nodiag,73,astar,182,181.000000,126.441000,0.932,ok,0.0,
industrial-plants,plant02,nodiag,73,rastar,182,181.000000,126.441000,1.241,ok,0.0,
industrial-plants,plant02,nodiag,73,mm,181,181.000000,126.441000,1.848,ok,0.0,
industrial-plants,plant02,nodiag,73,bia,181,181.000000,126.441000,1.357,ok,0.0,
industrial-plants,plant02,nodiag,73,bae,181,181.000000,126.441000,1.399,ok,0.0,
industrial-plants,plant02,nodiag,73,nbs,96470,181.000000,126.441000,126.461,ok,0.0,
industrial-plants,plant02,nodiag,73,gbfs,182,181.000000,126.441000,0.447,subopt,0.0,
industrial-plants,plant02,nodiag,74,astar,234,233.000000,157.367000,0.836,ok,0.0,
industrial-plants,plant02,nodiag,74,rastar,720,233.000000,157.367000,3.744,ok,0.0,
industrial-plants,plant02,nodiag,74,mm,233,233.000000,157.367000,2.179,ok,0.0,
industrial-plants,plant02,nodiag,74,bia,233,233.000000,157.367000,1.562,ok,0.0,
industrial-plants,plant02,nodiag,74,bae,233,233.000000,157.367000,1.645,ok,0.0,
industrial-plants,plant02,nodiag,74,nbs,246697,233.000000,157.367000,320.345,ok,0.0,
industrial-plants,plant02,nodiag,74,gbfs,234,233.000000,157.367000,0.950,subopt,0.0,
industrial-plants,plant02,nodiag,75,astar,418,417.000000,332.278000,2.579,ok,0.0,
industrial-plants,plant02,nodiag,75,rastar,88292,417.000000,332.278000,112.885,ok,0.0,
industrial-plants,plant02,nodiag,75,mm,153139,417.000000,332.278000,231.283,ok,0.0,
industrial-plants,plant02,nodiag,75,bia,625,417.000000,332.278000,2.239,ok,0.0,
industrial-plants,plant02,nodiag,75,bae,625,417.000000,332.278000,4.328,ok,0.0,
industrial-plants,plant02,nodiag,75,nbs,294694,417.000000,332.278000,427.031,ok,0.0,
industrial-plants,plant02,nodiag,75,gbfs,626,417.000000,332.278000,1.428,subopt,0.0,
industrial-plants,plant02,nodiag,76,astar,423,422.000000,249.455000,1.553,ok,0.0,
industrial-plants,plant02,nodiag,76,rastar,423,422.000000,249.455000,2.867,ok,0.0,
industrial-plants,plant02,nodiag,76,mm,1366166,422.000000,249.455000,2363.189,ok,0.0,
industrial-plants,plant02,nodiag,76,bia,422,422.000000,249.455000,1.416,ok,0.0,
industrial-plants,plant02,nodiag,76,bae,422,422.000000,249.455000,2.867,ok,0.0,
industrial-plants,plant02,nodiag,76,nbs,2702873,422.000000,249.455000,4839.722,ok,0.0,
industrial-plants,plant02,nodiag,76,gbfs,422,422.000000,249.455000,1.389,subopt,0.0,
industrial-plants,plant02,nodiag,77,astar,2811,260.000000,167.024000,7.103,ok,0.0,
industrial-plants,plant02,nodiag,77,rastar,70455,260.000000,167.024000,78.019,ok,0.0,
industrial-plants,plant02,nodiag,77,mm,171598,260.000000,167.024000,251.711,ok,0.0,
industrial-plants,plant02,nodiag,77,bia,5599,260.000000,167.024000,10.385,ok,0.0,
industrial-plants,plant02,nodiag,77,bae,5599,260.000000,167.024000,9.921,ok,0.0,
industrial-plants,plant02,nodiag,77,nbs,399107,260.000000,167.024000,589.637,ok,0.0,
industrial-plants,plant02,nodiag,77,gbfs,716,270.000000,167.024000,1.465,subopt,0.0,
industrial-plants,plant02,nodiag,78,astar,286,285.000000,196.777000,1.064,ok,0.0,
industrial-plants,plant02,nodiag,78,rastar,286,285.000000,196.777000,1.790,ok,0.0,
industrial-plants,plant02,nodiag,78,mm,285,285.000000,196.777000,2.687,ok,0.0,
industrial-plants,plant02,nodiag,78,bia,285,285.000000,196.777000,1.941,ok,0.0,
industrial-plants,plant02,nodiag,78,bae,285,285.000000,196.777000,2.019,ok,0.0,
industrial-plants,plant02,nodiag,78,nbs,465140,285.000000,196.777000,665.585,ok,0.0,
industrial-plants,plant02,nodiag,78,gbfs,286,285.000000,196.777000,0.782,subopt,0.0,
industrial-plants,plant02,nodiag,79,astar,130,129.000000,101.980000,0.723,ok,0.0,
industrial-plants,plant02,nodiag,79,rastar,9325,129.000000,101.980000,18.025,ok,0.0,
industrial-plants,plant02,nodiag,79,mm,20828,129.000000,101.980000,31.550,ok,0.0,
industrial-plants,plant02,nodiag,79,bia,231,129.000000,101.980000,0.757,ok,0.0,
industrial-plants,plant02,nodiag,79,bae,231,129.000000,101.980000,1.597,ok,0.0,
industrial-plants,plant02,nodiag,79,nbs,29276,129.000000,101.980000,43.325,ok,0.0,
industrial-plants,plant02,nodiag,79,gbfs,232,129.000000,101.980000,0.674,subopt,0.0,
industrial-plants,plant02,nodiag,80,astar,402,401.000000,266.664000,1.859,ok,0.0,
industrial-plants,plant02,nodiag,80,rastar,5457,401.000000,266.664000,18.603,ok,0.0,
industrial-plants,plant02,nodiag,80,mm,401,401.000000,266.664000,3.895,ok,0.0,
industrial-plants,plant02,nodiag,80,bia,401,401.000000,266.664000,2.775,ok,0.0,
industrial-plants,plant02,nodiag,80,bae,401,401.000000,266.664000,2.941,ok,0.0,
industrial-plants,plant02,nodiag,80,nbs,2049758,401.000000,266.664000,3718.972,ok,0.0,
industrial-plants,plant02,nodiag,80,gbfs,402,401.000000,266.664000,1.638,subopt,0.0,
industrial-plants,plant02,nodiag,81,astar,423,422.000000,309.582000,2.635,ok,0.0,
industrial-plants,plant02,nodiag,81,rastar,5899,422.000000,309.582000,19.230,ok,0.0,
industrial-plants,plant02,nodiag,81,mm,797057,422.000000,309.582000,1309.692,ok,0.0,
industrial-plants,plant02,nodiag,81,bia,507,422.000000,309.582000,1.216,ok,0.0,
industrial-plants,plant02,nodiag,81,bae,507,422.000000,309.582000,2.527,ok,0.0,
industrial-plants,plant02,nodiag,81,nbs,1790069,422.000000,309.582000,3048.411,ok,0.0,
industrial-plants,plant02,nodiag,81,gbfs,508,422.000000,309.582000,2.155,subopt,0.0,
industrial-plants,plant02,nodiag,82,astar,5415,300.000000,205.822000,18.362,ok,0.0,
industrial-plants,plant02,nodiag,82,rastar,301,300.000000,205.822000,1.097,ok,0.0,
industrial-plants,plant02,nodiag,82,mm,273224,300.000000,205.822000,442.367,ok,0.0,
industrial-plants,plant02,nodiag,82,bia,392,300.000000,205.822000,1.451,ok,0.0,
industrial-plants,plant02,nodiag,82,bae,392,300.000000,205.822000,2.861,ok,0.0,
industrial-plants,plant02,nodiag,82,nbs,554189,300.000000,205.822000,800.016,ok,0.0,
industrial-plants,plant02,nodiag,82,gbfs,392,300.000000,205.822000,0.897,subopt,0.0,
industrial-plants,plant02,nodiag,83,astar,439,438.000000,301.224000,1.358,ok,0.0,
industrial-plants,plant02,nodiag,83,rastar,6261,438.000000,301.224000,18.664,ok,0.0,
industrial-plants,plant02,nodiag,83,mm,1007954,438.000000,301.224000,1687.226,ok,0.0,
industrial-plants,plant02,nodiag,83,bia,483,438.000000,301.224000,1.080,ok,0.0,
industrial-plants,plant02,nodiag,83,bae,483,438.000000,301.224000,1.916,ok,0.0,
industrial-plants,plant02,nodiag,83,nbs,2224228,438.000000,301.224000,3816.903,ok,0.0,
industrial-plants,plant02,nodiag,83,gbfs,484,438.000000,301.224000,1.566,subopt,0.0,
industrial-plants,plant02,nodiag,84,astar,81,80.000000,67.609600,0.473,ok,0.0,
industrial-plants,plant02,nodiag,84,rastar,1313,80.000000,67.609600,4.109,ok,0.0,
industrial-plants,plant02,nodiag,84,mm,3235,80.000000,67.609600,13.297,ok,0.0,
industrial-plants,plant02,nodiag,84,bia,123,80.000000,67.609600,0.384,ok,0.0,
industrial-plants,plant02,nodiag,84,bae,123,80.000000,67.609600,0.727,ok,0.0,
industrial-plants,plant02,nodiag,84,nbs,5595,80.000000,67.609600,15.083,ok,0.0,
industrial-plants,plant02,nodiag,84,gbfs,124,80.000000,67.609600,0.500,subopt,0.0,
industrial-plants,plant02,nodiag,85,astar,2608,95.000000,71.568500,7.459,ok,2572.0,1.0139968895800933
industrial-plants,plant02,nodiag,85,rastar,2885,95.000000,71.568500,7.073,ok,2572.0,1.1216951788491447
industrial-plants,plant02,nodiag,85,mm,6031,95.000000,71.568500,14.452,ok,2572.0,2.3448678071539657
industrial-plants,plant02,nodiag,85,bia,5207,95.000000,71.568500,7.952,ok,2572.0,2.024494556765163
industrial-plants,plant02,nodiag,85,bae,5207,95.000000,71.568500,6.436,ok,2572.0,2.024494556765163
industrial-plants,plant02,nodiag,85,nbs,7716,95.000000,71.568500,11.658,ok,2572.0,3.0
industrial-plants,plant02,nodiag,85,gbfs,220,95.000000,71.568500,0.398,subopt,2572.0,0.08553654743390357
industrial-plants,plant02,nodiag,86,astar,379,145.000000,125.476000,0.854,ok,267.0,1.4194756554307115
industrial-plants,plant02,nodiag,86,rastar,12649,145.000000,125.476000,23.837,ok,267.0,47.37453183520599
industrial-plants,plant02,nodiag,86,mm,9317,145.000000,125.476000,15.234,ok,267.0,34.89513108614232
industrial-plants,plant02,nodiag,86,bia,753,145.000000,125.476000,1.734,ok,267.0,2.8202247191011236
industrial-plants,plant02,nodiag,86,bae,1743,145.000000,125.476000,7.525,ok,267.0,6.52808988764045
industrial-plants,plant02,nodiag,86,nbs,12442,145.000000,125.476000,20.481,ok,267.0,46.59925093632959
industrial-plants,plant02,nodiag,86,gbfs,298,145.000000,125.476000,1.092,subopt,267.0,1.1161048689138577
industrial-plants,plant02,nodiag,87,astar,324,323.000000,258.312000,2.143,ok,0.0,
industrial-plants,plant02,nodiag,87,rastar,5862,323.000000,258.312000,17.576,ok,0.0,
industrial-plants,plant02,nodiag,87,mm,265745,323.000000,258.312000,391.820,ok,0.0,
industrial-plants,plant02,nodiag,87,bia,475,323.000000,258.312000,1.177,ok,0.0,
industrial-plants,plant02,nodiag,87,bae,475,323.000000,258.312000,2.419,ok,0.0,
industrial-plants,plant02,nodiag,87,nbs,622139,323.000000,258.312000,928.714,ok,0.0,
industrial-plants,plant02,nodiag,87,gbfs,476,323.000000,258.312000,1.163,subopt,0.0,
industrial-plants,plant02,nodiag,88,astar,1465,89.000000,81.145500,2.058,ok,1385.0,1.0577617328519855
industrial-plants,plant02,nodiag,88,rastar,9366,89.000000,81.145500,19.713,ok,1385.0,6.76245487364621
industrial-plants,plant02,nodiag,88,mm,11024,89.000000,81.145500,17.985,ok,1385.0,7.95956678700361
industrial-plants,plant02,nodiag,88,bia,2925,89.000000,81.145500,5.392,ok,1385.0,2.111913357400722
industrial-plants,plant02,nodiag,88,bae,9165,89.000000,81.145500,18.407,ok,1385.0,6.617328519855596
industrial-plants,plant02,nodiag,88,nbs,5616,89.000000,81.145500,9.909,ok,1385.0,4.054873646209386
industrial-plants,plant02,nodiag,88,gbfs,354,89.000000,81.145500,1.082,subopt,1385.0,0.2555956678700361
industrial-plants,plant02,nodiag,89,astar,524,523.000000,418.968000,3.488,ok,0.0,
industrial-plants,plant02,nodiag,89,rastar,10766,523.000000,418.968000,26.313,ok,0.0,
industrial-plants,plant02,nodiag,89,mm,1055386,523.000000,418.968000,1741.084,ok,0.0,
industrial-plants,plant02,nodiag,89,bia,733,523.000000,418.968000,1.972,ok,0.0,
industrial-plants,plant02,nodiag,89,bae,733,523.000000,418.968000,3.697,ok,0.0,
industrial-plants,plant02,nodiag,89,nbs,2277087,523.000000,418.968000,3694.185,ok,0.0,
industrial-plants,plant02,nodiag,89,gbfs,734,523.000000,418.968000,3.856,subopt,0.0,
industrial-plants,plant02,nodiag,90,astar,314,313.000000,191.751000,1.837,ok,0.0,
industrial-plants,plant02,nodiag,90,rastar,314,313.000000,191.751000,2.127,ok,0.0,
industrial-plants,plant02,nodiag,90,mm,313,313.000000,191.751000,3.094,ok,0.0,
industrial-plants,plant02,nodiag,90,bia,313,313.000000,191.751000,2.240,ok,0.0,
industrial-plants,plant02,nodiag,90,bae,313,313.000000,191.751000,2.337,ok,0.0,
industrial-plants,plant02,nodiag,90,nbs,1079290,313.000000,191.751000,1762.169,ok,0.0,
industrial-plants,plant02,nodiag,90,gbfs,314,313.000000,191.751000,1.308,subopt,0.0,
industrial-plants,plant02,nodiag,91,astar,1117,116.000000,88.082500,4.378,ok,0.0,
industrial-plants,plant02,nodiag,91,rastar,117,116.000000,88.082500,0.917,ok,0.0,
industrial-plants,plant02,nodiag,91,mm,5747,116.000000,88.082500,18.274,ok,0.0,
industrial-plants,plant02,nodiag,91,bia,126,116.000000,88.082500,0.545,ok,0.0,
industrial-plants,plant02,nodiag,91,bae,126,116.000000,88.082500,1.085,ok,0.0,
industrial-plants,plant02,nodiag,91,nbs,12302,116.000000,88.082500,24.509,ok,0.0,
industrial-plants,plant02,nodiag,91,gbfs,126,116.000000,88.082500,0.825,subopt,0.0,
industrial-plants,plant02,nodiag,92,astar,318,317.000000,220.263000,2.132,ok,0.0,
industrial-plants,plant02,nodiag,92,rastar,3697,317.000000,220.263000,14.138,ok,0.0,
industrial-plants,plant02,nodiag,92,mm,305342,317.000000,220.263000,458.190,ok,0.0,
industrial-plants,plant02,nodiag,92,bia,339,317.000000,220.263000,1.326,ok,0.0,
industrial-plants,plant02,nodiag,92,bae,339,317.000000,220.263000,2.563,ok,0.0,
industrial-plants,plant02,nodiag,92,nbs,754330,317.000000,220.263000,1242.510,ok,0.0,
industrial-plants,plant02,nodiag,92,gbfs,340,317.000000,220.263000,1.425,subopt,0.0,
industrial-plants,plant02,nodiag,93,astar,28406,210.000000,158.570000,37.278,ok,28194.0,1.007519330353976
industrial-plants,plant02,nodiag,93,rastar,85674,210.000000,158.570000,97.269,ok,28194.0,3.0387316450308575
industrial-plants,plant02,nodiag,93,mm,102471,210.000000,158.570000,133.861,ok,28194.0,3.634496701425835
industrial-plants,plant02,nodiag,93,bia,56807,210.000000,158.570000,71.720,ok,28194.0,2.0148613180109245
industrial-plants,plant02,nodiag,93,bae,123508,210.000000,158.570000,173.917,ok,28194.0,4.380648364900334
industrial-plants,plant02,nodiag,93,nbs,102214,210.000000,158.570000,141.360,ok,28194.0,3.6253812867986097
industrial-plants,plant02,nodiag,93,gbfs,1496,214.000000,158.570000,3.898,subopt,28194.0,0.05306093495069873
industrial-plants,plant02,nodiag,94,astar,725,236.000000,158.440000,3.800,ok,0.0,
industrial-plants,plant02,nodiag,94,rastar,76839,236.000000,158.440000,95.072,ok,0.0,
industrial-plants,plant02,nodiag,94,mm,141825,236.000000,158.440000,213.056,ok,0.0,
industrial-plants,plant02,nodiag,94,bia,1443,236.000000,158.440000,3.897,ok,0.0,
industrial-plants,plant02,nodiag,94,bae,1443,236.000000,158.440000,6.200,ok,0.0,
industrial-plants,plant02,nodiag,94,nbs,308383,236.000000,158.440000,477.060,ok,0.0,
industrial-plants,plant02,nodiag,94,gbfs,778,248.000000,158.440000,2.548,subopt,0.0,
industrial-plants,plant02,nodiag,95,astar,267,155.000000,110.028000,1.683,ok,0.0,
industrial-plants,plant02,nodiag,95,rastar,156,155.000000,110.028000,1.103,ok,0.0,
industrial-plants,plant02,nodiag,95,mm,176,155.000000,110.028000,1.765,ok,0.0,
industrial-plants,plant02,nodiag,95,bia,166,155.000000,110.028000,1.254,ok,0.0,
industrial-plants,plant02,nodiag,95,bae,166,155.000000,110.028000,1.319,ok,0.0,
industrial-plants,plant02,nodiag,95,nbs,70730,155.000000,110.028000,91.672,ok,0.0,
industrial-plants,plant02,nodiag,95,gbfs,166,155.000000,110.028000,0.739,subopt,0.0,
industrial-plants,plant02,nodiag,96,astar,554,553.000000,396.530000,3.559,ok,0.0,
industrial-plants,plant02,nodiag,96,rastar,10804,553.000000,396.530000,25.264,ok,0.0,
industrial-plants,plant02,nodiag,96,mm,2121764,553.000000,396.530000,3766.757,ok,0.0,
industrial-plants,plant02,nodiag,96,bia,661,553.000000,396.530000,1.734,ok,0.0,
industrial-plants,plant02,nodiag,96,bae,661,553.000000,396.530000,3.365,ok,0.0,
industrial-plants,plant02,nodiag,96,nbs,4574270,553.000000,396.530000,8835.920,ok,0.0,
industrial-plants,plant02,nodiag,96,gbfs,662,553.000000,396.530000,1.513,subopt,0.0,
industrial-plants,plant02,nodiag,97,astar,371,104.000000,89.196000,0.821,ok,335.0,1.1074626865671642
industrial-plants,plant02,nodiag,97,rastar,894,104.000000,89.196000,3.061,ok,335.0,2.6686567164179102
industrial-plants,plant02,nodiag,97,mm,1221,104.000000,89.196000,5.437,ok,335.0,3.644776119402985
industrial-plants,plant02,nodiag,97,bia,737,104.000000,89.196000,2.978,ok,335.0,2.2
industrial-plants,plant02,nodiag,97,bae,737,104.000000,89.196000,3.166,ok,335.0,2.2
industrial-plants,plant02,nodiag,97,nbs,1416,104.000000,89.196000,5.858,ok,335.0,4.226865671641791
industrial-plants,plant02,nodiag,97,gbfs,210,104.000000,89.196000,1.034,subopt,335.0,0.6268656716417911
industrial-plants,plant02,nodiag,98,astar,7904,135.000000,115.395000,16.290,ok,7806.0,1.0125544452984883
industrial-plants,plant02,nodiag,98,rastar,18617,135.000000,115.395000,23.039,ok,7806.0,2.3849602869587496
industrial-plants,plant02,nodiag,98,mm,28385,135.000000,115.395000,36.579,ok,7806.0,3.6363054060978732
industrial-plants,plant02,nodiag,98,bia,15799,135.000000,115.395000,20.207,ok,7806.0,2.0239559313348705
industrial-plants,plant02,nodiag,98,bae,28368,135.000000,115.395000,37.716,ok,7806.0,3.6341275941583397
industrial-plants,plant02,nodiag,98,nbs,27100,135.000000,115.395000,33.568,ok,7806.0,3.471688444786062
industrial-plants,plant02,nodiag,98,gbfs,1142,135.000000,115.395000,1.394,subopt,7806.0,0.14629771970279273
industrial-plants,plant02,nodiag,99,astar,147,146.000000,110.787000,0.438,ok,0.0,
industrial-plants,plant02,nodiag,99,rastar,451,146.000000,110.787000,2.192,ok,0.0,
industrial-plants,plant02,nodiag,99,mm,33831,146.000000,110.787000,55.971,ok,0.0,
industrial-plants,plant02,nodiag,99,bia,177,146.000000,110.787000,0.541,ok,0.0,
industrial-plants,plant02,nodiag,99,bae,177,146.000000,110.787000,0.982,ok,0.0,
industrial-plants,plant02,nodiag,99,nbs,70664,146.000000,110.787000,94.905,ok,0.0,
industrial-plants,plant02,nodiag,99,gbfs,178,146.000000,110.787000,0.658,subopt,0.0,
industrial-plants,plant02,nodiag,100,astar,593,298.000000,234.646000,3.385,ok,0.0,
industrial-plants,plant02,nodiag,100,rastar,2383,298.000000,234.646000,10.417,ok,0.0,
industrial-plants,plant02,nodiag,100,mm,46099,298.000000,234.646000,71.989,ok,0.0,
industrial-plants,plant02,nodiag,100,bia,1035,298.000000,234.646000,1.761,ok,0.0,
industrial-plants,plant02,nodiag,100,bae,1035,298.000000,234.646000,3.140,ok,0.0,
industrial-plants,plant02,nodiag,100,nbs,128621,298.000000,234.646000,172.894,ok,0.0,
industrial-plants,plant02,nodiag,100,gbfs,462,302.000000,234.646000,1.640,subopt,0.0,
industrial-plants,plant02,nodiag,101,astar,412,411.000000,247.042000,2.396,ok,0.0,
industrial-plants,plant02,nodiag,101,rastar,412,411.000000,247.042000,4.483,ok,0.0,
industrial-plants,plant02,nodiag,101,mm,411,411.000000,247.042000,1.992,ok,0.0,
industrial-plants,plant02,nodiag,101,bia,411,411.000000,247.042000,2.065,ok,0.0,
industrial-plants,plant02,nodiag,101,bae,411,411.000000,247.042000,3.205,ok,0.0,
industrial-plants,plant02,nodiag,101,nbs,2483425,411.000000,247.042000,4775.412,ok,0.0,
industrial-plants,plant02,nodiag,101,gbfs,412,411.000000,247.042000,1.319,subopt,0.0,
industrial-plants,plant02,nodiag,102,astar,235,234.000000,210.880000,1.205,ok,0.0,
industrial-plants,plant02,nodiag,102,rastar,4322,234.000000,210.880000,14.691,ok,0.0,
industrial-plants,plant02,nodiag,102,mm,17473,234.000000,210.880000,31.716,ok,0.0,
industrial-plants,plant02,nodiag,102,bia,415,234.000000,210.880000,0.779,ok,0.0,
industrial-plants,plant02,nodiag,102,bae,415,234.000000,210.880000,1.167,ok,0.0,
industrial-plants,plant02,nodiag,102,nbs,43908,234.000000,210.880000,62.033,ok,0.0,
industrial-plants,plant02,nodiag,102,gbfs,416,234.000000,210.880000,0.912,subopt,0.0,
industrial-plants,plant02,nodiag,103,astar,9768,122.000000,90.610200,14.739,ok,9680.0,1.009090909090909
industrial-plants,plant02,nodiag,103,rastar,11534,122.000000,90.610200,9.861,ok,9680.0,1.1915289256198347
industrial-plants,plant02,nodiag,103,mm,17354,122.000000,90.610200,20.947,ok,9680.0,1.7927685950413224
industrial-plants,plant02,nodiag,103,bia,19513,122.000000,90.610200,22.730,ok,9680.0,2.015805785123967
industrial-plants,plant02,nodiag,103,bae,19499,122.000000,90.610200,22.743,ok,9680.0,2.0143595041322313
industrial-plants,plant02,nodiag,103,nbs,17728,122.000000,90.610200,22.658,ok,9680.0,1.831404958677686
industrial-plants,plant02,nodiag,103,gbfs,1568,122.000000,90.610200,2.175,subopt,9680.0,0.16198347107438016
industrial-plants,plant02,nodiag,104,astar,593,592.000000,450.152000,2.671,ok,0.0,
industrial-plants,plant02,nodiag,104,rastar,12472,592.000000,450.152000,28.735,ok,0.0,
industrial-plants,plant02,nodiag,104,mm,2161461,592.000000,450.152000,3882.633,ok,0.0,
industrial-plants,plant02,nodiag,104,bia,779,592.000000,450.152000,2.015,ok,0.0,
industrial-plants,plant02,nodiag,104,bae,779,592.000000,450.152000,3.922,ok,0.0,
industrial-plants,plant02,nodiag,104,nbs,4611223,592.000000,450.152000,9046.424,ok,0.0,
industrial-plants,plant02,nodiag,104,gbfs,780,592.000000,450.152000,2.093,subopt,0.0,
industrial-plants,plant02,nodiag,105,astar,295,294.000000,248.532000,1.331,ok,0.0,
industrial-plants,plant02,nodiag,105,rastar,5145,294.000000,248.532000,19.159,ok,0.0,
industrial-plants,plant02,nodiag,105,mm,87566,294.000000,248.532000,135.390,ok,0.0,
industrial-plants,plant02,nodiag,105,bia,497,294.000000,248.532000,1.397,ok,0.0,
industrial-plants,plant02,nodiag,105,bae,497,294.000000,248.532000,2.586,ok,0.0,
industrial-plants,plant02,nodiag,105,nbs,229587,294.000000,248.532000,310.432,ok,0.0,
industrial-plants,plant02,nodiag,105,gbfs,498,294.000000,248.532000,1.150,subopt,0.0,
industrial-plants,plant02,nodiag,106,astar,28321,187.000000,137.327000,31.846,ok,28075.0,1.0087622439893142
industrial-plants,plant02,nodiag,106,rastar,57154,187.000000,137.327000,64.054,ok,28075.0,2.035761353517364
industrial-plants,plant02,nodiag,106,mm,80943,187.000000,137.327000,100.561,ok,28075.0,2.883098842386465
industrial-plants,plant02,nodiag,106,bia,56633,187.000000,137.327000,70.198,ok,28075.0,2.0172039180765804
industrial-plants,plant02,nodiag,106,bae,97806,187.000000,137.327000,137.187,ok,28075.0,3.483739982190561
industrial-plants,plant02,nodiag,106,nbs,82970,187.000000,137.327000,107.955,ok,28075.0,2.955298308103295
industrial-plants,plant02,nodiag,106,gbfs,1324,191.000000,137.327000,3.075,subopt,28075.0,0.047159394479073906
industrial-plants,plant02,nodiag,107,astar,144,143.000000,121.368000,0.853,ok,0.0,
industrial-plants,plant02,nodiag,107,rastar,144,143.000000,121.368000,0.931,ok,0.0,
industrial-plants,plant02,nodiag,107,mm,143,143.000000,121.368000,1.352,ok,0.0,
industrial-plants,plant02,nodiag,107,bia,143,143.000000,121.368000,0.994,ok,0.0,
industrial-plants,plant02,nodiag,107,bae,143,143.000000,121.368000,1.036,ok,0.0,
industrial-plants,plant02,nodiag,107,nbs,2761,143.000000,121.368000,11.472,ok,0.0,
industrial-plants,plant02,nodiag,107,gbfs,144,143.000000,121.368000,0.787,subopt,0.0,
industrial-plants,plant02,nodiag,108,astar,396,395.000000,234.260000,2.568,ok,0.0,
industrial-plants,plant02,nodiag,108,rastar,654,395.000000,234.260000,3.885,ok,0.0,
industrial-plants,plant02,nodiag,108,mm,395,395.000000,234.260000,3.846,ok,0.0,
industrial-plants,plant02,nodiag,108,bia,395,395.000000,234.260000,2.726,ok,0.0,
industrial-plants,plant02,nodiag,108,bae,395,395.000000,234.260000,2.904,ok,0.0,
industrial-plants,plant02,nodiag,108,nbs,2237470,395.000000,234.260000,4087.645,ok,0.0,
industrial-plants,plant02,nodiag,108,gbfs,396,395.000000,234.260000,1.173,subopt,0.0,
industrial-plants,plant02,nodiag,109,astar,143,142.000000,105.600000,0.637,ok,0.0,
industrial-plants,plant02,nodiag,109,rastar,143,142.000000,105.600000,0.958,ok,0.0,
industrial-plants,plant02,nodiag,109,mm,11867,142.000000,105.600000,25.940,ok,0.0,
industrial-plants,plant02,nodiag,109,bia,142,142.000000,105.600000,0.406,ok,0.0,
industrial-plants,plant02,nodiag,109,bae,142,142.000000,105.600000,0.757,ok,0.0,
industrial-plants,plant02,nodiag,109,nbs,27776,142.000000,105.600000,39.412,ok,0.0,
industrial-plants,plant02,nodiag,109,gbfs,142,142.000000,105.600000,0.478,subopt,0.0,
industrial-plants,plant02,nodiag,110,astar,346,345.000000,270.118000,1.994,ok,0.0,
industrial-plants,plant02,nodiag,110,rastar,8056,345.000000,270.118000,22.297,ok,0.0,
industrial-plants,plant02,nodiag,110,mm,130452,345.000000,270.118000,193.943,ok,0.0,
industrial-plants,plant02,nodiag,110,bia,451,345.000000,270.118000,1.318,ok,0.0,
industrial-plants,plant02,nodiag,110,bae,451,345.000000,270.118000,2.477,ok,0.0,
industrial-plants,plant02,nodiag,110,nbs,352386,345.000000,270.118000,493.381,ok,0.0,
industrial-plants,plant02,nodiag,110,gbfs,452,345.000000,270.118000,1.497,subopt,0.0,
industrial-plants,plant02,nodiag,111,astar,1075,67.000000,62.899500,2.402,ok,1036.0,1.0376447876447876
industrial-plants,plant02,nodiag,111,rastar,1403,67.000000,62.899500,4.130,ok,1036.0,1.3542471042471043
industrial-plants,plant02,nodiag,111,mm,2559,67.000000,62.899500,9.141,ok,1036.0,2.47007722007722
industrial-plants,plant02,nodiag,111,bia,2139,67.000000,62.899500,4.802,ok,1036.0,2.0646718146718146
industrial-plants,plant02,nodiag,111,bae,2157,67.000000,62.899500,5.288,ok,1036.0,2.082046332046332
industrial-plants,plant02,nodiag,111,nbs,3089,67.000000,62.899500,7.454,ok,1036.0,2.9816602316602316
industrial-plants,plant02,nodiag,111,gbfs,208,67.000000,62.899500,0.718,subopt,1036.0,0.20077220077220076
industrial-plants,plant02,nodiag,112,astar,179,178.000000,119.378000,1.231,ok,0.0,
industrial-plants,plant02,nodiag,112,rastar,368,178.000000,119.378000,2.113,ok,0.0,
industrial-plants,plant02,nodiag,112,mm,46703,178.000000,119.378000,70.845,ok,0.0,
industrial-plants,plant02,nodiag,112,bia,178,178.000000,119.378000,0.402,ok,0.0,
industrial-plants,plant02,nodiag,112,bae,178,178.000000,119.378000,0.806,ok,0.0,
industrial-plants,plant02,nodiag,112,nbs,130667,178.000000,119.378000,165.564,ok,0.0,
industrial-plants,plant02,nodiag,112,gbfs,178,178.000000,119.378000,0.783,subopt,0.0,
industrial-plants,plant02,nodiag,113,astar,429,252.000000,182.448000,2.257,ok,0.0,
industrial-plants,plant02,nodiag,113,rastar,84393,252.000000,182.448000,98.743,ok,0.0,
industrial-plants,plant02,nodiag,113,mm,169275,252.000000,182.448000,244.803,ok,0.0,
industrial-plants,plant02,nodiag,113,bia,809,252.000000,182.448000,2.421,ok,0.0,
industrial-plants,plant02,nodiag,113,bae,809,252.000000,182.448000,4.696,ok,0.0,
industrial-plants,plant02,nodiag,113,nbs,352877,252.000000,182.448000,514.709,ok,0.0,
industrial-plants,plant02,nodiag,113,gbfs,458,262.000000,182.448000,1.313,subopt,0.0,
industrial-plants,plant02,nodiag,114,astar,3831,88.000000,68.083300,8.003,ok,3770.0,1.016180371352785
industrial-plants,plant02,nodiag,114,rastar,4027,88.000000,68.083300,7.358,ok,3770.0,1.0681697612732095
industrial-plants,plant02,nodiag,114,mm,8429,88.000000,68.083300,12.699,ok,3770.0,2.235809018567639
industrial-plants,plant02,nodiag,114,bia,7647,88.000000,68.083300,6.871,ok,3770.0,2.0283819628647213
industrial-plants,plant02,nodiag,114,bae,7605,88.000000,68.083300,9.314,ok,3770.0,2.0172413793103448
industrial-plants,plant02,nodiag,114,nbs,9916,88.000000,68.083300,11.076,ok,3770.0,2.630238726790451
industrial-plants,plant02,nodiag,114,gbfs,444,88.000000,68.083300,0.670,subopt,3770.0,0.11777188328912466
industrial-plants,plant02,nodiag,115,astar,8376,242.000000,236.535000,12.595,ok,2482.0,3.3746978243352137
industrial-plants,plant02,nodiag,115,rastar,3280,242.000000,236.535000,6.280,ok,2482.0,1.321514907332796
industrial-plants,plant02,nodiag,115,mm,9283,242.000000,236.535000,16.843,ok,2482.0,3.7401289282836423
industrial-plants,plant02,nodiag,115,bia,6550,242.000000,236.535000,11.774,ok,2482.0,2.6390008058017727
industrial-plants,plant02,nodiag,115,bae,7982,242.000000,236.535000,8.740,ok,2482.0,3.215954875100725
industrial-plants,plant02,nodiag,115,nbs,10324,242.000000,236.535000,11.773,ok,2482.0,4.159548751007252
industrial-plants,plant02,nodiag,115,gbfs,558,250.000000,236.535000,1.980,subopt,2482.0,0.22481869460112813
industrial-plants,plant02,nodiag,116,astar,11836,262.000000,234.973000,21.095,ok,11635.0,1.0172754619681994
industrial-plants,plant02,nodiag,116,rastar,124429,262.000000,234.973000,138.647,ok,11635.0,10.694370434035239
industrial-plants,plant02,nodiag,116,mm,134039,262.000000,234.973000,185.900,ok,11635.0,11.520326600773528
industrial-plants,plant02,nodiag,116,bia,23667,262.000000,234.973000,32.658,ok,11635.0,2.034121186076493
industrial-plants,plant02,nodiag,116,bae,149361,262.000000,234.973000,230.938,ok,11635.0,12.837215298667813
industrial-plants,plant02,nodiag,116,nbs,76580,262.000000,234.973000,93.080,ok,11635.0,6.58186506231199
industrial-plants,plant02,nodiag,116,gbfs,828,262.000000,234.973000,2.461,subopt,11635.0,0.07116458960034379
industrial-plants,plant02,nodiag,117,astar,255,248.000000,180.699000,1.781,ok,0.0,
industrial-plants,plant02,nodiag,117,rastar,249,248.000000,180.699000,1.765,ok,0.0,
industrial-plants,plant02,nodiag,117,mm,54666,248.000000,180.699000,83.366,ok,0.0,
industrial-plants,plant02,nodiag,117,bia,248,248.000000,180.699000,0.790,ok,0.0,
industrial-plants,plant02,nodiag,117,bae,248,248.000000,180.699000,1.399,ok,0.0,
industrial-plants,plant02,nodiag,117,nbs,122334,248.000000,180.699000,161.012,ok,0.0,
industrial-plants,plant02,nodiag,117,gbfs,248,248.000000,180.699000,0.637,subopt,0.0,
industrial-plants,plant02,nodiag,118,astar,370,369.000000,277.708000,1.245,ok,0.0,
industrial-plants,plant02,nodiag,118,rastar,4673,369.000000,277.708000,16.788,ok,0.0,
industrial-plants,plant02,nodiag,118,mm,491649,369.000000,277.708000,753.047,ok,0.0,
industrial-plants,plant02,nodiag,118,bia,487,369.000000,277.708000,1.394,ok,0.0,
industrial-plants,plant02,nodiag,118,bae,487,369.000000,277.708000,2.543,ok,0.0,
industrial-plants,plant02,nodiag,118,nbs,1111219,369.000000,277.708000,1732.126,ok,0.0,
industrial-plants,plant02,nodiag,118,gbfs,488,369.000000,277.708000,1.572,subopt,0.0,
industrial-plants,plant02,nodiag,119,astar,774,178.000000,128.408000,3.549,ok,0.0,
industrial-plants,plant02,nodiag,119,rastar,179,178.000000,128.408000,1.173,ok,0.0,
industrial-plants,plant02,nodiag,119,mm,12833,178.000000,128.408000,27.897,ok,0.0,
industrial-plants,plant02,nodiag,119,bia,198,178.000000,128.408000,0.412,ok,0.0,
industrial-plants,plant02,nodiag,119,bae,198,178.000000,128.408000,0.981,ok,0.0,
industrial-plants,plant02,nodiag,119,nbs,45150,178.000000,128.408000,63.611,ok,0.0,
industrial-plants,plant02,nodiag,119,gbfs,198,178.000000,128.408000,0.596,subopt,0.0,
industrial-plants,plant02,nodiag,120,astar,324,323.000000,272.720000,1.544,ok,0.0,
industrial-plants,plant02,nodiag,120,rastar,5730,323.000000,272.720000,17.979,ok,0.0,
industrial-plants,plant02,nodiag,120,mm,73282,323.000000,272.720000,109.915,ok,0.0,
industrial-plants,plant02,nodiag,120,bia,485,323.000000,272.720000,1.797,ok,0.0,
industrial-plants,plant02,nodiag,120,bae,485,323.000000,272.720000,3.491,ok,0.0,
industrial-plants,plant02,nodiag,120,nbs,202539,323.000000,272.720000,280.904,ok,0.0,
industrial-plants,plant02,nodiag,120,gbfs,486,323.000000,272.720000,1.740,subopt,0.0,
industrial-plants,plant02,nodiag,121,astar,472,471.000000,283.825000,2.800,ok,0.0,
industrial-plants,plant02,nodiag,121,rastar,2164,471.000000,283.825000,9.583,ok,0.0,
industrial-plants,plant02,nodiag,121,mm,471,471.000000,283.825000,3.159,ok,0.0,
industrial-plants,plant02,nodiag,121,bia,471,471.000000,283.825000,3.046,ok,0.0,
industrial-plants,plant02,nodiag,121,bae,471,471.000000,283.825000,3.611,ok,0.0,
industrial-plants,plant02,nodiag,121,nbs,3730802,471.000000,283.825000,7077.679,ok,0.0,
industrial-plants,plant02,nodiag,121,gbfs,472,471.000000,283.825000,1.468,subopt,0.0,
industrial-plants,plant02,nodiag,122,astar,637,636.000000,457.605000,2.843,ok,0.0,
industrial-plants,plant02,nodiag,122,rastar,5707,636.000000,457.605000,19.116,ok,0.0,
industrial-plants,plant02,nodiag,122,mm,3219501,636.000000,457.605000,6031.026,ok,0.0,
industrial-plants,plant02,nodiag,122,bia,636,636.000000,457.605000,1.701,ok,0.0,
industrial-plants,plant02,nodiag,122,bae,636,636.000000,457.605000,3.175,ok,0.0,
industrial-plants,plant02,nodiag,122,nbs,6899755,636.000000,457.605000,14345.430,ok,0.0,
industrial-plants,plant02,nodiag,122,gbfs,636,636.000000,457.605000,2.036,subopt,0.0,
industrial-plants,plant02,nodiag,123,astar,549,548.000000,380.823000,3.038,ok,0.0,
industrial-plants,plant02,nodiag,123,rastar,4410,548.000000,380.823000,14.800,ok,0.0,
industrial-plants,plant02,nodiag,123,mm,2257940,548.000000,380.823000,3939.199,ok,0.0,
industrial-plants,plant02,nodiag,123,bia,548,548.000000,380.823000,2.027,ok,0.0,
industrial-plants,plant02,nodiag,123,bae,548,548.000000,380.823000,3.940,ok,0.0,
industrial-plants,plant02,nodiag,123,nbs,4823232,548.000000,380.823000,9372.298,ok,0.0,
industrial-plants,plant02,nodiag,123,gbfs,548,548.000000,380.823000,1.669,subopt,0.0,
industrial-plants,plant02,nodiag,124,astar,494,493.000000,406.418000,2.458,ok,0.0,
industrial-plants,plant02,nodiag,124,rastar,9034,493.000000,406.418000,25.320,ok,0.0,
industrial-plants,plant02,nodiag,124,mm,397472,493.000000,406.418000,632.642,ok,0.0,
industrial-plants,plant02,nodiag,124,bia,735,493.000000,406.418000,2.571,ok,0.0,
industrial-plants,plant02,nodiag,124,bae,735,493.000000,406.418000,4.472,ok,0.0,
industrial-plants,plant02,nodiag,124,nbs,923787,493.000000,406.418000,1356.755,ok,0.0,
industrial-plants,plant02,nodiag,124,gbfs,736,493.000000,406.418000,2.056,subopt,0.0,
industrial-plants,plant02,nodiag,125,astar,438,437.000000,307.928000,1.875,ok,0.0,
industrial-plants,plant02,nodiag,125,rastar,4441,437.000000,307.928000,14.929,ok,0.0,
industrial-plants,plant02,nodiag,125,mm,1066240,437.000000,307.928000,1795.027,ok,0.0,
industrial-plants,plant02,nodiag,125,bia,493,437.000000,307.928000,1.486,ok,0.0,
industrial-plants,plant02,nodiag,125,bae,493,437.000000,307.928000,2.775,ok,0.0,
industrial-plants,plant02,nodiag,125,nbs,2296686,437.000000,307.928000,4074.414,ok,0.0,
industrial-plants,plant02,nodiag,125,gbfs,494,437.000000,307.928000,1.620,subopt,0.0,
industrial-plants,plant02,nodiag,126,astar,302,301.000000,222.616000,1.395,ok,0.0,
industrial-plants,plant02,nodiag,126,rastar,20294,301.000000,222.616000,33.907,ok,0.0,
industrial-plants,plant02,nodiag,126,mm,95196,301.000000,222.616000,153.473,ok,0.0,
industrial-plants,plant02,nodiag,126,bia,347,301.000000,222.616000,0.947,ok,0.0,
industrial-plants,plant02,nodiag,126,bae,347,301.000000,222.616000,1.704,ok,0.0,
industrial-plants,plant02,nodiag,126,nbs,215614,301.000000,222.616000,291.788,ok,0.0,
industrial-plants,plant02,nodiag,126,gbfs,348,301.000000,222.616000,0.773,subopt,0.0,
industrial-plants,plant02,nodiag,127,astar,190,189.000000,123.934000,0.689,ok,0.0,
industrial-plants,plant02,nodiag,127,rastar,190,189.000000,123.934000,1.289,ok,0.0,
industrial-plants,plant02,nodiag,127,mm,189,189.000000,123.934000,1.904,ok,0.0,
industrial-plants,plant02,nodiag,127,bia,189,189.000000,123.934000,1.371,ok,0.0,
industrial-plants,plant02,nodiag,127,bae,189,189.000000,123.934000,1.435,ok,0.0,
industrial-plants,plant02,nodiag,127,nbs,174436,189.000000,123.934000,232.162,ok,0.0,
industrial-plants,plant02,nodiag,127,gbfs,190,189.000000,123.934000,0.464,subopt,0.0,
industrial-plants,plant02,nodiag,128,astar,327,326.000000,234.152000,1.160,ok,0.0,
industrial-plants,plant02,nodiag,128,rastar,42810,326.000000,234.152000,56.216,ok,0.0,
industrial-plants,plant02,nodiag,128,mm,178544,326.000000,234.152000,295.684,ok,0.0,
industrial-plants,plant02,nodiag,128,bia,371,326.000000,234.152000,0.892,ok,0.0,
industrial-plants,plant02,nodiag,128,bae,371,326.000000,234.152000,1.626,ok,0.0,
industrial-plants,plant02,nodiag,128,nbs,415959,326.000000,234.152000,589.171,ok,0.0,
industrial-plants,plant02,nodiag,128,gbfs,372,326.000000,234.152000,0.973,subopt,0.0,
industrial-plants,plant02,nodiag,129,astar,428,427.000000,298.537000,1.462,ok,0.0,
industrial-plants,plant02,nodiag,129,rastar,4604,427.000000,298.537000,17.675,ok,0.0,
industrial-plants,plant02,nodiag,129,mm,1018303,427.000000,298.537000,1702.414,ok,0.0,
industrial-plants,plant02,nodiag,129,bia,485,427.000000,298.537000,1.086,ok,0.0,
industrial-plants,plant02,nodiag,129,bae,485,427.000000,298.537000,1.927,ok,0.0,
industrial-plants,plant02,nodiag,129,nbs,2212931,427.000000,298.537000,4013.283,ok,0.0,
industrial-plants,plant02,nodiag,129,gbfs,486,427.000000,298.537000,1.495,subopt,0.0,
industrial-plants,plant02,nodiag,130,astar,395,394.000000,236.566000,1.771,ok,0.0,
industrial-plants,plant02,nodiag,130,rastar,395,394.000000,236.566000,2.521,ok,0.0,
industrial-plants,plant02,nodiag,130,mm,1097550,394.000000,236.566000,1902.057,ok,0.0,
industrial-plants,plant02,nodiag,130,bia,394,394.000000,236.566000,1.210,ok,0.0,
industrial-plants,plant02,nodiag,130,bae,394,394.000000,236.566000,2.465,ok,0.0,
industrial-plants,plant02,nodiag,130,nbs,2179256,394.000000,236.566000,3925.387,ok,0.0,
industrial-plants,plant02,nodiag,130,gbfs,394,394.000000,236.566000,1.338,subopt,0.0,
industrial-plants,plant02,nodiag,131,astar,308,307.000000,265.702000,1.830,ok,0.0,
industrial-plants,plant02,nodiag,131,rastar,4808,307.000000,265.702000,17.254,ok,0.0,
industrial-plants,plant02,nodiag,131,mm,35970,307.000000,265.702000,57.554,ok,0.0,
industrial-plants,plant02,nodiag,131,bia,491,307.000000,265.702000,1.342,ok,0.0,
industrial-plants,plant02,nodiag,131,bae,491,307.000000,265.702000,2.517,ok,0.0,
industrial-plants,plant02,nodiag,131,nbs,91185,307.000000,265.702000,127.091,ok,0.0,
industrial-plants,plant02,nodiag,131,gbfs,492,307.000000,265.702000,1.846,subopt,0.0,
industrial-plants,plant02,nodiag,132,astar,615,614.000000,456.470000,3.942,ok,0.0,
industrial-plants,plant02,nodiag,132,rastar,9673,614.000000,456.470000,27.265,ok,0.0,
industrial-plants,plant02,nodiag,132,mm,2658643,614.000000,456.470000,4780.151,ok,0.0,
industrial-plants,plant02,nodiag,132,bia,763,614.000000,456.470000,2.160,ok,0.0,
industrial-plants,plant02,nodiag,132,bae,763,614.000000,456.470000,4.256,ok,0.0,
industrial-plants,plant02,nodiag,132,nbs,5678219,614.000000,456.470000,11601.329,ok,0.0,
industrial-plants,plant02,nodiag,132,gbfs,764,614.000000,456.470000,1.708,subopt,0.0,
industrial-plants,plant02,nodiag,133,astar,265,264.000000,192.676000,0.985,ok,0.0,
industrial-plants,plant02,nodiag,133,rastar,32379,264.000000,192.676000,45.067,ok,0.0,
industrial-plants,plant02,nodiag,133,mm,167026,264.000000,192.676000,240.230,ok,0.0,
industrial-plants,plant02,nodiag,133,bia,379,264.000000,192.676000,0.791,ok,0.0,
industrial-plants,plant02,nodiag,133,bae,379,264.000000,192.676000,1.606,ok,0.0,
industrial-plants,plant02,nodiag,133,nbs,322637,264.000000,192.676000,445.673,ok,0.0,
industrial-plants,plant02,nodiag,133,gbfs,380,264.000000,192.676000,1.466,subopt,0.0,
industrial-plants,plant02,nodiag,134,astar,19664,150.000000,119.072000,30.012,ok,19533.0,1.0067065990887216
industrial-plants,plant02,nodiag,134,rastar,20765,150.000000,119.072000,18.982,ok,19533.0,1.0630727486817182
industrial-plants,plant02,nodiag,134,mm,41881,150.000000,119.072000,53.811,ok,19533.0,2.144115087288179
industrial-plants,plant02,nodiag,134,bia,39229,150.000000,119.072000,50.251,ok,19533.0,2.0083448523012337
industrial-plants,plant02,nodiag,134,bae,41362,150.000000,119.072000,48.195,ok,19533.0,2.1175446679977474
industrial-plants,plant02,nodiag,134,nbs,46832,150.000000,119.072000,56.024,ok,19533.0,2.3975835765115447
industrial-plants,plant02,nodiag,134,gbfs,1158,154.000000,119.072000,2.141,subopt,19533.0,0.05928428812778375
industrial-plants,plant02,nodiag,135,astar,407,406.000000,244.955000,2.295,ok,0.0,
industrial-plants,plant02,nodiag,135,rastar,407,406.000000,244.955000,2.483,ok,0.0,
industrial-plants,plant02,nodiag,135,mm,1193384,406.000000,244.955000,1873.098,ok,0.0,
industrial-plants,plant02,nodiag,135,bia,406,406.000000,244.955000,1.143,ok,0.0,
industrial-plants,plant02,nodiag,135,bae,406,406.000000,244.955000,2.091,ok,0.0,
industrial-plants,plant02,nodiag,135,nbs,2360117,406.000000,244.955000,4534.705,ok,0.0,
industrial-plants,plant02,nodiag,135,gbfs,406,406.000000,244.955000,0.920,subopt,0.0,
industrial-plants,plant02,nodiag,136,astar,2652,102.000000,93.020500,5.755,ok,188.0,14.106382978723405
industrial-plants,plant02,nodiag,136,rastar,3459,102.000000,93.020500,10.347,ok,188.0,18.398936170212767
industrial-plants,plant02,nodiag,136,mm,4350,102.000000,93.020500,8.447,ok,188.0,23.138297872340427
industrial-plants,plant02,nodiag,136,bia,5295,102.000000,93.020500,7.953,ok,188.0,28.164893617021278
industrial-plants,plant02,nodiag,136,bae,3058,102.000000,93.020500,4.697,ok,188.0,16.26595744680851
industrial-plants,plant02,nodiag,136,nbs,4971,102.000000,93.020500,11.624,ok,188.0,26.44148936170213
industrial-plants,plant02,nodiag,136,gbfs,234,104.000000,93.020500,0.904,subopt,188.0,1.2446808510638299
industrial-plants,plant02,nodiag,137,astar,435,434.000000,256.487000,2.611,ok,0.0,
industrial-plants,plant02,nodiag,137,rastar,14467,434.000000,256.487000,28.855,ok,0.0,
industrial-plants,plant02,nodiag,137,mm,1444978,434.000000,256.487000,2328.023,ok,0.0,
industrial-plants,plant02,nodiag,137,bia,585,434.000000,256.487000,1.369,ok,0.0,
industrial-plants,plant02,nodiag,137,bae,585,434.000000,256.487000,2.534,ok,0.0,
industrial-plants,plant02,nodiag,137,nbs,2912162,434.000000,256.487000,5715.860,ok,0.0,
industrial-plants,plant02,nodiag,137,gbfs,586,434.000000,256.487000,2.377,subopt,0.0,
industrial-plants,plant02,nodiag,138,astar,346,215.000000,154.894000,1.969,ok,0.0,
industrial-plants,plant02,nodiag,138,rastar,4024,215.000000,154.894000,15.402,ok,0.0,
industrial-plants,plant02,nodiag,138,mm,117882,215.000000,154.894000,197.448,ok,0.0,
industrial-plants,plant02,nodiag,138,bia,573,215.000000,154.894000,1.520,ok,0.0,
industrial-plants,plant02,nodiag,138,bae,573,215.000000,154.894000,3.173,ok,0.0,
industrial-plants,plant02,nodiag,138,nbs,213853,215.000000,154.894000,276.078,ok,0.0,
industrial-plants,plant02,nodiag,138,gbfs,354,221.000000,154.894000,0.821,subopt,0.0,
industrial-plants,plant02,nodiag,139,astar,352,351.000000,227.571000,1.368,ok,0.0,
industrial-plants,plant02,nodiag,139,rastar,352,351.000000,227.571000,2.280,ok,0.0,
industrial-plants,plant02,nodiag,139,mm,351,351.000000,227.571000,3.321,ok,0.0,
industrial-plants,plant02,nodiag,139,bia,351,351.000000,227.571000,2.423,ok,0.0,
industrial-plants,plant02,nodiag,139,bae,351,351.000000,227.571000,2.531,ok,0.0,
industrial-plants,plant02,nodiag,139,nbs,1224664,351.000000,227.571000,1961.851,ok,0.0,
industrial-plants,plant02,nodiag,139,gbfs,352,351.000000,227.571000,1.114,subopt,0.0,
industrial-plants,plant02,nodiag,140,astar,605,604.000000,451.045000,2.846,ok,0.0,
industrial-plants,plant02,nodiag,140,rastar,10733,604.000000,451.045000,28.103,ok,0.0,
industrial-plants,plant02,nodiag,140,mm,2472571,604.000000,451.045000,4402.769,ok,0.0,
industrial-plants,plant02,nodiag,140,bia,765,604.000000,451.045000,2.751,ok,0.0,
industrial-plants,plant02,nodiag,140,bae,765,604.000000,451.045000,4.846,ok,0.0,
industrial-plants,plant02,nodiag,140,nbs,5313208,604.000000,451.045000,10402.694,ok,0.0,
industrial-plants,plant02,nodiag,140,gbfs,766,604.000000,451.045000,2.121,subopt,0.0,
industrial-plants,plant02,nodiag,141,astar,12103,173.000000,139.344000,16.684,ok,11981.0,1.0101827894165762
industrial-plants,plant02,nodiag,141,rastar,125582,173.000000,139.344000,135.304,ok,11981.0,10.481762791085886
industrial-plants,plant02,nodiag,141,mm,109527,173.000000,139.344000,129.439,ok,11981.0,9.141724396961857
industrial-plants,plant02,nodiag,141,bia,24197,173.000000,139.344000,30.545,ok,11981.0,2.0196143894499623
industrial-plants,plant02,nodiag,141,bae,141112,173.000000,139.344000,205.088,ok,11981.0,11.77798180452383
industrial-plants,plant02,nodiag,141,nbs,69776,173.000000,139.344000,81.088,ok,11981.0,5.823887822385443
industrial-plants,plant02,nodiag,141,gbfs,7298,173.000000,139.344000,10.169,subopt,11981.0,0.6091311242801102
industrial-plants,plant02,nodiag,142,astar,14374,193.000000,172.223000,15.990,ok,14185.0,1.0133239337328164
industrial-plants,plant02,nodiag,142,rastar,40724,193.000000,172.223000,47.791,ok,14185.0,2.870919985900599
industrial-plants,plant02,nodiag,142,mm,54078,193.000000,172.223000,70.541,ok,14185.0,3.8123369756785337
industrial-plants,plant02,nodiag,142,bia,28741,193.000000,172.223000,31.558,ok,14185.0,2.026154388438491
industrial-plants,plant02,nodiag,142,bae,57811,193.000000,172.223000,70.731,ok,14185.0,4.075502291152626
industrial-plants,plant02,nodiag,142,nbs,44410,193.000000,172.223000,56.385,ok,14185.0,3.1307719421924567
industrial-plants,plant02,nodiag,142,gbfs,1992,197.000000,172.223000,3.385,subopt,14185.0,0.14043003172365173
industrial-plants,plant02,nodiag,143,astar,1069,68.000000,63.112700,2.685,ok,1020.0,1.0480392156862746
industrial-plants,plant02,nodiag,143,rastar,1408,68.000000,63.112700,4.500,ok,1020.0,1.380392156862745
industrial-plants,plant02,nodiag,143,mm,2846,68.000000,63.112700,9.944,ok,1020.0,2.7901960784313724
industrial-plants,plant02,nodiag,143,bia,2127,68.000000,63.112700,3.244,ok,1020.0,2.085294117647059
industrial-plants,plant02,nodiag,143,bae,2125,68.000000,63.112700,5.392,ok,1020.0,2.0833333333333335
industrial-plants,plant02,nodiag,143,nbs,3017,68.000000,63.112700,8.656,ok,1020.0,2.957843137254902
industrial-plants,plant02,nodiag,143,gbfs,250,68.000000,63.112700,0.536,subopt,1020.0,0.24509803921568626
industrial-plants,plant02,nodiag,144,astar,419,418.000000,250.230000,2.322,ok,0.0,
industrial-plants,plant02,nodiag,144,rastar,419,418.000000,250.230000,2.612,ok,0.0,
industrial-plants,plant02,nodiag,144,mm,1316712,418.000000,250.230000,2284.002,ok,0.0,
industrial-plants,plant02,nodiag,144,bia,418,418.000000,250.230000,1.599,ok,0.0,
industrial-plants,plant02,nodiag,144,bae,418,418.000000,250.230000,3.049,ok,0.0,
industrial-plants,plant02,nodiag,144,nbs,2621926,418.000000,250.230000,4751.056,ok,0.0,
industrial-plants,plant02,nodiag,144,gbfs,418,418.000000,250.230000,1.316,subopt,0.0,
industrial-plants,plant02,nodiag,145,astar,204,203.000000,147.106000,0.984,ok,0.0,
industrial-plants,plant02,nodiag,145,rastar,1816,203.000000,147.106000,8.028,ok,0.0,
industrial-plants,plant02,nodiag,145,mm,52433,203.000000,147.106000,76.361,ok,0.0,
industrial-plants,plant02,nodiag,145,bia,225,203.000000,147.106000,0.769,ok,0.0,
industrial-plants,plant02,nodiag,145,bae,225,203.000000,147.106000,1.478,ok,0.0,
industrial-plants,plant02,nodiag,145,nbs,147228,203.000000,147.106000,183.228,ok,0.0,
industrial-plants,plant02,nodiag,145,gbfs,226,203.000000,147.106000,0.967,subopt,0.0,
industrial-plants,plant02,nodiag,146,astar,14099,160.000000,138.437000,23.224,ok,13792.0,1.0222592807424593
industrial-plants,plant02,nodiag,146,rastar,25650,160.000000,138.437000,24.614,ok,13792.0,1.8597737819025522
industrial-plants,plant02,nodiag,146,mm,41615,160.000000,138.437000,47.997,ok,13792.0,3.0173288863109047
industrial-plants,plant02,nodiag,146,bia,28187,160.000000,138.437000,30.487,ok,13792.0,2.0437209976798143
industrial-plants,plant02,nodiag,146,bae,38760,160.000000,138.437000,51.201,ok,13792.0,2.8103248259860787
industrial-plants,plant02,nodiag,146,nbs,35570,160.000000,138.437000,46.010,ok,13792.0,2.5790313225058004
industrial-plants,plant02,nodiag,146,gbfs,1710,164.000000,138.437000,2.590,subopt,13792.0,0.12398491879350348
industrial-plants,plant02,nodiag,147,astar,718,365.000000,268.961000,2.653,ok,0.0,
industrial-plants,plant02,nodiag,147,rastar,366,365.000000,268.961000,2.308,ok,0.0,
industrial-plants,plant02,nodiag,147,mm,412,365.000000,268.961000,3.898,ok,0.0,
industrial-plants,plant02,nodiag,147,bia,412,365.000000,268.961000,2.787,ok,0.0,
industrial-plants,plant02,nodiag,147,bae,412,365.000000,268.961000,2.984,ok,0.0,
industrial-plants,plant02,nodiag,147,nbs,676892,365.000000,268.961000,1058.700,ok,0.0,
industrial-plants,plant02,nodiag,147,gbfs,370,369.000000,268.961000,1.116,subopt,0.0,
industrial-plants,plant02,nodiag,148,astar,7547,228.000000,166.546000,13.555,ok,5606.0,1.346236175526222
industrial-plants,plant02,nodiag,148,rastar,125482,228.000000,166.546000,155.647,ok,5606.0,22.383517659650373
industrial-plants,plant02,nodiag,148,mm,90801,228.000000,166.546000,127.537,ok,5606.0,16.197110239029612
industrial-plants,plant02,nodiag,148,bia,14729,228.000000,166.546000,15.650,ok,5606.0,2.6273635390652874
industrial-plants,plant02,nodiag,148,bae,54278,228.000000,166.546000,78.923,ok,5606.0,9.682126293257225
industrial-plants,plant02,nodiag,148,nbs,91808,228.000000,166.546000,108.402,ok,5606.0,16.376739207991438
industrial-plants,plant02,nodiag,148,gbfs,622,228.000000,166.546000,2.072,subopt,5606.0,0.11095255083838744
industrial-plants,plant02,nodiag,149,astar,257,256.000000,184.653000,1.781,ok,0.0,
industrial-plants,plant02,nodiag,149,rastar,257,256.000000,184.653000,1.753,ok,0.0,
industrial-plants,plant02,nodiag,149,mm,82367,256.000000,184.653000,125.934,ok,0.0,
industrial-plants,plant02,nodiag,149,bia,256,256.000000,184.653000,0.662,ok,0.0,
industrial-plants,plant02,nodiag,149,bae,256,256.000000,184.653000,1.245,ok,0.0,
industrial-plants,plant02,nodiag,149,nbs,181052,256.000000,184.653000,244.627,ok,0.0,
industrial-plants,plant02,nodiag,149,gbfs,256,256.000000,184.653000,1.118,subopt,0.0,
industrial-plants,plant02,nodiag,150,astar,411,410.000000,244.766000,2.548,ok,0.0,
industrial-plants,plant02,nodiag,150,rastar,1919,410.000000,244.766000,8.344,ok,0.0,
industrial-plants,plant02,nodiag,150,mm,1236424,410.000000,244.766000,1930.103,ok,0.0,
industrial-plants,plant02,nodiag,150,bia,410,410.000000,244.766000,1.215,ok,0.0,
industrial-plants,plant02,nodiag,150,bae,410,410.000000,244.766000,2.527,ok,0.0,
industrial-plants,plant02,nodiag,150,nbs,2472439,410.000000,244.766000,4690.729,ok,0.0,
industrial-plants,plant02,nodiag,150,gbfs,410,410.000000,244.766000,0.987,subopt,0.0,
industrial-plants,plant02,nodiag,151,astar,1242,97.000000,73.487200,2.394,ok,0.0,
industrial-plants,plant02,nodiag,151,rastar,98,97.000000,73.487200,0.756,ok,0.0,
industrial-plants,plant02,nodiag,151,mm,1010,97.000000,73.487200,4.743,ok,0.0,
industrial-plants,plant02,nodiag,151,bia,140,97.000000,73.487200,1.079,ok,0.0,
industrial-plants,plant02,nodiag,151,bae,140,97.000000,73.487200,1.116,ok,0.0,
industrial-plants,plant02,nodiag,151,nbs,17774,97.000000,73.487200,30.876,ok,0.0,
industrial-plants,plant02,nodiag,151,gbfs,140,97.000000,73.487200,0.357,subopt,0.0,
industrial-plants,plant02,nodiag,152,astar,198,197.000000,127.255000,0.776,ok,0.0,
industrial-plants,plant02,nodiag,152,rastar,198,197.000000,127.255000,1.276,ok,0.0,
industrial-plants,plant02,nodiag,152,mm,197,197.000000,127.255000,1.905,ok,0.0,
industrial-plants,plant02,nodiag,152,bia,197,197.000000,127.255000,1.354,ok,0.0,
industrial-plants,plant02,nodiag,152,bae,197,197.000000,127.255000,1.460,ok,0.0,
industrial-plants,plant02,nodiag,152,nbs,181583,197.000000,127.255000,245.404,ok,0.0,
industrial-plants,plant02,nodiag,152,gbfs,198,197.000000,127.255000,0.695,subopt,0.0,
industrial-plants,plant02,nodiag,153,astar,8915,126.000000,96.918500,17.546,ok,8790.0,1.0142207053469852
industrial-plants,plant02,nodiag,153,rastar,28800,126.000000,96.918500,29.948,ok,8790.0,3.2764505119453924
industrial-plants,plant02,nodiag,153,mm,34736,126.000000,96.918500,41.343,ok,8790.0,3.9517633674630264
industrial-plants,plant02,nodiag,153,bia,17823,126.000000,96.918500,21.504,ok,8790.0,2.0276450511945394
industrial-plants,plant02,nodiag,153,bae,45192,126.000000,96.918500,58.093,ok,8790.0,5.141296928327645
industrial-plants,plant02,nodiag,153,nbs,31404,126.000000,96.918500,39.539,ok,8790.0,3.5726962457337885
industrial-plants,plant02,nodiag,153,gbfs,1618,126.000000,96.918500,3.434,subopt,8790.0,0.18407281001137657
industrial-plants,plant02,nodiag,154,astar,230,229.000000,152.315000,1.084,ok,0.0,
industrial-plants,plant02,nodiag,154,rastar,230,229.000000,152.315000,1.376,ok,0.0,
industrial-plants,plant02,nodiag,154,mm,229,229.000000,152.315000,2.053,ok,0.0,
industrial-plants,plant02,nodiag,154,bia,229,229.000000,152.315000,1.507,ok,0.0,
industrial-plants,plant02,nodiag,154,bae,229,229.000000,152.315000,1.549,ok,0.0,
industrial-plants,plant02,nodiag,154,nbs,355980,229.000000,152.315000,524.945,ok,0.0,
industrial-plants,plant02,nodiag,154,gbfs,230,229.000000,152.315000,0.714,subopt,0.0,
industrial-plants,plant02,nodiag,155,astar,313,144.000000,116.861000,1.909,ok,0.0,
industrial-plants,plant02,nodiag,155,rastar,145,144.000000,116.861000,1.038,ok,0.0,
industrial-plants,plant02,nodiag,155,mm,4897,144.000000,116.861000,15.607,ok,0.0,
industrial-plants,plant02,nodiag,155,bia,144,144.000000,116.861000,0.559,ok,0.0,
industrial-plants,plant02,nodiag,155,bae,144,144.000000,116.861000,1.162,ok,0.0,
industrial-plants,plant02,nodiag,155,nbs,11128,144.000000,116.861000,25.042,ok,0.0,
industrial-plants,plant02,nodiag,155,gbfs,144,144.000000,116.861000,0.481,subopt,0.0,
industrial-plants,plant02,nodiag,156,astar,4097,136.000000,96.085200,8.826,ok,3688.0,1.1109002169197397
industrial-plants,plant02,nodiag,156,rastar,21704,136.000000,96.085200,23.245,ok,3688.0,5.885032537960955
industrial-plants,plant02,nodiag,156,mm,20741,136.000000,96.085200,28.498,ok,3688.0,5.6239154013015185
industrial-plants,plant02,nodiag,156,bia,8125,136.000000,96.085200,11.126,ok,3688.0,2.2030911062906724
industrial-plants,plant02,nodiag,156,bae,25255,136.000000,96.085200,27.946,ok,3688.0,6.8478850325379605
industrial-plants,plant02,nodiag,156,nbs,28808,136.000000,96.085200,33.962,ok,3688.0,7.811279826464208
industrial-plants,plant02,nodiag,156,gbfs,300,136.000000,96.085200,1.136,subopt,3688.0,0.08134490238611713
industrial-plants,plant02,nodiag,157,astar,18473,182.000000,156.834000,28.828,ok,18365.0,1.0058807514293493
industrial-plants,plant02,nodiag,157,rastar,26358,182.000000,156.834000,26.688,ok,18365.0,1.4352300571739722
industrial-plants,plant02,nodiag,157,mm,44082,182.000000,156.834000,58.930,ok,18365.0,2.4003267084127415
industrial-plants,plant02,nodiag,157,bia,36797,182.000000,156.834000,44.898,ok,18365.0,2.0036482439422816
industrial-plants,plant02,nodiag,157,bae,43939,182.000000,156.834000,57.190,ok,18365.0,2.392540157909066
industrial-plants,plant02,nodiag,157,nbs,46432,182.000000,156.834000,58.125,ok,18365.0,2.5282875034032126
industrial-plants,plant02,nodiag,157,gbfs,392,182.000000,156.834000,1.181,subopt,18365.0,0.021344949632453036
industrial-plants,plant02,nodiag,158,astar,264,208.000000,155.769000,1.766,ok,0.0,
industrial-plants,plant02,nodiag,158,rastar,1564,208.000000,155.769000,7.633,ok,0.0,
industrial-plants,plant02,nodiag,158,mm,13086,208.000000,155.769000,29.532,ok,0.0,
industrial-plants,plant02,nodiag,158,bia,459,208.000000,155.769000,0.934,ok,0.0,
industrial-plants,plant02,nodiag,158,bae,459,208.000000,155.769000,1.876,ok,0.0,
industrial-plants,plant02,nodiag,158,nbs,33462,208.000000,155.769000,54.311,ok,0.0,
industrial-plants,plant02,nodiag,158,gbfs,360,210.000000,155.769000,1.444,subopt,0.0,
industrial-plants,plant02,nodiag,159,astar,13411,400.000000,242.077000,33.145,ok,0.0,
industrial-plants,plant02,nodiag,159,rastar,401,400.000000,242.077000,1.336,ok,0.0,
industrial-plants,plant02,nodiag,159,mm,1145704,400.000000,242.077000,1953.334,ok,0.0,
industrial-plants,plant02,nodiag,159,bia,506,400.000000,242.077000,2.097,ok,0.0,
industrial-plants,plant02,nodiag,159,bae,506,400.000000,242.077000,3.456,ok,0.0,
industrial-plants,plant02,nodiag,159,nbs,2260886,400.000000,242.077000,4073.403,ok,0.0,
industrial-plants,plant02,nodiag,159,gbfs,480,402.000000,242.077000,1.544,subopt,0.0,
industrial-plants,plant02,nodiag,160,astar,2540,207.000000,135.987000,11.128,ok,0.0,
industrial-plants,plant02,nodiag,160,rastar,648,207.000000,135.987000,1.455,ok,0.0,
industrial-plants,plant02,nodiag,160,mm,208,207.000000,135.987000,1.416,ok,0.0,
industrial-plants,plant02,nodiag,160,bia,208,207.000000,135.987000,1.376,ok,0.0,
industrial-plants,plant02,nodiag,160,bae,208,207.000000,135.987000,1.448,ok,0.0,
industrial-plants,plant02,nodiag,160,nbs,242480,207.000000,135.987000,330.488,ok,0.0,
industrial-plants,plant02,nodiag,160,gbfs,208,207.000000,135.987000,0.465,subopt,0.0,
industrial-plants,plant02,nodiag,161,astar,351,350.000000,234.097000,1.193,ok,0.0,
industrial-plants,plant02,nodiag,161,rastar,351,350.000000,234.097000,2.176,ok,0.0,
industrial-plants,plant02,nodiag,161,mm,467728,350.000000,234.097000,734.049,ok,0.0,
industrial-plants,plant02,nodiag,161,bia,350,350.000000,234.097000,0.849,ok,0.0,
industrial-plants,plant02,nodiag,161,bae,350,350.000000,234.097000,1.571,ok,0.0,
industrial-plants,plant02,nodiag,161,nbs,1107204,350.000000,234.097000,1815.785,ok,0.0,
industrial-plants,plant02,nodiag,161,gbfs,350,350.000000,234.097000,0.823,subopt,0.0,
industrial-plants,plant02,nodiag,162,astar,5551,106.000000,83.955500,8.885,ok,5243.0,1.0587449933244326
industrial-plants,plant02,nodiag,162,rastar,24609,106.000000,83.955500,25.308,ok,5243.0,4.693686820522601
industrial-plants,plant02,nodiag,162,mm,29783,106.000000,83.955500,35.580,ok,5243.0,5.680526416173946
industrial-plants,plant02,nodiag,162,bia,11083,106.000000,83.955500,14.641,ok,5243.0,2.11386610719054
industrial-plants,plant02,nodiag,162,bae,30452,106.000000,83.955500,41.065,ok,5243.0,5.8081251192065615
industrial-plants,plant02,nodiag,162,nbs,24448,106.000000,83.955500,27.903,ok,5243.0,4.662979210375739
industrial-plants,plant02,nodiag,162,gbfs,1542,106.000000,83.955500,2.196,subopt,5243.0,0.29410642761777606
industrial-plants,plant02,nodiag,163,astar,367,366.000000,260.403000,1.675,ok,0.0,
industrial-plants,plant02,nodiag,163,rastar,823,366.000000,260.403000,4.349,ok,0.0,
industrial-plants,plant02,nodiag,163,mm,428700,366.000000,260.403000,638.992,ok,0.0,
industrial-plants,plant02,nodiag,163,bia,366,366.000000,260.403000,1.352,ok,0.0,
industrial-plants,plant02,nodiag,163,bae,366,366.000000,260.403000,2.600,ok,0.0,
industrial-plants,plant02,nodiag,163,nbs,894573,366.000000,260.403000,1338.427,ok,0.0,
industrial-plants,plant02,nodiag,163,gbfs,366,366.000000,260.403000,0.834,subopt,0.0,
industrial-plants,plant02,nodiag,164,astar,339,338.000000,228.237000,1.262,ok,0.0,
industrial-plants,plant02,nodiag,164,rastar,34849,338.000000,228.237000,49.871,ok,0.0,
industrial-plants,plant02,nodiag,164,mm,481683,338.000000,228.237000,781.457,ok,0.0,
industrial-plants,plant02,nodiag,164,bia,421,338.000000,228.237000,0.896,ok,0.0,
industrial-plants,plant02,nodiag,164,bae,421,338.000000,228.237000,1.582,ok,0.0,
industrial-plants,plant02,nodiag,164,nbs,1038777,338.000000,228.237000,1674.562,ok,0.0,
industrial-plants,plant02,nodiag,164,gbfs,422,338.000000,228.237000,1.307,subopt,0.0,
industrial-plants,plant02,nodiag,165,astar,431,430.000000,259.590000,2.163,ok,0.0,
industrial-plants,plant02,nodiag,165,rastar,431,430.000000,259.590000,2.906,ok,0.0,
industrial-plants,plant02,nodiag,165,mm,1439877,430.000000,259.590000,2395.502,ok,0.0,
industrial-plants,plant02,nodiag,165,bia,430,430.000000,259.590000,1.306,ok,0.0,
industrial-plants,plant02,nodiag,165,bae,430,430.000000,259.590000,2.383,ok,0.0,
industrial-plants,plant02,nodiag,165,nbs,2849195,430.000000,259.590000,5549.775,ok,0.0,
industrial-plants,plant02,nodiag,165,gbfs,430,430.000000,259.590000,1.529,subopt,0.0,
industrial-plants,plant02,nodiag,166,astar,304,303.000000,190.323000,1.696,ok,0.0,
industrial-plants,plant02,nodiag,166,rastar,304,303.000000,190.323000,1.876,ok,0.0,
industrial-plants,plant02,nodiag,166,mm,303,303.000000,190.323000,2.827,ok,0.0,
industrial-plants,plant02,nodiag,166,bia,303,303.000000,190.323000,2.021,ok,0.0,
industrial-plants,plant02,nodiag,166,bae,303,303.000000,190.323000,2.129,ok,0.0,
industrial-plants,plant02,nodiag,166,nbs,903331,303.000000,190.323000,1408.584,ok,0.0,
industrial-plants,plant02,nodiag,166,gbfs,304,303.000000,190.323000,0.738,subopt,0.0,
industrial-plants,plant02,nodiag,167,astar,5288,333.000000,221.360000,13.034,ok,0.0,
industrial-plants,plant02,nodiag,167,rastar,13678,333.000000,221.360000,15.547,ok,0.0,
industrial-plants,plant02,nodiag,167,mm,504,333.000000,221.360000,1.361,ok,0.0,
industrial-plants,plant02,nodiag,167,bia,368,333.000000,221.360000,1.137,ok,0.0,
industrial-plants,plant02,nodiag,167,bae,368,333.000000,221.360000,2.543,ok,0.0,
industrial-plants,plant02,nodiag,167,nbs,819200,333.000000,221.360000,1279.671,ok,0.0,
industrial-plants,plant02,nodiag,167,gbfs,368,333.000000,221.360000,1.241,subopt,0.0,
industrial-plants,plant02,nodiag,168,astar,504,287.000000,191.433000,2.400,ok,0.0,
industrial-plants,plant02,nodiag,168,rastar,288,287.000000,191.433000,1.918,ok,0.0,
industrial-plants,plant02,nodiag,168,mm,287,287.000000,191.433000,2.797,ok,0.0,
industrial-plants,plant02,nodiag,168,bia,287,287.000000,191.433000,1.997,ok,0.0,
industrial-plants,plant02,nodiag,168,bae,287,287.000000,191.433000,2.121,ok,0.0,
industrial-plants,plant02,nodiag,168,nbs,536606,287.000000,191.433000,800.472,ok,0.0,
industrial-plants,plant02,nodiag,168,gbfs,288,287.000000,191.433000,0.694,subopt,0.0,
industrial-plants,plant02,nodiag,169,astar,232,231.000000,155.857000,1.038,ok,0.0,
industrial-plants,plant02,nodiag,169,rastar,517,231.000000,155.857000,2.735,ok,0.0,
industrial-plants,plant02,nodiag,169,mm,231,231.000000,155.857000,2.357,ok,0.0,
industrial-plants,plant02,nodiag,169,bia,231,231.000000,155.857000,1.808,ok,0.0,
industrial-plants,plant02,nodiag,169,bae,231,231.000000,155.857000,1.891,ok,0.0,
industrial-plants,plant02,nodiag,169,nbs,291053,231.000000,155.857000,415.519,ok,0.0,
industrial-plants,plant02,nodiag,169,gbfs,232,231.000000,155.857000,0.892,subopt,0.0,
industrial-plants,plant02,nodiag,170,astar,259,258.000000,170.377000,1.620,ok,0.0,
industrial-plants,plant02,nodiag,170,rastar,4464,258.000000,170.377000,16.480,ok,0.0,
industrial-plants,plant02,nodiag,170,mm,240098,258.000000,170.377000,365.745,ok,0.0,
industrial-plants,plant02,nodiag,170,bia,287,258.000000,170.377000,0.892,ok,0.0,
industrial-plants,plant02,nodiag,170,bae,287,258.000000,170.377000,1.664,ok,0.0,
industrial-plants,plant02,nodiag,170,nbs,482282,258.000000,170.377000,704.498,ok,0.0,
industrial-plants,plant02,nodiag,170,gbfs,288,258.000000,170.377000,0.723,subopt,0.0,
industrial-plants,plant02,nodiag,171,astar,386,385.000000,287.616000,1.314,ok,0.0,
industrial-plants,plant02,nodiag,171,rastar,10938,385.000000,287.616000,24.084,ok,0.0,
industrial-plants,plant02,nodiag,171,mm,33921,385.000000,287.616000,63.765,ok,0.0,
industrial-plants,plant02,nodiag,171,bia,403,385.000000,287.616000,1.131,ok,0.0,
industrial-plants,plant02,nodiag,171,bae,403,385.000000,287.616000,2.141,ok,0.0,
industrial-plants,plant02,nodiag,171,nbs,86395,385.000000,287.616000,142.024,ok,0.0,
industrial-plants,plant02,nodiag,171,gbfs,404,385.000000,287.616000,0.924,subopt,0.0,
industrial-plants,plant02,nodiag,172,astar,13361,160.000000,103.963000,20.532,ok,0.0,
industrial-plants,plant02,nodiag,172,rastar,161,160.000000,103.963000,0.472,ok,0.0,
industrial-plants,plant02,nodiag,172,mm,51322,160.000000,103.963000,77.291,ok,0.0,
industrial-plants,plant02,nodiag,172,bia,208,160.000000,103.963000,0.593,ok,0.0,
industrial-plants,plant02,nodiag,172,bae,208,160.000000,103.963000,1.082,ok,0.0,
industrial-plants,plant02,nodiag,172,nbs,111226,160.000000,103.963000,144.863,ok,0.0,
industrial-plants,plant02,nodiag,172,gbfs,208,160.000000,103.963000,0.484,subopt,0.0,
industrial-plants,plant02,nodiag,173,astar,225,224.000000,174.898000,0.858,ok,0.0,
industrial-plants,plant02,nodiag,173,rastar,11123,224.000000,174.898000,23.756,ok,0.0,
industrial-plants,plant02,nodiag,173,mm,17341,224.000000,174.898000,29.913,ok,0.0,
industrial-plants,plant02,nodiag,173,bia,275,224.000000,174.898000,0.609,ok,0.0,
industrial-plants,plant02,nodiag,173,bae,275,224.000000,174.898000,1.272,ok,0.0,
industrial-plants,plant02,nodiag,173,nbs,48182,224.000000,174.898000,74.857,ok,0.0,
industrial-plants,plant02,nodiag,173,gbfs,276,224.000000,174.898000,0.974,subopt,0.0,
industrial-plants,plant02,nodiag,174,astar,1304,161.000000,151.635000,4.898,ok,0.0,
industrial-plants,plant02,nodiag,174,rastar,9380,161.000000,151.635000,20.868,ok,0.0,
industrial-plants,plant02,nodiag,174,mm,11985,161.000000,151.635000,21.798,ok,0.0,
industrial-plants,plant02,nodiag,174,bia,2595,161.000000,151.635000,5.101,ok,0.0,
industrial-plants,plant02,nodiag,174,bae,2595,161.000000,151.635000,10.240,ok,0.0,
industrial-plants,plant02,nodiag,174,nbs,11509,161.000000,151.635000,18.564,ok,0.0,
industrial-plants,plant02,nodiag,174,gbfs,340,165.000000,151.635000,0.864,subopt,0.0,
industrial-plants,plant02,nodiag,175,astar,204,203.000000,146.490000,0.982,ok,0.0,
industrial-plants,plant02,nodiag,175,rastar,4175,203.000000,146.490000,13.007,ok,0.0,
industrial-plants,plant02,nodiag,175,mm,46648,203.000000,146.490000,69.017,ok,0.0,
industrial-plants,plant02,nodiag,175,bia,209,203.000000,146.490000,0.458,ok,0.0,
industrial-plants,plant02,nodiag,175,bae,209,203.000000,146.490000,0.826,ok,0.0,
industrial-plants,plant02,nodiag,175,nbs,95353,203.000000,146.490000,125.443,ok,0.0,
industrial-plants,plant02,nodiag,175,gbfs,210,203.000000,146.490000,0.503,subopt,0.0,
industrial-plants,plant02,nodiag,176,astar,469,468.000000,293.898000,1.701,ok,0.0,
industrial-plants,plant02,nodiag,176,rastar,469,468.000000,293.898000,3.088,ok,0.0,
industrial-plants,plant02,nodiag,176,mm,1780109,468.000000,293.898000,2823.371,ok,0.0,
industrial-plants,plant02,nodiag,176,bia,468,468.000000,293.898000,1.876,ok,0.0,
industrial-plants,plant02,nodiag,176,bae,468,468.000000,293.898000,3.600,ok,0.0,
industrial-plants,plant02,nodiag,176,nbs,3543274,468.000000,293.898000,6569.221,ok,0.0,
industrial-plants,plant02,nodiag,176,gbfs,468,468.000000,293.898000,1.570,subopt,0.0,
industrial-plants,plant02,nodiag,177,astar,280,279.000000,187.411000,1.400,ok,0.0,
industrial-plants,plant02,nodiag,177,rastar,280,279.000000,187.411000,1.883,ok,0.0,
industrial-plants,plant02,nodiag,177,mm,279,279.000000,187.411000,2.817,ok,0.0,
industrial-plants,plant02,nodiag,177,bia,279,279.000000,187.411000,2.030,ok,0.0,
industrial-plants,plant02,nodiag,177,bae,279,279.000000,187.411000,2.149,ok,0.0,
industrial-plants,plant02,nodiag,177,nbs,684491,279.000000,187.411000,1071.866,ok,0.0,
industrial-plants,plant02,nodiag,177,gbfs,280,279.000000,187.411000,0.753,subopt,0.0,
industrial-plants,plant02,nodiag,178,astar,95682,232.000000,155.396000,108.878,ok,95244.0,1.0045987148796776
industrial-plants,plant02,nodiag,178,rastar,102332,232.000000,155.396000,113.826,ok,95244.0,1.0744193859980682
industrial-plants,plant02,nodiag,178,mm,177531,232.000000,155.396000,263.060,ok,95244.0,1.863959934484062
industrial-plants,plant02,nodiag,178,bia,191247,232.000000,155.396000,278.034,ok,95244.0,2.007969005921633
industrial-plants,plant02,nodiag,178,bae,203582,232.000000,155.396000,311.064,ok,95244.0,2.137478476334467
industrial-plants,plant02,nodiag,178,nbs,188718,232.000000,155.396000,268.461,ok,95244.0,1.9814161521985636
industrial-plants,plant02,nodiag,178,gbfs,2292,234.000000,155.396000,3.581,subopt,95244.0,0.02406450800050397
industrial-plants,plant02,nodiag,179,astar,271,270.000000,177.402000,1.208,ok,0.0,
industrial-plants,plant02,nodiag,179,rastar,271,270.000000,177.402000,1.853,ok,0.0,
industrial-plants,plant02,nodiag,179,mm,275672,270.000000,177.402000,420.120,ok,0.0,
industrial-plants,plant02,nodiag,179,bia,270,270.000000,177.402000,0.864,ok,0.0,
industrial-plants,plant02,nodiag,179,bae,270,270.000000,177.402000,1.670,ok,0.0,
industrial-plants,plant02,nodiag,179,nbs,542343,270.000000,177.402000,783.337,ok,0.0,
industrial-plants,plant02,nodiag,179,gbfs,270,270.000000,177.402000,0.667,subopt,0.0,
industrial-plants,plant02,nodiag,180,astar,1370,115.000000,94.416200,2.419,ok,966.0,1.4182194616977226
industrial-plants,plant02,nodiag,180,rastar,8551,115.000000,94.416200,18.414,ok,966.0,8.851966873706004
industrial-plants,plant02,nodiag,180,mm,7209,115.000000,94.416200,10.478,ok,966.0,7.462732919254658
industrial-plants,plant02,nodiag,180,bia,2617,115.000000,94.416200,2.733,ok,966.0,2.709109730848861
industrial-plants,plant02,nodiag,180,bae,4075,115.000000,94.416200,6.169,ok,966.0,4.2184265010351965
industrial-plants,plant02,nodiag,180,nbs,11224,115.000000,94.416200,18.486,ok,966.0,11.619047619047619
industrial-plants,plant02,nodiag,180,gbfs,244,115.000000,94.416200,0.626,subopt,966.0,0.2525879917184265
industrial-plants,plant02,nodiag,181,astar,28482,160.000000,133.269000,37.247,ok,25553.0,1.1146245059288538
industrial-plants,plant02,nodiag,181,rastar,61119,160.000000,133.269000,67.863,ok,25553.0,2.391852228701131
industrial-plants,plant02,nodiag,181,mm,76803,160.000000,133.269000,92.764,ok,25553.0,3.00563534614331
industrial-plants,plant02,nodiag,181,bia,56919,160.000000,133.269000,70.711,ok,25553.0,2.227487966187923
industrial-plants,plant02,nodiag,181,bae,89171,160.000000,133.269000,121.343,ok,25553.0,3.4896489648964897
industrial-plants,plant02,nodiag,181,nbs,82578,160.000000,133.269000,99.417,ok,25553.0,3.231636207098971
industrial-plants,plant02,nodiag,181,gbfs,4600,160.000000,133.269000,6.228,subopt,25553.0,0.18001800180018002
industrial-plants,plant02,nodiag,182,astar,210,167.000000,126.692000,0.623,ok,0.0,
industrial-plants,plant02,nodiag,182,rastar,168,167.000000,126.692000,1.013,ok,0.0,
industrial-plants,plant02,nodiag,182,mm,250,167.000000,126.692000,2.180,ok,0.0,
industrial-plants,plant02,nodiag,182,bia,190,167.000000,126.692000,1.353,ok,0.0,
industrial-plants,plant02,nodiag,182,bae,190,167.000000,126.692000,1.450,ok,0.0,
industrial-plants,plant02,nodiag,182,nbs,60081,167.000000,126.692000,85.783,ok,0.0,
industrial-plants,plant02,nodiag,182,gbfs,190,167.000000,126.692000,0.450,subopt,0.0,
industrial-plants,plant02,nodiag,183,astar,316,261.000000,173.709000,1.088,ok,0.0,
industrial-plants,plant02,nodiag,183,rastar,262,261.000000,173.709000,1.834,ok,0.0,
industrial-plants,plant02,nodiag,183,mm,261,261.000000,173.709000,2.608,ok,0.0,
industrial-plants,plant02,nodiag,183,bia,261,261.000000,173.709000,1.884,ok,0.0,
industrial-plants,plant02,nodiag,183,bae,261,261.000000,173.709000,1.980,ok,0.0,
industrial-plants,plant02,nodiag,183,nbs,482049,261.000000,173.709000,729.416,ok,0.0,
industrial-plants,plant02,nodiag,183,gbfs,262,261.000000,173.709000,0.839,subopt,0.0,
industrial-plants,plant02,nodiag,184,astar,310,309.000000,229.876000,1.466,ok,0.0,
industrial-plants,plant02,nodiag,184,rastar,4231,309.000000,229.876000,14.755,ok,0.0,
industrial-plants,plant02,nodiag,184,mm,28097,309.000000,229.876000,58.983,ok,0.0,
industrial-plants,plant02,nodiag,184,bia,379,309.000000,229.876000,1.034,ok,0.0,
industrial-plants,plant02,nodiag,184,bae,379,309.000000,229.876000,1.900,ok,0.0,
industrial-plants,plant02,nodiag,184,nbs,58785,309.000000,229.876000,97.325,ok,0.0,
industrial-plants,plant02,nodiag,184,gbfs,380,309.000000,229.876000,1.123,subopt,0.0,
industrial-plants,plant02,nodiag,185,astar,2015,250.000000,185.871000,7.308,ok,0.0,
industrial-plants,plant02,nodiag,185,rastar,3021,250.000000,185.871000,9.328,ok,0.0,
industrial-plants,plant02,nodiag,185,mm,59888,250.000000,185.871000,93.035,ok,0.0,
industrial-plants,plant02,nodiag,185,bia,3933,250.000000,185.871000,8.717,ok,0.0,
industrial-plants,plant02,nodiag,185,bae,3933,250.000000,185.871000,7.242,ok,0.0,
industrial-plants,plant02,nodiag,185,nbs,112858,250.000000,185.871000,147.121,ok,0.0,
industrial-plants,plant02,nodiag,185,gbfs,460,256.000000,185.871000,1.627,subopt,0.0,
industrial-plants,plant02,nodiag,186,astar,14520,251.000000,230.898000,26.795,ok,8552.0,1.6978484565014031
industrial-plants,plant02,nodiag,186,rastar,69039,251.000000,230.898000,72.930,ok,8552.0,8.072848456501402
industrial-plants,plant02,nodiag,186,mm,76404,251.000000,230.898000,113.265,ok,8552.0,8.934050514499532
industrial-plants,plant02,nodiag,186,bia,29035,251.000000,230.898000,43.443,ok,8552.0,3.395112254443405
industrial-plants,plant02,nodiag,186,bae,61807,251.000000,230.898000,85.515,ok,8552.0,7.227198316183349
industrial-plants,plant02,nodiag,186,nbs,41628,251.000000,230.898000,49.265,ok,8552.0,4.867633302151543
industrial-plants,plant02,nodiag,186,gbfs,596,255.000000,230.898000,1.117,subopt,8552.0,0.06969130028063611
industrial-plants,plant02,nodiag,187,astar,277,276.000000,195.184000,1.003,ok,0.0,
industrial-plants,plant02,nodiag,187,rastar,1187,276.000000,195.184000,5.678,ok,0.0,
industrial-plants,plant02,nodiag,187,mm,125486,276.000000,195.184000,194.083,ok,0.0,
industrial-plants,plant02,nodiag,187,bia,276,276.000000,195.184000,0.878,ok,0.0,
industrial-plants,plant02,nodiag,187,bae,276,276.000000,195.184000,1.627,ok,0.0,
industrial-plants,plant02,nodiag,187,nbs,274161,276.000000,195.184000,364.920,ok,0.0,
industrial-plants,plant02,nodiag,187,gbfs,276,276.000000,195.184000,0.709,subopt,0.0,
industrial-plants,plant02,nodiag,188,astar,352,351.000000,243.535000,1.215,ok,0.0,
industrial-plants,plant02,nodiag,188,rastar,4398,351.000000,243.535000,15.670,ok,0.0,
industrial-plants,plant02,nodiag,188,mm,441593,351.000000,243.535000,722.350,ok,0.0,
industrial-plants,plant02,nodiag,188,bia,365,351.000000,243.535000,1.855,ok,0.0,
industrial-plants,plant02,nodiag,188,bae,365,351.000000,243.535000,2.715,ok,0.0,
industrial-plants,plant02,nodiag,188,nbs,943825,351.000000,243.535000,1500.264,ok,0.0,
industrial-plants,plant02,nodiag,188,gbfs,366,351.000000,243.535000,1.700,subopt,0.0,
industrial-plants,plant02,nodiag,189,astar,373,372.000000,278.081000,2.285,ok,0.0,
industrial-plants,plant02,nodiag,189,rastar,373,372.000000,278.081000,2.274,ok,0.0,
industrial-plants,plant02,nodiag,189,mm,45752,372.000000,278.081000,86.038,ok,0.0,
industrial-plants,plant02,nodiag,189,bia,372,372.000000,278.081000,0.993,ok,0.0,
industrial-plants,plant02,nodiag,189,bae,372,372.000000,278.081000,1.872,ok,0.0,
industrial-plants,plant02,nodiag,189,nbs,85072,372.000000,278.081000,137.044,ok,0.0,
industrial-plants,plant02,nodiag,189,gbfs,372,372.000000,278.081000,1.080,subopt,0.0,
industrial-plants,plant02,nodiag,190,astar,278,277.000000,199.105000,1.352,ok,0.0,
industrial-plants,plant02,nodiag,190,rastar,516,277.000000,199.105000,2.907,ok,0.0,
industrial-plants,plant02,nodiag,190,mm,277,277.000000,199.105000,2.774,ok,0.0,
industrial-plants,plant02,nodiag,190,bia,277,277.000000,199.105000,1.979,ok,0.0,
industrial-plants,plant02,nodiag,190,bae,277,277.000000,199.105000,2.101,ok,0.0,
industrial-plants,plant02,nodiag,190,nbs,183284,277.000000,199.105000,254.442,ok,0.0,
industrial-plants,plant02,nodiag,190,gbfs,278,277.000000,199.105000,0.736,subopt,0.0,
industrial-plants,plant02,nodiag,191,astar,179,160.000000,117.028000,0.725,ok,0.0,
industrial-plants,plant02,nodiag,191,rastar,1525,160.000000,117.028000,7.008,ok,0.0,
industrial-plants,plant02,nodiag,191,mm,18230,160.000000,117.028000,35.084,ok,0.0,
industrial-plants,plant02,nodiag,191,bia,353,160.000000,117.028000,1.202,ok,0.0,
industrial-plants,plant02,nodiag,191,bae,353,160.000000,117.028000,2.327,ok,0.0,
industrial-plants,plant02,nodiag,191,nbs,63063,160.000000,117.028000,88.204,ok,0.0,
industrial-plants,plant02,nodiag,191,gbfs,322,162.000000,117.028000,0.782,subopt,0.0,
industrial-plants,plant02,nodiag,192,astar,406,405.000000,244.645000,1.378,ok,0.0,
industrial-plants,plant02,nodiag,192,rastar,886,405.000000,244.645000,4.699,ok,0.0,
industrial-plants,plant02,nodiag,192,mm,405,405.000000,244.645000,3.793,ok,0.0,
industrial-plants,plant02,nodiag,192,bia,405,405.000000,244.645000,2.713,ok,0.0,
industrial-plants,plant02,nodiag,192,bae,405,405.000000,244.645000,2.900,ok,0.0,
industrial-plants,plant02,nodiag,192,nbs,2304831,405.000000,244.645000,4346.299,ok,0.0,
industrial-plants,plant02,nodiag,192,gbfs,406,405.000000,244.645000,1.239,subopt,0.0,
industrial-plants,plant02,nodiag,193,astar,137,136.000000,112.861000,0.777,ok,0.0,
industrial-plants,plant02,nodiag,193,rastar,781,136.000000,112.861000,4.019,ok,0.0,
industrial-plants,plant02,nodiag,193,mm,2389,136.000000,112.861000,11.869,ok,0.0,
industrial-plants,plant02,nodiag,193,bia,179,136.000000,112.861000,0.515,ok,0.0,
industrial-plants,plant02,nodiag,193,bae,179,136.000000,112.861000,1.048,ok,0.0,
industrial-plants,plant02,nodiag,193,nbs,3272,136.000000,112.861000,12.531,ok,0.0,
industrial-plants,plant02,nodiag,193,gbfs,180,136.000000,112.861000,0.474,subopt,0.0,
industrial-plants,plant02,nodiag,194,astar,322,321.000000,214.047000,1.405,ok,0.0,
industrial-plants,plant02,nodiag,194,rastar,322,321.000000,214.047000,2.120,ok,0.0,
industrial-plants,plant02,nodiag,194,mm,321,321.000000,214.047000,3.201,ok,0.0,
industrial-plants,plant02,nodiag,194,bia,321,321.000000,214.047000,2.245,ok,0.0,
industrial-plants,plant02,nodiag,194,bae,321,321.000000,214.047000,2.374,ok,0.0,
industrial-plants,plant02,nodiag,194,nbs,779287,321.000000,214.047000,1212.445,ok,0.0,
industrial-plants,plant02,nodiag,194,gbfs,322,321.000000,214.047000,1.331,subopt,0.0,
industrial-plants,plant02,nodiag,195,astar,39995,179.000000,128.756000,47.410,ok,39717.0,1.0069995216154293
industrial-plants,plant02,nodiag,195,rastar,68551,179.000000,128.756000,66.963,ok,39717.0,1.7259863534506634
industrial-plants,plant02,nodiag,195,mm,106572,179.000000,128.756000,136.278,ok,39717.0,2.683284235969484
industrial-plants,plant02,nodiag,195,bia,79891,179.000000,128.756000,92.413,ok,39717.0,2.011506407835436
industrial-plants,plant02,nodiag,195,bae,114939,179.000000,128.756000,149.366,ok,39717.0,2.893949694085656
industrial-plants,plant02,nodiag,195,nbs,108812,179.000000,128.756000,140.474,ok,39717.0,2.739683259057834
industrial-plants,plant02,nodiag,195,gbfs,1738,179.000000,128.756000,2.679,subopt,39717.0,0.04375959916408591
industrial-plants,plant02,nodiag,196,astar,1981,115.000000,93.830400,4.027,ok,1576.0,1.256979695431472
industrial-plants,plant02,nodiag,196,rastar,10402,115.000000,93.830400,18.789,ok,1576.0,6.600253807106599
industrial-plants,plant02,nodiag,196,mm,9680,115.000000,93.830400,13.098,ok,1576.0,6.1421319796954315
industrial-plants,plant02,nodiag,196,bia,3957,115.000000,93.830400,3.988,ok,1576.0,2.5107868020304567
industrial-plants,plant02,nodiag,196,bae,11285,115.000000,93.830400,13.617,ok,1576.0,7.160532994923858
industrial-plants,plant02,nodiag,196,nbs,13276,115.000000,93.830400,14.333,ok,1576.0,8.423857868020304
industrial-plants,plant02,nodiag,196,gbfs,276,115.000000,93.830400,0.522,subopt,1576.0,0.1751269035532995
industrial-plants,plant02,nodiag,197,astar,102,101.000000,76.315600,0.483,ok,0.0,
industrial-plants,plant02,nodiag,197,rastar,3798,101.000000,76.315600,10.424,ok,0.0,
industrial-plants,plant02,nodiag,197,mm,11714,101.000000,76.315600,19.387,ok,0.0,
industrial-plants,plant02,nodiag,197,bia,159,101.000000,76.315600,0.482,ok,0.0,
industrial-plants,plant02,nodiag,197,bae,159,101.000000,76.315600,0.884,ok,0.0,
industrial-plants,plant02,nodiag,197,nbs,20063,101.000000,76.315600,33.722,ok,0.0,
industrial-plants,plant02,nodiag,197,gbfs,160,101.000000,76.315600,0.410,subopt,0.0,
industrial-plants,plant02,nodiag,198,astar,1613,156.000000,126.271000,3.295,ok,946.0,1.7050739957716703
industrial-plants,plant02,nodiag,198,rastar,22860,156.000000,126.271000,33.025,ok,946.0,24.16490486257928
industrial-plants,plant02,nodiag,198,mm,17348,156.000000,126.271000,23.292,ok,946.0,18.338266384778013
industrial-plants,plant02,nodiag,198,bia,3121,156.000000,126.271000,4.570,ok,946.0,3.299154334038055
industrial-plants,plant02,nodiag,198,bae,6811,156.000000,126.271000,13.176,ok,946.0,7.1997885835095135
industrial-plants,plant02,nodiag,198,nbs,21606,156.000000,126.271000,25.300,ok,946.0,22.839323467230443
industrial-plants,plant02,nodiag,198,gbfs,356,156.000000,126.271000,0.677,subopt,946.0,0.3763213530655391
industrial-plants,plant02,nodiag,199,astar,4024,90.000000,77.505700,7.474,ok,2320.0,1.7344827586206897
industrial-plants,plant02,nodiag,199,rastar,3041,90.000000,77.505700,5.458,ok,2320.0,1.3107758620689656
industrial-plants,plant02,nodiag,199,mm,7638,90.000000,77.505700,17.944,ok,2320.0,3.2922413793103447
industrial-plants,plant02,nodiag,199,bia,6024,90.000000,77.505700,8.801,ok,2320.0,2.5965517241379312
industrial-plants,plant02,nodiag,199,bae,6259,90.000000,77.505700,6.806,ok,2320.0,2.697844827586207
industrial-plants,plant02,nodiag,199,nbs,10449,90.000000,77.505700,13.406,ok,2320.0,4.503879310344828
industrial-plants,plant02,nodiag,199,gbfs,378,90.000000,77.505700,0.614,subopt,2320.0,0.1629310344827586
industrial-plants,plant03,diag,0,astar,3,2.414214,2.414210,0.067,ok,0.0,
industrial-plants,plant03,diag,0,rastar,3,2.414214,2.414210,0.061,ok,0.0,
industrial-plants,plant03,diag,0,mm,2,2.414214,2.414210,0.069,ok,0.0,
industrial-plants,plant03,diag,0,bia,2,2.414214,2.414210,0.057,ok,0.0,
industrial-plants,plant03,diag,0,bae,2,2.414214,2.414210,0.060,ok,0.0,
industrial-plants,plant03,diag,0,nbs,2,2.414214,2.414210,0.035,ok,0.0,
industrial-plants,plant03,diag,0,gbfs,2,3.146264,2.414210,0.062,subopt,0.0,
industrial-plants,plant03,diag,1,astar,3,2.414214,2.414210,0.072,ok,0.0,
industrial-plants,plant03,diag,1,rastar,3,2.414214,2.414210,0.060,ok,0.0,
industrial-plants,plant03,diag,1,mm,2,2.414214,2.414210,0.066,ok,0.0,
industrial-plants,plant03,diag,1,bia,2,2.414214,2.414210,0.055,ok,0.0,
industrial-plants,plant03,diag,1,bae,2,2.414214,2.414210,0.057,ok,0.0,
industrial-plants,plant03,diag,1,nbs,2,2.414214,2.414210,0.032,ok,0.0,
industrial-plants,plant03,diag,1,gbfs,2,2.414214,2.414210,0.061,subopt,0.0,
industrial-plants,plant03,diag,2,astar,4,4.242641,4.242640,0.071,ok,0.0,
industrial-plants,plant03,diag,2,rastar,4,4.242641,4.242640,0.069,ok,0.0,
industrial-plants,plant03,diag,2,mm,3,4.242641,4.242640,0.078,ok,0.0,
industrial-plants,plant03,diag,2,bia,3,4.242641,4.242640,0.064,ok,0.0,
industrial-plants,plant03,diag,2,bae,3,4.242641,4.242640,0.067,ok,0.0,
industrial-plants,plant03,diag,2,nbs,3,4.242641,4.242640,0.042,ok,0.0,
industrial-plants,plant03,diag,2,gbfs,4,4.878315,4.242640,0.075,subopt,0.0,
industrial-plants,plant03,diag,3,astar,4,3.828427,3.828430,0.071,ok,0.0,
industrial-plants,plant03,diag,3,rastar,4,3.828427,3.828430,0.070,ok,0.0,
industrial-plants,plant03,diag,3,mm,3,3.828427,3.828430,0.093,ok,0.0,
industrial-plants,plant03,diag,3,bia,3,3.828427,3.828430,0.064,ok,0.0,
industrial-plants,plant03,diag,3,bae,3,3.828427,3.828430,0.068,ok,0.0,
industrial-plants,plant03,diag,3,nbs,3,3.828427,3.828430,0.042,ok,0.0,
industrial-plants,plant03,diag,3,gbfs,4,4.560478,3.828430,0.073,subopt,0.0,
industrial-plants,plant03,diag,4,astar,4,3.414214,3.414210,0.072,ok,0.0,
industrial-plants,plant03,diag,4,rastar,4,3.414214,3.414210,0.072,ok,0.0,
industrial-plants,plant03,diag,4,mm,3,3.414214,3.414210,0.079,ok,0.0,
industrial-plants,plant03,diag,4,bia,3,3.414214,3.414210,0.071,ok,0.0,
industrial-plants,plant03,diag,4,bae,3,3.414214,3.414210,0.073,ok,0.0,
industrial-plants,plant03,diag,4,nbs,3,3.414214,3.414210,0.042,ok,0.0,
industrial-plants,plant03,diag,4,gbfs,4,4.242641,3.414210,0.079,subopt,0.0,
industrial-plants,plant03,diag,5,astar,4,3.414214,3.414210,0.072,ok,0.0,
industrial-plants,plant03,diag,5,rastar,4,3.414214,3.414210,0.074,ok,0.0,
industrial-plants,plant03,diag,5,mm,3,3.414214,3.414210,0.078,ok,0.0,
industrial-plants,plant03,diag,5,bia,3,3.414214,3.414210,0.075,ok,0.0,
industrial-plants,plant03,diag,5,bae,3,3.414214,3.414210,0.068,ok,0.0,
industrial-plants,plant03,diag,5,nbs,3,3.414214,3.414210,0.044,ok,0.0,
industrial-plants,plant03,diag,5,gbfs,4,4.878315,3.414210,0.085,subopt,0.0,
industrial-plants,plant03,diag,6,astar,5,5.242641,5.242640,0.074,ok,0.0,
industrial-plants,plant03,diag,6,rastar,5,5.242641,5.242640,0.074,ok,0.0,
industrial-plants,plant03,diag,6,mm,5,5.242641,5.242640,0.102,ok,0.0,
industrial-plants,plant03,diag,6,bia,4,5.242641,5.242640,0.068,ok,0.0,
industrial-plants,plant03,diag,6,bae,4,5.242641,5.242640,0.075,ok,0.0,
industrial-plants,plant03,diag,6,nbs,5,5.242641,5.242640,0.058,ok,0.0,
industrial-plants,plant03,diag,6,gbfs,4,5.974691,5.242640,0.076,subopt,0.0,
industrial-plants,plant03,diag,7,astar,5,4.414214,4.414210,0.072,ok,0.0,
industrial-plants,plant03,diag,7,rastar,5,4.414214,4.414210,0.085,ok,0.0,
industrial-plants,plant03,diag,7,mm,5,4.414214,4.414210,0.087,ok,0.0,
industrial-plants,plant03,diag,7,bia,5,4.414214,4.414210,0.069,ok,0.0,
industrial-plants,plant03,diag,7,bae,5,4.414214,4.414210,0.072,ok,0.0,
industrial-plants,plant03,diag,7,nbs,4,4.414214,4.414210,0.044,ok,0.0,
industrial-plants,plant03,diag,7,gbfs,4,5.242641,4.414210,0.075,subopt,0.0,
industrial-plants,plant03,diag,8,astar,5,4.000000,4.000000,0.074,ok,0.0,
industrial-plants,plant03,diag,8,rastar,5,4.000000,4.000000,0.072,ok,0.0,
industrial-plants,plant03,diag,8,mm,4,4.000000,4.000000,0.074,ok,0.0,
industrial-plants,plant03,diag,8,bia,4,4.000000,4.000000,0.066,ok,0.0,
industrial-plants,plant03,diag,8,bae,4,4.000000,4.000000,0.074,ok,0.0,
industrial-plants,plant03,diag,8,nbs,4,4.000000,4.000000,0.043,ok,0.0,
industrial-plants,plant03,diag,8,gbfs,4,4.828427,4.000000,0.077,subopt,0.0,
industrial-plants,plant03,diag,9,astar,5,4.000000,4.000000,0.076,ok,0.0,
industrial-plants,plant03,diag,9,rastar,5,4.000000,4.000000,0.075,ok,0.0,
industrial-plants,plant03,diag,9,mm,4,4.000000,4.000000,0.088,ok,0.0,
industrial-plants,plant03,diag,9,bia,4,4.000000,4.000000,0.077,ok,0.0,
industrial-plants,plant03,diag,9,bae,4,4.000000,4.000000,0.085,ok,0.0,
industrial-plants,plant03,diag,9,nbs,4,4.000000,4.000000,0.055,ok,0.0,
industrial-plants,plant03,diag,9,gbfs,4,5.464102,4.000000,0.081,subopt,0.0,
industrial-plants,plant03,diag,10,astar,12959,264.861898,264.862000,28.912,ok,12798.0,1.0125800906391624
industrial-plants,plant03,diag,10,rastar,403506,264.861898,264.862000,1174.397,ok,12798.0,31.528832630098453
industrial-plants,plant03,diag,10,mm,256662,264.861898,264.862000,2471.210,ok,12798.0,20.054852320675106
industrial-plants,plant03,diag,10,bia,25913,264.861898,264.862000,65.758,ok,12798.0,2.02476949523363
industrial-plants,plant03,diag,10,bae,262321,264.861898,264.862000,1052.240,ok,12798.0,20.49703078606032
industrial-plants,plant03,diag,10,nbs,54588,264.861898,264.862000,123.623,ok,12798.0,4.265353961556493
industrial-plants,plant03,diag,10,gbfs,412,268.540125,264.862000,2.246,subopt,12798.0,0.032192530082825445
industrial-plants,plant03,diag,11,astar,12960,404.148304,404.148000,22.044,ok,12822.0,1.0107627515208235
industrial-plants,plant03,diag,11,rastar,1222966,404.148304,404.148000,3042.249,ok,12822.0,95.3802838870691
industrial-plants,plant03,diag,11,mm,0,0,404.148000,60000.000,timeout,12822.0,0.0
industrial-plants,plant03,diag,11,bia,25915,404.148304,404.148000,64.463,ok,12822.0,2.0211355482764
industrial-plants,plant03,diag,11,bae,508955,404.148304,404.148000,1951.344,ok,12822.0,39.693885509280925
industrial-plants,plant03,diag,11,nbs,744146,404.148304,404.148000,2326.465,ok,12822.0,58.03665574793324
industrial-plants,plant03,diag,11,gbfs,648,407.076508,404.148000,3.080,subopt,12822.0,0.05053813757604118
industrial-plants,plant03,diag,12,astar,12960,472.640281,472.640000,24.797,ok,12747.0,1.0167098140738997
industrial-plants,plant03,diag,12,rastar,2132731,472.640281,472.640000,6012.096,ok,12747.0,167.31238722836747
industrial-plants,plant03,diag,12,mm,1261788,472.640281,472.640000,12427.560,ok,12747.0,98.98705577783008
industrial-plants,plant03,diag,12,bia,25583,472.640281,472.640000,62.397,ok,12747.0,2.0069820349886247
industrial-plants,plant03,diag,12,bae,236303,472.640281,472.640000,786.015,ok,12747.0,18.53793049344944
industrial-plants,plant03,diag,12,nbs,615294,472.640281,472.640000,1721.394,ok,12747.0,48.26971052012238
industrial-plants,plant03,diag,12,gbfs,868,505.683563,472.640000,2.432,subopt,12747.0,0.06809445359692477
industrial-plants,plant03,diag,13,astar,12961,260.521564,260.522000,27.023,ok,12808.0,1.0119456589631481
industrial-plants,plant03,diag,13,rastar,798540,260.521564,260.522000,2617.291,ok,12808.0,62.34697064334791
industrial-plants,plant03,diag,13,mm,505086,260.521564,260.522000,4511.175,ok,12808.0,39.43519675202998
industrial-plants,plant03,diag,13,bia,25891,260.521564,260.522000,66.211,ok,12808.0,2.021470955652717
industrial-plants,plant03,diag,13,bae,462658,260.521564,260.522000,2631.555,ok,12808.0,36.12257963772642
industrial-plants,plant03,diag,13,nbs,343816,260.521564,260.522000,972.664,ok,12808.0,26.843847595252967
industrial-plants,plant03,diag,13,gbfs,372,262.178418,260.522000,2.145,subopt,12808.0,0.029044347282948156
industrial-plants,plant03,diag,14,astar,12963,446.853194,446.853000,26.022,ok,12787.0,1.0137639790412136
industrial-plants,plant03,diag,14,rastar,540727,446.853194,446.853000,1720.611,ok,12787.0,42.28724485805897
industrial-plants,plant03,diag,14,mm,395479,446.853194,446.853000,3323.971,ok,12787.0,30.92820833659185
industrial-plants,plant03,diag,14,bia,25903,446.853194,446.853000,74.851,ok,12787.0,2.025729256275905
industrial-plants,plant03,diag,14,bae,63241,446.853194,446.853000,193.042,ok,12787.0,4.94572612809885
industrial-plants,plant03,diag,14,nbs,64774,446.853194,446.853000,144.525,ok,12787.0,5.065613513724877
industrial-plants,plant03,diag,14,gbfs,786,453.972067,446.853000,3.093,subopt,12787.0,0.0614686791272386
industrial-plants,plant03,diag,15,astar,12964,130.781746,130.782000,26.467,ok,12902.0,1.0048054565183693
industrial-plants,plant03,diag,15,rastar,23378,130.781746,130.782000,47.487,ok,12902.0,1.8119671368780035
industrial-plants,plant03,diag,15,mm,36019,130.781746,130.782000,245.714,ok,12902.0,2.791737715082933
industrial-plants,plant03,diag,15,bia,25871,130.781746,130.782000,82.564,ok,12902.0,2.005192993334367
industrial-plants,plant03,diag,15,bae,34209,130.781746,130.782000,113.706,ok,12902.0,2.6514493876918306
industrial-plants,plant03,diag,15,nbs,26626,130.781746,130.782000,60.570,ok,12902.0,2.0637110525499924
industrial-plants,plant03,diag,15,gbfs,210,133.074275,130.782000,0.911,subopt,12902.0,0.01627654627189583
industrial-plants,plant03,diag,16,astar,12967,122.754927,122.755000,26.708,ok,12918.0,1.0037931568354235
industrial-plants,plant03,diag,16,rastar,14453,122.754927,122.755000,27.909,ok,12918.0,1.1188264437219384
industrial-plants,plant03,diag,16,mm,27149,122.754927,122.755000,137.883,ok,12918.0,2.1016411209165504
industrial-plants,plant03,diag,16,bia,25835,122.754927,122.755000,63.083,ok,12918.0,1.9999225886360117
industrial-plants,plant03,diag,16,bae,27956,122.754927,122.755000,72.607,ok,12918.0,2.164112091655055
industrial-plants,plant03,diag,16,nbs,26832,122.754927,122.755000,60.820,ok,12918.0,2.0771017185322806
industrial-plants,plant03,diag,16,gbfs,98,125.047456,122.755000,0.627,subopt,12918.0,0.0075863136708468806
industrial-plants,plant03,diag,17,astar,12969,212.589180,212.589000,23.846,ok,12893.0,1.0058946715271853
industrial-plants,plant03,diag,17,rastar,46457,212.589180,212.589000,95.273,ok,12893.0,3.603273093926937
industrial-plants,plant03,diag,17,mm,54275,212.589180,212.589000,468.793,ok,12893.0,4.209648646552393
industrial-plants,plant03,diag,17,bia,25933,212.589180,212.589000,69.285,ok,12893.0,2.011401535717056
industrial-plants,plant03,diag,17,bae,49977,212.589180,212.589000,155.758,ok,12893.0,3.8762894593965718
industrial-plants,plant03,diag,17,nbs,32338,212.589180,212.589000,70.682,ok,12893.0,2.5081827348173427
industrial-plants,plant03,diag,17,gbfs,264,215.517383,212.589000,1.820,subopt,12893.0,0.020476227410222602
industrial-plants,plant03,diag,18,astar,12972,196.400369,196.400000,31.839,ok,12952.0,1.0015441630636195
industrial-plants,plant03,diag,18,rastar,189881,196.400369,196.400000,523.077,ok,12952.0,14.660361334156887
industrial-plants,plant03,diag,18,mm,0,0,196.400000,60000.000,timeout,12952.0,0.0
industrial-plants,plant03,diag,18,bia,24695,196.400369,196.400000,69.912,ok,12952.0,1.9066553428042001
industrial-plants,plant03,diag,18,bae,37629,196.400369,196.400000,133.260,ok,12952.0,2.9052655960469425
industrial-plants,plant03,diag,18,nbs,25904,196.400369,196.400000,58.426,ok,12952.0,2.0
industrial-plants,plant03,diag,18,gbfs,386,210.111969,196.400000,1.405,subopt,12952.0,0.0298023471278567
industrial-plants,plant03,diag,19,astar,12976,393.838382,393.838000,29.149,ok,12825.0,1.0117738791423
industrial-plants,plant03,diag,19,rastar,143280,393.838382,393.838000,386.569,ok,12825.0,11.171929824561403
industrial-plants,plant03,diag,19,mm,154789,393.838382,393.838000,1571.725,ok,12825.0,12.069317738791423
industrial-plants,plant03,diag,19,bia,25947,393.838382,393.838000,66.355,ok,12825.0,2.0231578947368423
industrial-plants,plant03,diag,19,bae,63181,393.838382,393.838000,178.317,ok,12825.0,4.926393762183236
industrial-plants,plant03,diag,19,nbs,73468,393.838382,393.838000,160.507,ok,12825.0,5.72849902534113
industrial-plants,plant03,diag,19,gbfs,780,416.437871,393.838000,2.714,subopt,12825.0,0.0608187134502924
industrial-plants,plant03,diag,20,astar,25946,414.682402,414.682000,51.310,ok,25615.0,1.0129221159476869
industrial-plants,plant03,diag,20,rastar,2107566,414.682402,414.682000,6546.044,ok,25615.0,82.27858676556706
industrial-plants,plant03,diag,20,mm,1216065,414.682402,414.682000,12267.666,ok,25615.0,47.47472184267031
industrial-plants,plant03,diag,20,bia,51887,414.682402,414.682000,137.722,ok,25615.0,2.025649033769276
industrial-plants,plant03,diag,20,bae,425325,414.682402,414.682000,1843.317,ok,25615.0,16.604528596525473
industrial-plants,plant03,diag,20,nbs,541088,414.682402,414.682000,1532.008,ok,25615.0,21.123872730821784
industrial-plants,plant03,diag,20,gbfs,726,417.610605,414.682000,3.130,subopt,25615.0,0.02834276790942807
industrial-plants,plant03,diag,21,astar,25953,343.428833,343.429000,55.027,ok,25509.0,1.0174056215453369
industrial-plants,plant03,diag,21,rastar,296904,343.428833,343.429000,785.113,ok,25509.0,11.639186169587205
industrial-plants,plant03,diag,21,mm,139978,343.428833,343.429000,1272.779,ok,25509.0,5.487396605119762
industrial-plants,plant03,diag,21,bia,51601,343.428833,343.429000,156.825,ok,25509.0,2.0228546787408366
industrial-plants,plant03,diag,21,bae,332967,343.428833,343.429000,1368.160,ok,25509.0,13.052922497941903
industrial-plants,plant03,diag,21,nbs,154994,343.428833,343.429000,386.152,ok,25509.0,6.076051589635031
industrial-plants,plant03,diag,21,gbfs,588,345.278440,343.429000,2.776,subopt,25509.0,0.023050687992473246
industrial-plants,plant03,diag,22,astar,25957,222.576310,222.576000,54.071,ok,25234.0,1.0286518189743996
industrial-plants,plant03,diag,22,rastar,205179,222.576310,222.576000,623.978,ok,25234.0,8.13105334073076
industrial-plants,plant03,diag,22,mm,161776,222.576310,222.576000,1455.646,ok,25234.0,6.4110327336133786
industrial-plants,plant03,diag,22,bia,51909,222.576310,222.576000,154.445,ok,25234.0,2.0571054925893635
industrial-plants,plant03,diag,22,bae,217245,222.576310,222.576000,1065.404,ok,25234.0,8.609217722120947
industrial-plants,plant03,diag,22,nbs,138414,222.576310,222.576000,348.856,ok,25234.0,5.485218356186098
industrial-plants,plant03,diag,22,gbfs,310,225.504513,222.576000,1.742,subopt,25234.0,0.012285012285012284
industrial-plants,plant03,diag,23,astar,25959,263.487373,263.487000,56.878,ok,25818.0,1.0054613060655357
industrial-plants,plant03,diag,23,rastar,484763,263.487373,263.487000,1487.021,ok,25818.0,18.7761639166473
industrial-plants,plant03,diag,23,mm,427790,263.487373,263.487000,4354.491,ok,25818.0,16.569447672166707
industrial-plants,plant03,diag,23,bia,51913,263.487373,263.487000,132.731,ok,25818.0,2.010728948795414
industrial-plants,plant03,diag,23,bae,235513,263.487373,263.487000,1069.471,ok,25818.0,9.122046634131227
industrial-plants,plant03,diag,23,nbs,55580,263.487373,263.487000,157.474,ok,25818.0,2.152761639166473
industrial-plants,plant03,diag,23,gbfs,376,266.415577,263.487000,1.995,subopt,25818.0,0.01456348284142846
industrial-plants,plant03,diag,24,astar,25962,319.252990,319.253000,55.802,ok,25837.0,1.0048380229902854
industrial-plants,plant03,diag,24,rastar,99012,319.252990,319.253000,222.449,ok,25837.0,3.8321786585129853
industrial-plants,plant03,diag,24,mm,0,0,319.253000,60000.000,timeout,25837.0,0.0
industrial-plants,plant03,diag,24,bia,51761,319.252990,319.253000,159.116,ok,25837.0,2.0033672640012385
industrial-plants,plant03,diag,24,bae,98183,319.252990,319.253000,358.396,ok,25837.0,3.8000928900414133
industrial-plants,plant03,diag,24,nbs,52546,319.252990,319.253000,129.078,ok,25837.0,2.03375004838023
industrial-plants,plant03,diag,24,gbfs,502,321.738272,319.253000,1.681,subopt,25837.0,0.019429500328985563
industrial-plants,plant03,diag,25,astar,25965,196.519815,196.520000,56.914,ok,22359.0,1.1612773379847041
industrial-plants,plant03,diag,25,rastar,31963,196.519815,196.520000,73.607,ok,22359.0,1.4295362046603157
industrial-plants,plant03,diag,25,mm,0,0,196.520000,60000.000,timeout,22359.0,0.0
industrial-plants,plant03,diag,25,bia,47729,196.519815,196.520000,127.619,ok,22359.0,2.1346661299700345
industrial-plants,plant03,diag,25,bae,41813,196.519815,196.520000,129.005,ok,22359.0,1.8700746902813186
industrial-plants,plant03,diag,25,nbs,50707,196.519815,196.520000,117.777,ok,22359.0,2.2678563442014403
industrial-plants,plant03,diag,25,gbfs,312,200.419310,196.520000,1.552,subopt,22359.0,0.013954112437944453
industrial-plants,plant03,diag,26,astar,25970,211.204165,211.204000,50.905,ok,25799.0,1.0066281638823211
industrial-plants,plant03,diag,26,rastar,139300,211.204165,211.204000,353.442,ok,25799.0,5.399434086592503
industrial-plants,plant03,diag,26,mm,136193,211.204165,211.204000,1303.091,ok,25799.0,5.2790030621341915
industrial-plants,plant03,diag,26,bia,51733,211.204165,211.204000,134.302,ok,25799.0,2.005232760959727
industrial-plants,plant03,diag,26,bae,149922,211.204165,211.204000,598.711,ok,25799.0,5.811155471142293
industrial-plants,plant03,diag,26,nbs,61370,211.204165,211.204000,141.952,ok,25799.0,2.378774371099655
industrial-plants,plant03,diag,26,gbfs,5500,231.613573,211.204000,13.250,subopt,25799.0,0.21318655761851235
industrial-plants,plant03,diag,27,astar,25971,337.629353,337.629000,52.613,ok,25768.0,1.0078779882024216
industrial-plants,plant03,diag,27,rastar,1513842,337.629353,337.629000,5955.825,ok,25768.0,58.748913380937594
industrial-plants,plant03,diag,27,mm,1124834,337.629353,337.629000,11516.028,ok,25768.0,43.65235951567836
industrial-plants,plant03,diag,27,bia,51937,337.629353,337.629000,149.607,ok,25768.0,2.0155619372865567
industrial-plants,plant03,diag,27,bae,1366456,337.629353,337.629000,8905.705,ok,25768.0,53.02918348339025
industrial-plants,plant03,diag,27,nbs,845214,337.629353,337.629000,3177.942,ok,25768.0,32.80091586463831
industrial-plants,plant03,diag,27,gbfs,480,340.557556,337.629000,2.626,subopt,25768.0,0.018627755355479666
industrial-plants,plant03,diag,28,astar,25972,196.750851,196.751000,52.803,ok,25891.0,1.0031285002510524
industrial-plants,plant03,diag,28,rastar,41850,196.750851,196.751000,86.103,ok,25891.0,1.6163917963771195
industrial-plants,plant03,nodiag,0,astar,4,3.000000,2.414210,0.060,ok,0.0,
industrial-plants,plant03,nodiag,0,rastar,4,3.000000,2.414210,0.048,ok,0.0,
industrial-plants,plant03,nodiag,0,mm,3,3.000000,2.414210,0.048,ok,0.0,
industrial-plants,plant03,nodiag,0,bia,3,3.000000,2.414210,0.051,ok,0.0,
industrial-plants,plant03,nodiag,0,bae,3,3.000000,2.414210,0.046,ok,0.0,
industrial-plants,plant03,nodiag,0,nbs,3,3.000000,2.414210,0.022,ok,0.0,
industrial-plants,plant03,nodiag,0,gbfs,4,3.000000,2.414210,0.049,subopt,0.0,
industrial-plants,plant03,nodiag,1,astar,4,3.000000,2.414210,0.048,ok,0.0,
industrial-plants,plant03,nodiag,1,rastar,4,3.000000,2.414210,0.047,ok,0.0,
industrial-plants,plant03,nodiag,1,mm,3,3.000000,2.414210,0.050,ok,0.0,
industrial-plants,plant03,nodiag,1,bia,3,3.000000,2.414210,0.045,ok,0.0,
industrial-plants,plant03,nodiag,1,bae,3,3.000000,2.414210,0.047,ok,0.0,
industrial-plants,plant03,nodiag,1,nbs,3,3.000000,2.414210,0.023,ok,0.0,
industrial-plants,plant03,nodiag,1,gbfs,4,3.000000,2.414210,0.054,subopt,0.0,
industrial-plants,plant03,nodiag,2,astar,7,6.000000,4.242640,0.055,ok,0.0,
industrial-plants,plant03,nodiag,2,rastar,7,6.000000,4.242640,0.055,ok,0.0,
industrial-plants,plant03,nodiag,2,mm,9,6.000000,4.242640,0.069,ok,0.0,
industrial-plants,plant03,nodiag,2,bia,6,6.000000,4.242640,0.051,ok,0.0,
industrial-plants,plant03,nodiag,2,bae,6,6.000000,4.242640,0.054,ok,0.0,
industrial-plants,plant03,nodiag,2,nbs,8,6.000000,4.242640,0.035,ok,0.0,
industrial-plants,plant03,nodiag,2,gbfs,6,6.000000,4.242640,0.059,subopt,0.0,
industrial-plants,plant03,nodiag,3,astar,6,5.000000,3.828430,0.102,ok,0.0,
industrial-plants,plant03,nodiag,3,rastar,6,5.000000,3.828430,0.095,ok,0.0,
industrial-plants,plant03,nodiag,3,mm,5,5.000000,3.828430,0.096,ok,0.0,
industrial-plants,plant03,nodiag,3,bia,5,5.000000,3.828430,0.088,ok,0.0,
industrial-plants,plant03,nodiag,3,bae,5,5.000000,3.828430,0.091,ok,0.0,
industrial-plants,plant03,nodiag,3,nbs,7,5.000000,3.828430,0.055,ok,0.0,
industrial-plants,plant03,nodiag,3,gbfs,6,5.000000,3.828430,0.102,subopt,0.0,
industrial-plants,plant03,nodiag,4,astar,5,4.000000,3.414210,0.086,ok,0.0,
industrial-plants,plant03,nodiag,4,rastar,5,4.000000,3.414210,0.086,ok,0.0,
industrial-plants,plant03,nodiag,4,mm,5,4.000000,3.414210,0.095,ok,0.0,
industrial-plants,plant03,nodiag,4,bia,4,4.000000,3.414210,0.085,ok,0.0,
industrial-plants,plant03,nodiag,4,bae,4,4.000000,3.414210,0.090,ok,0.0,
industrial-plants,plant03,nodiag,4,nbs,4,4.000000,3.414210,0.050,ok,0.0,
industrial-plants,plant03,nodiag,4,gbfs,4,4.000000,3.414210,0.088,subopt,0.0,
industrial-plants,plant03,nodiag,5,astar,5,4.000000,3.414210,0.089,ok,0.0,
industrial-plants,plant03,nodiag,5,rastar,5,4.000000,3.414210,0.087,ok,0.0,
industrial-plants,plant03,nodiag,5,mm,5,4.000000,3.414210,0.095,ok,0.0,
industrial-plants,plant03,nodiag,5,bia,4,4.000000,3.414210,0.087,ok,0.0,
industrial-plants,plant03,nodiag,5,bae,4,4.000000,3.414210,0.089,ok,0.0,
industrial-plants,plant03,nodiag,5,nbs,4,4.000000,3.414210,0.045,ok,0.0,
industrial-plants,plant03,nodiag,5,gbfs,4,4.000000,3.414210,0.087,subopt,0.0,
industrial-plants,plant03,nodiag,6,astar,8,7.000000,5.242640,0.127,ok,0.0,
industrial-plants,plant03,nodiag,6,rastar,8,7.000000,5.242640,0.100,ok,0.0,
industrial-plants,plant03,nodiag,6,mm,7,7.000000,5.242640,0.113,ok,0.0,
industrial-plants,plant03,nodiag,6,bia,7,7.000000,5.242640,0.099,ok,0.0,
industrial-plants,plant03,nodiag,6,bae,7,7.000000,5.242640,0.098,ok,0.0,
industrial-plants,plant03,nodiag,6,nbs,13,7.000000,5.242640,0.077,ok,0.0,
industrial-plants,plant03,nodiag,6,gbfs,8,7.000000,5.242640,0.115,subopt,0.0,
industrial-plants,plant03,nodiag,7,astar,6,5.000000,4.414210,0.095,ok,0.0,
industrial-plants,plant03,nodiag,7,rastar,6,5.000000,4.414210,0.117,ok,0.0,
industrial-plants,plant03,nodiag,7,mm,5,5.000000,4.414210,0.095,ok,0.0,
industrial-plants,plant03,nodiag,7,bia,5,5.000000,4.414210,0.088,ok,0.0,
industrial-plants,plant03,nodiag,7,bae,5,5.000000,4.414210,0.096,ok,0.0,
industrial-plants,plant03,nodiag,7,nbs,7,5.000000,4.414210,0.053,ok,0.0,
industrial-plants,plant03,nodiag,7,gbfs,6,5.000000,4.414210,0.111,subopt,0.0,
industrial-plants,plant03,nodiag,8,astar,5,4.000000,4.000000,0.086,ok,0.0,
industrial-plants,plant03,nodiag,8,rastar,5,4.000000,4.000000,0.085,ok,0.0,
industrial-plants,plant03,nodiag,8,mm,4,4.000000,4.000000,0.120,ok,0.0,
industrial-plants,plant03,nodiag,8,bia,4,4.000000,4.000000,0.082,ok,0.0,
industrial-plants,plant03,nodiag,8,bae,4,4.000000,4.000000,0.084,ok,0.0,
industrial-plants,plant03,nodiag,8,nbs,4,4.000000,4.000000,0.043,ok,0.0,
industrial-plants,plant03,nodiag,8,gbfs,4,4.000000,4.000000,0.085,subopt,0.0,
industrial-plants,plant03,nodiag,9,astar,5,4.000000,4.000000,0.092,ok,0.0,
industrial-plants,plant03,nodiag,9,rastar,5,4.000000,4.000000,0.093,ok,0.0,
industrial-plants,plant03,nodiag,9,mm,4,4.000000,4.000000,0.093,ok,0.0,
industrial-plants,plant03,nodiag,9,bia,4,4.000000,4.000000,0.085,ok,0.0,
industrial-plants,plant03,nodiag,9,bae,4,4.000000,4.000000,0.088,ok,0.0,
industrial-plants,plant03,nodiag,9,nbs,4,4.000000,4.000000,0.046,ok,0.0,
industrial-plants,plant03,nodiag,9,gbfs,4,4.000000,4.000000,0.098,subopt,0.0,
industrial-plants,plant03,nodiag,10,astar,353,352.000000,264.862000,1.457,ok,0.0,
industrial-plants,plant03,nodiag,10,rastar,353,352.000000,264.862000,1.486,ok,0.0,
industrial-plants,plant03,nodiag,10,mm,109951,352.000000,264.862000,345.878,ok,0.0,
industrial-plants,plant03,nodiag,10,bia,352,352.000000,264.862000,1.594,ok,0.0,
industrial-plants,plant03,nodiag,10,bae,352,352.000000,264.862000,1.765,ok,0.0,
industrial-plants,plant03,nodiag,10,nbs,303721,352.000000,264.862000,653.749,ok,0.0,
industrial-plants,plant03,nodiag,10,gbfs,352,352.000000,264.862000,0.934,subopt,0.0,
industrial-plants,plant03,nodiag,11,astar,521,520.000000,404.148000,1.177,ok,0.0,
industrial-plants,plant03,nodiag,11,rastar,521,520.000000,404.148000,1.205,ok,0.0,
industrial-plants,plant03,nodiag,11,mm,627929,520.000000,404.148000,1102.412,ok,0.0,
industrial-plants,plant03,nodiag,11,bia,520,520.000000,404.148000,1.085,ok,0.0,
industrial-plants,plant03,nodiag,11,bae,520,520.000000,404.148000,1.122,ok,0.0,
industrial-plants,plant03,nodiag,11,nbs,1656654,520.000000,404.148000,3224.477,ok,0.0,
industrial-plants,plant03,nodiag,11,gbfs,520,520.000000,404.148000,1.055,subopt,0.0,
industrial-plants,plant03,nodiag,12,astar,621,620.000000,472.640000,1.131,ok,0.0,
industrial-plants,plant03,nodiag,12,rastar,1081,620.000000,472.640000,1.690,ok,0.0,
industrial-plants,plant03,nodiag,12,mm,14320,620.000000,472.640000,24.427,ok,0.0,
industrial-plants,plant03,nodiag,12,bia,791,620.000000,472.640000,1.397,ok,0.0,
industrial-plants,plant03,nodiag,12,bae,791,620.000000,472.640000,1.497,ok,0.0,
industrial-plants,plant03,nodiag,12,nbs,1188025,620.000000,472.640000,2054.127,ok,0.0,
industrial-plants,plant03,nodiag,12,gbfs,792,620.000000,472.640000,1.409,subopt,0.0,
industrial-plants,plant03,nodiag,13,astar,2225,374.000000,260.522000,3.150,ok,0.0,
industrial-plants,plant03,nodiag,13,rastar,4572,374.000000,260.522000,6.649,ok,0.0,
industrial-plants,plant03,nodiag,13,mm,422714,374.000000,260.522000,700.563,ok,0.0,
industrial-plants,plant03,nodiag,13,bia,375,374.000000,260.522000,0.845,ok,0.0,
industrial-plants,plant03,nodiag,13,bae,375,374.000000,260.522000,0.899,ok,0.0,
industrial-plants,plant03,nodiag,13,nbs,1184893,374.000000,260.522000,2360.706,ok,0.0,
industrial-plants,plant03,nodiag,13,gbfs,376,374.000000,260.522000,0.820,subopt,0.0,
industrial-plants,plant03,nodiag,14,astar,543,542.000000,446.853000,0.982,ok,0.0,
industrial-plants,plant03,nodiag,14,rastar,3303,542.000000,446.853000,5.013,ok,0.0,
industrial-plants,plant03,nodiag,14,mm,443417,542.000000,446.853000,785.150,ok,0.0,
industrial-plants,plant03,nodiag,14,bia,865,542.000000,446.853000,1.545,ok,0.0,
industrial-plants,plant03,nodiag,14,bae,865,542.000000,446.853000,1.650,ok,0.0,
industrial-plants,plant03,nodiag,14,nbs,1250131,542.000000,446.853000,2092.056,ok,0.0,
industrial-plants,plant03,nodiag,14,gbfs,866,542.000000,446.853000,1.610,subopt,0.0,
industrial-plants,plant03,nodiag,15,astar,164,163.000000,130.782000,0.320,ok,0.0,
industrial-plants,plant03,nodiag,15,rastar,1950,163.000000,130.782000,2.723,ok,0.0,
industrial-plants,plant03,nodiag,15,mm,3296,163.000000,130.782000,5.931,ok,0.0,
industrial-plants,plant03,nodiag,15,bia,267,163.000000,130.782000,0.520,ok,0.0,
industrial-plants,plant03,nodiag,15,bae,267,163.000000,130.782000,0.548,ok,0.0,
industrial-plants,plant03,nodiag,15,nbs,4566,163.000000,130.782000,7.153,ok,0.0,
industrial-plants,plant03,nodiag,15,gbfs,268,163.000000,130.782000,0.621,subopt,0.0,
industrial-plants,plant03,nodiag,16,astar,190,189.000000,122.755000,0.376,ok,0.0,
industrial-plants,plant03,nodiag,16,rastar,1890,189.000000,122.755000,1.898,ok,0.0,
industrial-plants,plant03,nodiag,16,mm,2214,189.000000,122.755000,3.328,ok,0.0,
industrial-plants,plant03,nodiag,16,bia,349,189.000000,122.755000,0.616,ok,0.0,
industrial-plants,plant03,nodiag,16,bae,349,189.000000,122.755000,0.625,ok,0.0,
industrial-plants,plant03,nodiag,16,nbs,124661,189.000000,122.755000,155.969,ok,0.0,
industrial-plants,plant03,nodiag,16,gbfs,350,189.000000,122.755000,0.683,subopt,0.0,
industrial-plants,plant03,nodiag,17,astar,341,340.000000,212.589000,0.726,ok,0.0,
industrial-plants,plant03,nodiag,17,rastar,341,340.000000,212.589000,0.720,ok,0.0,
industrial-plants,plant03,nodiag,17,mm,475164,340.000000,212.589000,835.361,ok,0.0,
industrial-plants,plant03,nodiag,17,bia,340,340.000000,212.589000,0.779,ok,0.0,
industrial-plants,plant03,nodiag,17,bae,340,340.000000,212.589000,0.772,ok,0.0,
industrial-plants,plant03,nodiag,17,nbs,1095006,340.000000,212.589000,1782.817,ok,0.0,
industrial-plants,plant03,nodiag,17,gbfs,340,340.000000,212.589000,0.748,subopt,0.0,
industrial-plants,plant03,nodiag,18,astar,224,223.000000,196.400000,0.403,ok,0.0,
industrial-plants,plant03,nodiag,18,rastar,284,223.000000,196.400000,0.522,ok,0.0,
industrial-plants,plant03,nodiag,18,mm,3158,223.000000,196.400000,6.333,ok,0.0,
industrial-plants,plant03,nodiag,18,bia,357,223.000000,196.400000,0.597,ok,0.0,
industrial-plants,plant03,nodiag,18,bae,357,223.000000,196.400000,1.052,ok,0.0,
industrial-plants,plant03,nodiag,18,nbs,25214,223.000000,196.400000,43.937,ok,0.0,
industrial-plants,plant03,nodiag,18,gbfs,358,223.000000,196.400000,0.614,subopt,0.0,
industrial-plants,plant03,nodiag,19,astar,31189,451.000000,393.838000,31.169,ok,30989.0,1.0064539029978379
industrial-plants,plant03,nodiag,19,rastar,229014,451.000000,393.838000,242.498,ok,30989.0,7.390170705734293
industrial-plants,plant03,nodiag,19,mm,258625,451.000000,393.838000,418.252,ok,30989.0,8.34570331407919
industrial-plants,plant03,nodiag,19,bia,62373,451.000000,393.838000,88.970,ok,30989.0,2.0127464584207297
industrial-plants,plant03,nodiag,19,bae,159927,451.000000,393.838000,243.002,ok,30989.0,5.160766723676143
industrial-plants,plant03,nodiag,19,nbs,271184,451.000000,393.838000,344.028,ok,30989.0,8.750976152828423
industrial-plants,plant03,nodiag,19,gbfs,744,463.000000,393.838000,1.451,subopt,30989.0,0.024008519151957147
industrial-plants,plant03,nodiag,20,astar,495,494.000000,414.682000,1.006,ok,0.0,
industrial-plants,plant03,nodiag,20,rastar,495,494.000000,414.682000,1.024,ok,0.0,
industrial-plants,plant03,nodiag,20,mm,415669,494.000000,414.682000,698.241,ok,0.0,
industrial-plants,plant03,nodiag,20,bia,494,494.000000,414.682000,1.098,ok,0.0,
industrial-plants,plant03,nodiag,20,bae,494,494.000000,414.682000,1.130,ok,0.0,
industrial-plants,plant03,nodiag,20,nbs,1130221,494.000000,414.682000,1742.249,ok,0.0,
industrial-plants,plant03,nodiag,20,gbfs,494,494.000000,414.682000,1.078,subopt,0.0,
industrial-plants,plant03,nodiag,21,astar,418,417.000000,343.429000,0.671,ok,0.0,
industrial-plants,plant03,nodiag,21,rastar,418,417.000000,343.429000,0.655,ok,0.0,
industrial-plants,plant03,nodiag,21,mm,417,417.000000,343.429000,1.150,ok,0.0,
industrial-plants,plant03,nodiag,21,bia,417,417.000000,343.429000,0.748,ok,0.0,
industrial-plants,plant03,nodiag,21,bae,417,417.000000,343.429000,0.826,ok,0.0,
industrial-plants,plant03,nodiag,21,nbs,715750,417.000000,343.429000,1088.438,ok,0.0,
industrial-plants,plant03,nodiag,21,gbfs,418,417.000000,343.429000,0.866,subopt,0.0,
industrial-plants,plant03,nodiag,22,astar,327,326.000000,222.576000,0.667,ok,0.0,
industrial-plants,plant03,nodiag,22,rastar,3294,326.000000,222.576000,5.265,ok,0.0,
industrial-plants,plant03,nodiag,22,mm,277557,326.000000,222.576000,446.405,ok,0.0,
industrial-plants,plant03,nodiag,22,bia,351,326.000000,222.576000,0.765,ok,0.0,
industrial-plants,plant03,nodiag,22,bae,351,326.000000,222.576000,0.781,ok,0.0,
industrial-plants,plant03,nodiag,22,nbs,694808,326.000000,222.576000,1094.112,ok,0.0,
industrial-plants,plant03,nodiag,22,gbfs,352,326.000000,222.576000,0.823,subopt,0.0,
industrial-plants,plant03,nodiag,23,astar,367,366.000000,263.487000,0.717,ok,0.0,
industrial-plants,plant03,nodiag,23,rastar,367,366.000000,263.487000,0.676,ok,0.0,
industrial-plants,plant03,nodiag,23,mm,21122,366.000000,263.487000,38.846,ok,0.0,
industrial-plants,plant03,nodiag,23,bia,366,366.000000,263.487000,0.763,ok,0.0,
industrial-plants,plant03,nodiag,23,bae,366,366.000000,263.487000,0.783,ok,0.0,
industrial-plants,plant03,nodiag,23,nbs,71941,366.000000,263.487000,113.608,ok,0.0,
industrial-plants,plant03,nodiag,23,gbfs,366,366.000000,263.487000,0.816,subopt,0.0,
industrial-plants,plant03,nodiag,24,astar,413,412.000000,319.253000,0.707,ok,0.0,
industrial-plants,plant03,nodiag,24,rastar,413,412.000000,319.253000,0.657,ok,0.0,
industrial-plants,plant03,nodiag,24,mm,108113,412.000000,319.253000,177.889,ok,0.0,
industrial-plants,plant03,nodiag,24,bia,412,412.000000,319.253000,0.774,ok,0.0,
industrial-plants,plant03,nodiag,24,bae,412,412.000000,319.253000,0.774,ok,0.0,
industrial-plants,plant03,nodiag,24,nbs,84062,412.000000,319.253000,123.184,ok,0.0,
industrial-plants,plant03,nodiag,24,gbfs,412,412.000000,319.253000,0.799,subopt,0.0,
industrial-plants,plant03,nodiag,25,astar,262,261.000000,196.520000,0.595,ok,0.0,
industrial-plants,plant03,nodiag,25,rastar,390,261.000000,196.520000,0.726,ok,0.0,
industrial-plants,plant03,nodiag,25,mm,261,261.000000,196.520000,0.819,ok,0.0,
industrial-plants,plant03,nodiag,25,bia,261,261.000000,196.520000,0.584,ok,0.0,
industrial-plants,plant03,nodiag,25,bae,261,261.000000,196.520000,0.632,ok,0.0,
industrial-plants,plant03,nodiag,25,nbs,296587,261.000000,196.520000,471.502,ok,0.0,
industrial-plants,plant03,nodiag,25,gbfs,262,261.000000,196.520000,0.785,subopt,0.0,
industrial-plants,plant03,nodiag,26,astar,48575,251.000000,211.204000,56.420,ok,48270.0,1.006318624404392
industrial-plants,plant03,nodiag,26,rastar,174720,251.000000,211.204000,257.968,ok,48270.0,3.61963952765693
industrial-plants,plant03,nodiag,26,mm,198316,251.000000,211.204000,331.460,ok,48270.0,4.108473171742283
industrial-plants,plant03,nodiag,26,bia,96901,251.000000,211.204000,160.442,ok,48270.0,2.0074787652786408
industrial-plants,plant03,nodiag,26,bae,226869,251.000000,211.204000,395.987,ok,48270.0,4.7
industrial-plants,plant03,nodiag,26,nbs,179060,251.000000,211.204000,266.484,ok,48270.0,3.7095504454112285
industrial-plants,plant03,nodiag,26,gbfs,7612,259.000000,211.204000,8.493,subopt,48270.0,0.15769629169256266
industrial-plants,plant03,nodiag,27,astar,492,491.000000,337.629000,1.001,ok,0.0,
industrial-plants,plant03,nodiag,27,rastar,492,491.000000,337.629000,1.016,ok,0.0,
industrial-plants,plant03,nodiag,27,mm,491,491.000000,337.629000,1.500,ok,0.0,
industrial-plants,plant03,nodiag,27,bia,491,491.000000,337.629000,1.079,ok,0.0,
industrial-plants,plant03,nodiag,27,bae,491,491.000000,337.629000,1.139,ok,0.0,
industrial-plants,plant03,nodiag,27,nbs,2989663,491.000000,337.629000,5887.646,ok,0.0,
industrial-plants,plant03,nodiag,27,gbfs,492,491.000000,337.629000,1.091,subopt,0.0,
industrial-plants,plant03,nodiag,28,astar,18955,250.000000,196.751000,22.460,ok,15852.0,1.195748170577845
industrial-plants,plant03,nodiag,28,rastar,45033,250.000000,196.751000,54.421,ok,15852.0,2.8408402725208175
industrial-plants,plant03,nodiag,28,mm,60761,250.000000,196.751000,105.576,ok,15852.0,3.8330179157204136
industrial-plants,plant03,nodiag,28,bia,37755,250.000000,196.751000,55.478,ok,15852.0,2.3817183951551857
industrial-plants,plant03,nodiag,28,bae,39120,250.000000,196.751000,64.665,ok,15852.0,2.4678274034822105
industrial-plants,plant03,nodiag,28,nbs,67659,250.000000,196.751000,91.382,ok,15852.0,4.268168054504163
industrial-plants,plant03,nodiag,28,gbfs,496,266.000000,196.751000,0.939,subopt,15852.0,0.03128942720161494
industrial-plants,plant03,nodiag,29,astar,502,501.000000,360.808000,0.991,ok,0.0,
industrial-plants,plant03,nodiag,29,rastar,502,501.000000,360.808000,0.993,ok,0.0,
industrial-plants,plant03,nodiag,29,mm,501,501.000000,360.808000,1.431,ok,0.0,
industrial-plants,plant03,nodiag,29,bia,501,501.000000,360.808000,0.999,ok,0.0,
industrial-plants,plant03,nodiag,29,bae,501,501.000000,360.808000,1.068,ok,0.0,
industrial-plants,plant03,nodiag,29,nbs,643127,501.000000,360.808000,1175.441,ok,0.0,
industrial-plants,plant03,nodiag,29,gbfs,502,501.000000,360.808000,1.089,subopt,0.0,
industrial-plants,plant03,nodiag,30,astar,211,210.000000,180.711000,0.447,ok,0.0,
industrial-plants,plant03,nodiag,30,rastar,211,210.000000,180.711000,0.428,ok,0.0,
industrial-plants,plant03,nodiag,30,mm,4185,210.000000,180.711000,7.852,ok,0.0,
industrial-plants,plant03,nodiag,30,bia,210,210.000000,180.711000,0.443,ok,0.0,
industrial-plants,plant03,nodiag,30,bae,210,210.000000,180.711000,0.467,ok,0.0,
industrial-plants,plant03,nodiag,30,nbs,14941,210.000000,180.711000,22.572,ok,0.0,
industrial-plants,plant03,nodiag,30,gbfs,210,210.000000,180.711000,0.463,subopt,0.0,
industrial-plants,plant03,nodiag,31,astar,25217,508.000000,344.233000,37.232,ok,0.0,
industrial-plants,plant03,nodiag,31,rastar,509,508.000000,344.233000,1.067,ok,0.0,
industrial-plants,plant03,nodiag,31,mm,356977,508.000000,344.233000,616.641,ok,0.0,
industrial-plants,plant03,nodiag,31,bia,562,508.000000,344.233000,1.231,ok,0.0,
industrial-plants,plant03,nodiag,31,bae,562,508.000000,344.233000,1.316,ok,0.0,
industrial-plants,plant03,nodiag,31,nbs,1330253,508.000000,344.233000,2528.121,ok,0.0,
industrial-plants,plant03,nodiag,31,gbfs,562,508.000000,344.233000,1.234,subopt,0.0,
industrial-plants,plant03,nodiag,32,astar,357,356.000000,260.910000,0.636,ok,0.0,
industrial-plants,plant03,nodiag,32,rastar,357,356.000000,260.910000,0.606,ok,0.0,
industrial-plants,plant03,nodiag,32,mm,20192,356.000000,260.910000,33.762,ok,0.0,
industrial-plants,plant03,nodiag,32,bia,356,356.000000,260.910000,0.632,ok,0.0,
industrial-plants,plant03,nodiag,32,bae,356,356.000000,260.910000,0.674,ok,0.0,
industrial-plants,plant03,nodiag,32,nbs,68005,356.000000,260.910000,97.900,ok,0.0,
industrial-plants,plant03,nodiag,32,gbfs,356,356.000000,260.910000,0.669,subopt,0.0,
industrial-plants,plant03,nodiag,33,astar,200658,419.000000,323.851000,199.800,ok,90836.0,2.2090140472940245
industrial-plants,plant03,nodiag,33,rastar,90921,419.000000,323.851000,107.186,ok,90836.0,1.0009357523448852
industrial-plants,plant03,nodiag,33,mm,264225,419.000000,323.851000,407.009,ok,90836.0,2.908813686203708
industrial-plants,plant03,nodiag,33,bia,181838,419.000000,323.851000,266.502,ok,90836.0,2.0018274692853053
industrial-plants,plant03,nodiag,33,bae,319022,419.000000,323.851000,496.907,ok,90836.0,3.512065700823462
industrial-plants,plant03,nodiag,33,nbs,189223,419.000000,323.851000,278.136,ok,90836.0,2.0831278347791624
industrial-plants,plant03,nodiag,33,gbfs,458,419.000000,323.851000,0.889,subopt,90836.0,0.005042053811264257
industrial-plants,plant03,nodiag,34,astar,197,196.000000,164.575000,0.408,ok,0.0,
industrial-plants,plant03,nodiag,34,rastar,1959,196.000000,164.575000,2.923,ok,0.0,
industrial-plants,plant03,nodiag,34,mm,11999,196.000000,164.575000,18.258,ok,0.0,
industrial-plants,plant03,nodiag,34,bia,305,196.000000,164.575000,0.651,ok,0.0,
industrial-plants,plant03,nodiag,34,bae,305,196.000000,164.575000,0.667,ok,0.0,
industrial-plants,plant03,nodiag,34,nbs,34081,196.000000,164.575000,43.562,ok,0.0,
industrial-plants,plant03,nodiag,34,gbfs,306,196.000000,164.575000,0.667,subopt,0.0,
industrial-plants,plant03,nodiag,35,astar,487,486.000000,397.353000,0.924,ok,0.0,
industrial-plants,plant03,nodiag,35,rastar,598,486.000000,397.353000,1.088,ok,0.0,
industrial-plants,plant03,nodiag,35,mm,38512,486.000000,397.353000,69.592,ok,0.0,
industrial-plants,plant03,nodiag,35,bia,551,486.000000,397.353000,1.088,ok,0.0,
industrial-plants,plant03,nodiag,35,bae,551,486.000000,397.353000,1.140,ok,0.0,
industrial-plants,plant03,nodiag,35,nbs,101773,486.000000,397.353000,167.605,ok,0.0,
industrial-plants,plant03,nodiag,35,gbfs,508,490.000000,397.353000,1.129,subopt,0.0,
industrial-plants,plant03,nodiag,36,astar,495,494.000000,336.780000,1.039,ok,0.0,
industrial-plants,plant03,nodiag,36,rastar,495,494.000000,336.780000,1.006,ok,0.0,
industrial-plants,plant03,nodiag,36,mm,678078,494.000000,336.780000,1184.578,ok,0.0,
industrial-plants,plant03,nodiag,36,bia,494,494.000000,336.780000,1.118,ok,0.0,
industrial-plants,plant03,nodiag,36,bae,494,494.000000,336.780000,1.124,ok,0.0,
industrial-plants,plant03,nodiag,36,nbs,1183589,494.000000,336.780000,1897.956,ok,0.0,
industrial-plants,plant03,nodiag,36,gbfs,494,494.000000,336.780000,1.116,subopt,0.0,
industrial-plants,plant03,nodiag,37,astar,389,388.000000,261.583000,0.731,ok,0.0,
industrial-plants,plant03,nodiag,37,rastar,389,388.000000,261.583000,0.728,ok,0.0,
industrial-plants,plant03,nodiag,37,mm,691506,388.000000,261.583000,1213.197,ok,0.0,
industrial-plants,plant03,nodiag,37,bia,388,388.000000,261.583000,0.799,ok,0.0,
industrial-plants,plant03,nodiag,37,bae,388,388.000000,261.583000,0.830,ok,0.0,
industrial-plants,plant03,nodiag,37,nbs,1692248,388.000000,261.583000,3337.848,ok,0.0,
industrial-plants,plant03,nodiag,37,gbfs,388,388.000000,261.583000,0.818,subopt,0.0,
industrial-plants,plant03,nodiag,38,astar,121872,520.000000,422.092000,189.447,ok,0.0,
industrial-plants,plant03,nodiag,38,rastar,521,520.000000,422.092000,1.013,ok,0.0,
industrial-plants,plant03,nodiag,38,mm,324409,520.000000,422.092000,667.231,ok,0.0,
industrial-plants,plant03,nodiag,38,bia,1020,520.000000,422.092000,2.027,ok,0.0,
industrial-plants,plant03,nodiag,38,bae,1020,520.000000,422.092000,2.194,ok,0.0,
industrial-plants,plant03,nodiag,38,nbs,594426,520.000000,422.092000,945.373,ok,0.0,
industrial-plants,plant03,nodiag,38,gbfs,1020,520.000000,422.092000,2.175,subopt,0.0,
industrial-plants,plant03,nodiag,39,astar,1719,301.000000,249.354000,1.930,ok,1430.0,1.2020979020979021
industrial-plants,plant03,nodiag,39,rastar,274183,301.000000,249.354000,391.479,ok,1430.0,191.73636363636365
industrial-plants,plant03,nodiag,39,mm,191021,301.000000,249.354000,304.599,ok,1430.0,133.58111888111887
industrial-plants,plant03,nodiag,39,bia,3433,301.000000,249.354000,4.880,ok,1430.0,2.4006993006993005
industrial-plants,plant03,nodiag,39,bae,44965,301.000000,249.354000,75.541,ok,1430.0,31.444055944055943
industrial-plants,plant03,nodiag,39,nbs,50072,301.000000,249.354000,69.972,ok,1430.0,35.01538461538462
industrial-plants,plant03,nodiag,39,gbfs,1198,303.000000,249.354000,1.820,subopt,1430.0,0.8377622377622378
industrial-plants,plant03,nodiag,40,astar,36754,237.000000,210.366000,38.583,ok,35700.0,1.0295238095238095
industrial-plants,plant03,nodiag,40,rastar,269816,237.000000,210.366000,348.217,ok,35700.0,7.557871148459384
industrial-plants,plant03,nodiag,40,mm,286241,237.000000,210.366000,455.364,ok,35700.0,8.017955182072829
industrial-plants,plant03,nodiag,40,bia,73503,237.000000,210.366000,116.631,ok,35700.0,2.05890756302521
industrial-plants,plant03,nodiag,40,bae,266626,237.000000,210.366000,513.402,ok,35700.0,7.468515406162465
industrial-plants,plant03,nodiag,40,nbs,112596,237.000000,210.366000,148.169,ok,35700.0,3.1539495798319326
industrial-plants,plant03,nodiag,40,gbfs,2032,243.000000,210.366000,2.601,subopt,35700.0,0.0569187675070028
industrial-plants,plant03,nodiag,41,astar,514,513.000000,364.629000,1.114,ok,0.0,
industrial-plants,plant03,nodiag,41,rastar,649,513.000000,364.629000,1.265,ok,0.0,
industrial-plants,plant03,nodiag,41,mm,219650,513.000000,364.629000,348.215,ok,0.0,
industrial-plants,plant03,nodiag,41,bia,555,513.000000,364.629000,1.196,ok,0.0,
industrial-plants,plant03,nodiag,41,bae,555,513.000000,364.629000,1.274,ok,0.0,
industrial-plants,plant03,nodiag,41,nbs,1371656,513.000000,364.629000,2622.714,ok,0.0,
industrial-plants,plant03,nodiag,41,gbfs,556,513.000000,364.629000,1.177,subopt,0.0,
industrial-plants,plant03,nodiag,42,astar,480,479.000000,342.443000,0.957,ok,0.0,
industrial-plants,plant03,nodiag,42,rastar,480,479.000000,342.443000,0.887,ok,0.0,
industrial-plants,plant03,nodiag,42,mm,479,479.000000,342.443000,1.307,ok,0.0,
industrial-plants,plant03,nodiag,42,bia,479,479.000000,342.443000,0.933,ok,0.0,
industrial-plants,plant03,nodiag,42,bae,479,479.000000,342.443000,0.980,ok,0.0,
industrial-plants,plant03,nodiag,42,nbs,508256,479.000000,342.443000,747.210,ok,0.0,
industrial-plants,plant03,nodiag,42,gbfs,480,479.000000,342.443000,1.052,subopt,0.0,
industrial-plants,plant03,nodiag,43,astar,142367,330.000000,231.744000,150.320,ok,133624.0,1.0654298628988805
industrial-plants,plant03,nodiag,43,rastar,1284845,330.000000,231.744000,1685.187,ok,133624.0,9.61537598036281
industrial-plants,plant03,nodiag,43,mm,1124400,330.000000,231.744000,1713.435,ok,133624.0,8.414656049811411
industrial-plants,plant03,nodiag,43,bia,284665,330.000000,231.744000,439.253,ok,133624.0,2.1303433514937438
industrial-plants,plant03,nodiag,43,bae,1481482,330.000000,231.744000,2958.051,ok,133624.0,11.0869454588996
industrial-plants,plant03,nodiag,43,nbs,1077294,330.000000,231.744000,1621.547,ok,133624.0,8.062129557564509
industrial-plants,plant03,nodiag,43,gbfs,51130,330.000000,231.744000,55.126,subopt,133624.0,0.3826408429623421
industrial-plants,plant03,nodiag,44,astar,292,291.000000,240.853000,0.558,ok,0.0,
industrial-plants,plant03,nodiag,44,rastar,11525,291.000000,240.853000,10.983,ok,0.0,
industrial-plants,plant03,nodiag,44,mm,291,291.000000,240.853000,0.817,ok,0.0,
industrial-plants,plant03,nodiag,44,bia,291,291.000000,240.853000,0.592,ok,0.0,
industrial-plants,plant03,nodiag,44,bae,291,291.000000,240.853000,0.624,ok,0.0,
industrial-plants,plant03,nodiag,44,nbs,128041,291.000000,240.853000,161.328,ok,0.0,
industrial-plants,plant03,nodiag,44,gbfs,292,291.000000,240.853000,0.631,subopt,0.0,
industrial-plants,plant03,nodiag,45,astar,527,526.000000,373.903000,0.925,ok,0.0,
industrial-plants,plant03,nodiag,45,rastar,2359074,526.000000,373.903000,3446.040,ok,0.0,
industrial-plants,plant03,nodiag,45,mm,1509854,526.000000,373.903000,3065.516,ok,0.0,
industrial-plants,plant03,nodiag,45,bia,1041,526.000000,373.903000,1.952,ok,0.0,
industrial-plants,plant03,nodiag,45,bae,1041,526.000000,373.903000,1.988,ok,0.0,
industrial-plants,plant03,nodiag,45,nbs,285537,526.000000,373.903000,535.572,ok,0.0,
industrial-plants,plant03,nodiag,45,gbfs,1042,526.000000,373.903000,2.102,subopt,0.0,
industrial-plants,plant03,nodiag,46,astar,116851,467.000000,391.590000,140.085,ok,114344.0,1.0219250682152103
industrial-plants,plant03,nodiag,46,rastar,1292675,467.000000,391.590000,1767.315,ok,114344.0,11.305140628279577
industrial-plants,plant03,nodiag,46,mm,1099423,467.000000,391.590000,1715.397,ok,114344.0,9.615047575736375
industrial-plants,plant03,nodiag,46,bia,233151,467.000000,391.590000,342.307,ok,114344.0,2.0390313440145524
industrial-plants,plant03,nodiag,46,bae,1707298,467.000000,391.590000,3336.936,ok,114344.0,14.931242566291191
industrial-plants,plant03,nodiag,46,nbs,1159058,467.000000,391.590000,1631.004,ok,114344.0,10.136587840201496
industrial-plants,plant03,nodiag,46,gbfs,16776,467.000000,391.590000,16.497,subopt,114344.0,0.1467151752606171
industrial-plants,plant03,nodiag,47,astar,428,427.000000,309.459000,0.759,ok,0.0,
industrial-plants,plant03,nodiag,47,rastar,7782,427.000000,309.459000,8.271,ok,0.0,
industrial-plants,plant03,nodiag,47,mm,740926,427.000000,309.459000,1242.310,ok,0.0,
industrial-plants,plant03,nodiag,47,bia,505,427.000000,309.459000,1.113,ok,0.0,
industrial-plants,plant03,nodiag,47,bae,505,427.000000,309.459000,1.022,ok,0.0,
industrial-plants,plant03,nodiag,47,nbs,1823441,427.000000,309.459000,2959.300,ok,0.0,
industrial-plants,plant03,nodiag,47,gbfs,506,427.000000,309.459000,1.080,subopt,0.0,
industrial-plants,plant03,nodiag,48,astar,51726,515.000000,493.437000,54.107,ok,51456.0,1.0052472014925373
industrial-plants,plant03,nodiag,48,rastar,112465,515.000000,493.437000,130.768,ok,51456.0,2.185653762437811
industrial-plants,plant03,nodiag,48,mm,115150,515.000000,493.437000,177.513,ok,51456.0,2.237834266169154
industrial-plants,plant03,nodiag,48,bia,102937,515.000000,493.437000,151.182,ok,51456.0,2.00048585199005
industrial-plants,plant03,nodiag,48,bae,124241,515.000000,493.437000,199.221,ok,51456.0,2.414509483830846
industrial-plants,plant03,nodiag,48,nbs,129335,515.000000,493.437000,198.972,ok,51456.0,2.513506685323383
industrial-plants,plant03,nodiag,48,gbfs,776,527.000000,493.437000,1.458,subopt,51456.0,0.01508084577114428
industrial-plants,plant03,nodiag,49,astar,533,532.000000,433.440000,0.960,ok,0.0,
industrial-plants,plant03,nodiag,49,rastar,1103,532.000000,433.440000,1.694,ok,0.0,
industrial-plants,plant03,nodiag,49,mm,740881,532.000000,433.440000,1302.633,ok,0.0,
industrial-plants,plant03,nodiag,49,bia,767,532.000000,433.440000,1.299,ok,0.0,
industrial-plants,plant03,nodiag,49,bae,767,532.000000,433.440000,1.474,ok,0.0,
industrial-plants,plant03,nodiag,49,nbs,1602068,532.000000,433.440000,2722.578,ok,0.0,
industrial-plants,plant03,nodiag,49,gbfs,768,532.000000,433.440000,1.408,subopt,0.0,
industrial-plants,plant03,nodiag,50,astar,4498,233.000000,180.873000,6.396,ok,0.0,
industrial-plants,plant03,nodiag,50,rastar,2418,233.000000,180.873000,2.818,ok,0.0,
industrial-plants,plant03,nodiag,50,mm,69519,233.000000,180.873000,108.694,ok,0.0,
industrial-plants,plant03,nodiag,50,bia,4832,233.000000,180.873000,7.276,ok,0.0,
industrial-plants,plant03,nodiag,50,bae,4832,233.000000,180.873000,7.981,ok,0.0,
industrial-plants,plant03,nodiag,50,nbs,78142,233.000000,180.873000,107.518,ok,0.0,
industrial-plants,plant03,nodiag,50,gbfs,1216,249.000000,180.873000,1.832,subopt,0.0,
industrial-plants,plant03,nodiag,51,astar,3760,415.000000,282.332000,5.948,ok,0.0,
industrial-plants,plant03,nodiag,51,rastar,416,415.000000,282.332000,0.778,ok,0.0,
industrial-plants,plant03,nodiag,51,mm,1177,415.000000,282.332000,2.746,ok,0.0,
industrial-plants,plant03,nodiag,51,bia,658,415.000000,282.332000,1.342,ok,0.0,
industrial-plants,plant03,nodiag,51,bae,658,415.000000,282.332000,1.419,ok,0.0,
industrial-plants,plant03,nodiag,51,nbs,1035409,415.000000,282.332000,1675.575,ok,0.0,
industrial-plants,plant03,nodiag,51,gbfs,658,415.000000,282.332000,1.339,subopt,0.0,
industrial-plants,plant03,nodiag,52,astar,250742,361.000000,263.515000,288.848,ok,250120.0,1.0024868063329602
industrial-plants,plant03,nodiag,52,rastar,585762,361.000000,263.515000,716.997,ok,250120.0,2.341923876539261
industrial-plants,plant03,nodiag,52,mm,762947,361.000000,263.515000,1223.423,ok,250120.0,3.050323844554614
industrial-plants,plant03,nodiag,52,bia,501447,361.000000,263.515000,917.598,ok,250120.0,2.0048256836718377
industrial-plants,plant03,nodiag,52,bae,895960,361.000000,263.515000,1699.204,ok,250120.0,3.582120582120582
industrial-plants,plant03,nodiag,52,nbs,790722,361.000000,263.515000,1276.455,ok,250120.0,3.161370542139773
industrial-plants,plant03,nodiag,52,gbfs,7242,361.000000,263.515000,7.667,subopt,250120.0,0.02895410203102511
industrial-plants,plant03,nodiag,53,astar,380,379.000000,294.974000,0.690,ok,0.0,
industrial-plants,plant03,nodiag,53,rastar,380,379.000000,294.974000,0.656,ok,0.0,
industrial-plants,plant03,nodiag,53,mm,379,379.000000,294.974000,1.022,ok,0.0,
industrial-plants,plant03,nodiag,53,bia,379,379.000000,294.974000,0.748,ok,0.0,
industrial-plants,plant03,nodiag,53,bae,379,379.000000,294.974000,0.775,ok,0.0,
industrial-plants,plant03,nodiag,53,nbs,553824,379.000000,294.974000,764.349,ok,0.0,
industrial-plants,plant03,nodiag,53,gbfs,380,379.000000,294.974000,0.812,subopt,0.0,
industrial-plants,plant03,nodiag,54,astar,4510,228.000000,210.426000,4.135,ok,4332.0,1.0410895660203139
industrial-plants,plant03,nodiag,54,rastar,5728,228.000000,210.426000,5.555,ok,4332.0,1.322253000923361
industrial-plants,plant03,nodiag,54,mm,19980,228.000000,210.426000,25.359,ok,4332.0,4.61218836565097
industrial-plants,plant03,nodiag,54,bia,9009,228.000000,210.426000,8.857,ok,4332.0,2.079639889196676
industrial-plants,plant03,nodiag,54,bae,9009,228.000000,210.426000,9.640,ok,4332.0,2.079639889196676
industrial-plants,plant03,nodiag,54,nbs,33006,228.000000,210.426000,38.598,ok,4332.0,7.619113573407202
industrial-plants,plant03,nodiag,54,gbfs,566,228.000000,210.426000,1.006,subopt,4332.0,0.1306555863342567
industrial-plants,plant03,nodiag,55,astar,502,501.000000,343.654000,0.883,ok,0.0,
industrial-plants,plant03,nodiag,55,rastar,2037117,501.000000,343.654000,2686.525,ok,0.0,
industrial-plants,plant03,nodiag,55,mm,1346633,501.000000,343.654000,2505.366,ok,0.0,
industrial-plants,plant03,nodiag,55,bia,943,501.000000,343.654000,1.917,ok,0.0,
industrial-plants,plant03,nodiag,55,bae,943,501.000000,343.654000,1.948,ok,0.0,
industrial-plants,plant03,nodiag,55,nbs,997291,501.000000,343.654000,1668.017,ok,0.0,
industrial-plants,plant03,nodiag,55,gbfs,912,523.000000,343.654000,1.802,subopt,0.0,
industrial-plants,plant03,nodiag,56,astar,429,428.000000,355.859000,0.893,ok,0.0,
industrial-plants,plant03,nodiag,56,rastar,429,428.000000,355.859000,0.938,ok,0.0,
industrial-plants,plant03,nodiag,56,mm,100955,428.000000,355.859000,187.797,ok,0.0,
industrial-plants,plant03,nodiag,56,bia,428,428.000000,355.859000,0.970,ok,0.0,
industrial-plants,plant03,nodiag,56,bae,428,428.000000,355.859000,1.032,ok,0.0,
industrial-plants,plant03,nodiag,56,nbs,240932,428.000000,355.859000,351.191,ok,0.0,
industrial-plants,plant03,nodiag,56,gbfs,428,428.000000,355.859000,1.015,subopt,0.0,
industrial-plants,plant03,nodiag,57,astar,522,521.000000,328.315000,1.183,ok,0.0,
industrial-plants,plant03,nodiag,57,rastar,80676,521.000000,328.315000,116.418,ok,0.0,
industrial-plants,plant03,nodiag,57,mm,1307025,521.000000,328.315000,2411.699,ok,0.0,
industrial-plants,plant03,nodiag,57,bia,719,521.000000,328.315000,1.588,ok,0.0,
industrial-plants,plant03,nodiag,57,bae,719,521.000000,328.315000,1.670,ok,0.0,
industrial-plants,plant03,nodiag,57,nbs,3168148,521.000000,328.315000,6751.460,ok,0.0,
industrial-plants,plant03,nodiag,57,gbfs,720,521.000000,328.315000,1.550,subopt,0.0,
industrial-plants,plant03,nodiag,58,astar,5719,192.000000,153.457000,7.190,ok,0.0,
industrial-plants,plant03,nodiag,58,rastar,8337,192.000000,153.457000,8.532,ok,0.0,
industrial-plants,plant03,nodiag,58,mm,38614,192.000000,153.457000,55.752,ok,0.0,
industrial-plants,plant03,nodiag,58,bia,11189,192.000000,153.457000,14.988,ok,0.0,
industrial-plants,plant03,nodiag,58,bae,11189,192.000000,153.457000,16.299,ok,0.0,
industrial-plants,plant03,nodiag,58,nbs,86393,192.000000,153.457000,108.525,ok,0.0,
industrial-plants,plant03,nodiag,58,gbfs,412,196.000000,153.457000,0.856,subopt,0.0,
industrial-plants,plant03,nodiag,59,astar,372,371.000000,286.914000,0.740,ok,0.0,
industrial-plants,plant03,nodiag,59,rastar,5652,371.000000,286.914000,6.121,ok,0.0,
industrial-plants,plant03,nodiag,59,mm,103705,371.000000,286.914000,188.043,ok,0.0,
industrial-plants,plant03,nodiag,59,bia,449,371.000000,286.914000,0.894,ok,0.0,
industrial-plants,plant03,nodiag,59,bae,449,371.000000,286.914000,0.940,ok,0.0,
industrial-plants,plant03,nodiag,59,nbs,249651,371.000000,286.914000,360.819,ok,0.0,
industrial-plants,plant03,nodiag,59,gbfs,450,371.000000,286.914000,0.939,subopt,0.0,
industrial-plants,plant03,nodiag,60,astar,328,327.000000,248.459000,0.692,ok,0.0,
industrial-plants,plant03,nodiag,60,rastar,774,327.000000,248.459000,1.368,ok,0.0,
industrial-plants,plant03,nodiag,60,mm,327,327.000000,248.459000,1.053,ok,0.0,
industrial-plants,plant03,nodiag,60,bia,327,327.000000,248.459000,0.755,ok,0.0,
industrial-plants,plant03,nodiag,60,bae,327,327.000000,248.459000,0.794,ok,0.0,
industrial-plants,plant03,nodiag,60,nbs,190541,327.000000,248.459000,264.599,ok,0.0,
industrial-plants,plant03,nodiag,60,gbfs,328,327.000000,248.459000,0.797,subopt,0.0,
industrial-plants,plant03,nodiag,61,astar,175684,338.000000,245.587000,211.728,ok,170003.0,1.0334170573460468
industrial-plants,plant03,nodiag,61,rastar,1107477,338.000000,245.587000,1556.849,ok,170003.0,6.5144556272536365
industrial-plants,plant03,nodiag,61,mm,1109626,338.000000,245.587000,1757.843,ok,170003.0,6.527096580648577
industrial-plants,plant03,nodiag,61,bia,350985,338.000000,245.587000,593.186,ok,170003.0,2.064581213272707
industrial-plants,plant03,nodiag,61,bae,1132820,338.000000,245.587000,2242.341,ok,170003.0,6.66352946712705
industrial-plants,plant03,nodiag,61,nbs,905424,338.000000,245.587000,1408.158,ok,170003.0,5.32592954241984
industrial-plants,plant03,nodiag,61,gbfs,24290,370.000000,245.587000,25.930,subopt,170003.0,0.14287983153238473
industrial-plants,plant03,nodiag,62,astar,466,465.000000,301.450000,0.782,ok,0.0,
industrial-plants,plant03,nodiag,62,rastar,10456,465.000000,301.450000,14.664,ok,0.0,
industrial-plants,plant03,nodiag,62,mm,123698,465.000000,301.450000,185.220,ok,0.0,
industrial-plants,plant03,nodiag,62,bia,659,465.000000,301.450000,1.203,ok,0.0,
industrial-plants,plant03,nodiag,62,bae,659,465.000000,301.450000,1.305,ok,0.0,
industrial-plants,plant03,nodiag,62,nbs,834126,465.000000,301.450000,1498.112,ok,0.0,
industrial-plants,plant03,nodiag,62,gbfs,660,465.000000,301.450000,1.398,subopt,0.0,
industrial-plants,plant03,nodiag,63,astar,107520,401.000000,283.690000,158.879,ok,0.0,
industrial-plants,plant03,nodiag,63,rastar,402,401.000000,283.690000,0.773,ok,0.0,
industrial-plants,plant03,nodiag,63,mm,90120,401.000000,283.690000,170.536,ok,0.0,
industrial-plants,plant03,nodiag,63,bia,760,401.000000,283.690000,1.463,ok,0.0,
industrial-plants,plant03,nodiag,63,bae,760,401.000000,283.690000,2.017,ok,0.0,
industrial-plants,plant03,nodiag,63,nbs,760922,401.000000,283.690000,1283.285,ok,0.0,
industrial-plants,plant03,nodiag,63,gbfs,760,401.000000,283.690000,1.500,subopt,0.0,
industrial-plants,plant03,nodiag,64,astar,307,306.000000,239.369000,0.659,ok,0.0,
industrial-plants,plant03,nodiag,64,rastar,1333,306.000000,239.369000,2.216,ok,0.0,
industrial-plants,plant03,nodiag,64,mm,120510,306.000000,239.369000,194.492,ok,0.0,
industrial-plants,plant03,nodiag,64,bia,306,306.000000,239.369000,0.709,ok,0.0,
industrial-plants,plant03,nodiag,64,bae,306,306.000000,239.369000,0.758,ok,0.0,
industrial-plants,plant03,nodiag,64,nbs,312957,306.000000,239.369000,472.535,ok,0.0,
industrial-plants,plant03,nodiag,64,gbfs,306,306.000000,239.369000,0.751,subopt,0.0,
industrial-plants,plant03,nodiag,65,astar,611,253.000000,192.294000,1.086,ok,0.0,
industrial-plants,plant03,nodiag,65,rastar,254,253.000000,192.294000,0.590,ok,0.0,
industrial-plants,plant03,nodiag,65,mm,253,253.000000,192.294000,0.823,ok,0.0,
industrial-plants,plant03,nodiag,65,bia,253,253.000000,192.294000,0.629,ok,0.0,
industrial-plants,plant03,nodiag,65,bae,253,253.000000,192.294000,0.658,ok,0.0,
industrial-plants,plant03,nodiag,65,nbs,181650,253.000000,192.294000,255.729,ok,0.0,
industrial-plants,plant03,nodiag,65,gbfs,254,253.000000,192.294000,0.668,subopt,0.0,
industrial-plants,plant03,nodiag,66,astar,445,444.000000,314.277000,0.978,ok,0.0,
industrial-plants,plant03,nodiag,66,rastar,16381,444.000000,314.277000,21.163,ok,0.0,
industrial-plants,plant03,nodiag,66,mm,642990,444.000000,314.277000,1263.265,ok,0.0,
industrial-plants,plant03,nodiag,66,bia,533,444.000000,314.277000,1.227,ok,0.0,
industrial-plants,plant03,nodiag,66,bae,533,444.000000,314.277000,1.287,ok,0.0,
industrial-plants,plant03,nodiag,66,nbs,1420747,444.000000,314.277000,3036.174,ok,0.0,
industrial-plants,plant03,nodiag,66,gbfs,448,448.000000,314.277000,1.056,subopt,0.0,
industrial-plants,plant03,nodiag,67,astar,362,361.000000,257.792000,0.676,ok,0.0,
industrial-plants,plant03,nodiag,67,rastar,122355,361.000000,257.792000,132.266,ok,0.0,
industrial-plants,plant03,nodiag,67,mm,269391,361.000000,257.792000,426.228,ok,0.0,
industrial-plants,plant03,nodiag,67,bia,407,361.000000,257.792000,0.874,ok,0.0,
industrial-plants,plant03,nodiag,67,bae,407,361.000000,257.792000,0.918,ok,0.0,
industrial-plants,plant03,nodiag,67,nbs,753474,361.000000,257.792000,1250.711,ok,0.0,
industrial-plants,plant03,nodiag,67,gbfs,408,361.000000,257.792000,0.889,subopt,0.0,
industrial-plants,plant03,nodiag,68,astar,269,268.000000,196.371000,0.584,ok,0.0,
industrial-plants,plant03,nodiag,68,rastar,107814,268.000000,196.371000,126.485,ok,0.0,
industrial-plants,plant03,nodiag,68,mm,179636,268.000000,196.371000,306.152,ok,0.0,
industrial-plants,plant03,nodiag,68,bia,489,268.000000,196.371000,0.964,ok,0.0,
industrial-plants,plant03,nodiag,68,bae,489,268.000000,196.371000,1.028,ok,0.0,
industrial-plants,plant03,nodiag,68,nbs,226865,268.000000,196.371000,339.547,ok,0.0,
industrial-plants,plant03,nodiag,68,gbfs,490,268.000000,196.371000,1.007,subopt,0.0,
industrial-plants,plant03,nodiag,69,astar,618,617.000000,470.309000,1.182,ok,0.0,
industrial-plants,plant03,nodiag,69,rastar,754,617.000000,470.309000,1.308,ok,0.0,
industrial-plants,plant03,nodiag,69,mm,753,617.000000,470.309000,2.018,ok,0.0,
industrial-plants,plant03,nodiag,69,bia,753,617.000000,470.309000,1.408,ok,0.0,
industrial-plants,plant03,nodiag,69,bae,753,617.000000,470.309000,1.533,ok,0.0,
industrial-plants,plant03,nodiag,69,nbs,2821540,617.000000,470.309000,4957.400,ok,0.0,
industrial-plants,plant03,nodiag,69,gbfs,812,617.000000,470.309000,1.489,subopt,0.0,
industrial-plants,plant03,nodiag,70,astar,490,489.000000,354.996000,0.921,ok,0.0,
industrial-plants,plant03,nodiag,70,rastar,6046,489.000000,354.996000,9.278,ok,0.0,
industrial-plants,plant03,nodiag,70,mm,489,489.000000,354.996000,1.402,ok,0.0,
industrial-plants,plant03,nodiag,70,bia,489,489.000000,354.996000,0.993,ok,0.0,
industrial-plants,plant03,nodiag,70,bae,489,489.000000,354.996000,1.047,ok,0.0,
industrial-plants,plant03,nodiag,70,nbs,511079,489.000000,354.996000,777.504,ok,0.0,
industrial-plants,plant03,nodiag,70,gbfs,490,489.000000,354.996000,1.143,subopt,0.0,
industrial-plants,plant03,nodiag,71,astar,174828,354.000000,279.968000,191.312,ok,174601.0,1.0013001071013339
industrial-plants,plant03,nodiag,71,rastar,568573,354.000000,279.968000,715.997,ok,174601.0,3.2564131935097738
industrial-plants,plant03,nodiag,71,mm,730100,354.000000,279.968000,1163.000,ok,174601.0,4.181533897285812
industrial-plants,plant03,nodiag,71,bia,349359,354.000000,279.968000,570.705,ok,174601.0,2.000899193017222
industrial-plants,plant03,nodiag,71,bae,728816,354.000000,279.968000,1374.822,ok,174601.0,4.17417998751439
industrial-plants,plant03,nodiag,71,nbs,400034,354.000000,279.968000,645.269,ok,174601.0,2.2911323531938534
industrial-plants,plant03,nodiag,71,gbfs,17284,370.000000,279.968000,19.049,subopt,174601.0,0.09899141471125594
industrial-plants,plant03,nodiag,72,astar,356,355.000000,256.595000,0.756,ok,0.0,
industrial-plants,plant03,nodiag,72,rastar,2372,355.000000,256.595000,2.922,ok,0.0,
industrial-plants,plant03,nodiag,72,mm,44022,355.000000,256.595000,82.524,ok,0.0,
industrial-plants,plant03,nodiag,72,bia,359,355.000000,256.595000,0.818,ok,0.0,
industrial-plants,plant03,nodiag,72,bae,359,355.000000,256.595000,0.868,ok,0.0,
industrial-plants,plant03,nodiag,72,nbs,328675,355.000000,256.595000,605.501,ok,0.0,
industrial-plants,plant03,nodiag,72,gbfs,360,355.000000,256.595000,0.851,subopt,0.0,
industrial-plants,plant03,nodiag,73,astar,154687,346.000000,239.154000,182.742,ok,152667.0,1.0132314121584887
industrial-plants,plant03,nodiag,73,rastar,639897,346.000000,239.154000,802.099,ok,152667.0,4.1914559138517165
industrial-plants,plant03,nodiag,73,mm,641949,346.000000,239.154000,1225.820,ok,152667.0,4.204896932539449
industrial-plants,plant03,nodiag,73,bia,309369,346.000000,239.154000,550.197,ok,152667.0,2.0264300732967833
industrial-plants,plant03,nodiag,73,bae,561751,346.000000,239.154000,1109.054,ok,152667.0,3.6795836690312904
industrial-plants,plant03,nodiag,73,nbs,795822,346.000000,239.154000,1118.730,ok,152667.0,5.212796478610309
industrial-plants,plant03,nodiag,73,gbfs,1100,354.000000,239.154000,1.685,subopt,152667.0,0.007205224442741392
industrial-plants,plant03,nodiag,74,astar,3506,250.000000,226.688000,2.955,ok,3285.0,1.067275494672755
industrial-plants,plant03,nodiag,74,rastar,154114,250.000000,226.688000,158.106,ok,3285.0,46.9144596651446
industrial-plants,plant03,nodiag,74,mm,113085,250.000000,226.688000,144.729,ok,3285.0,34.42465753424658
industrial-plants,plant03,nodiag,74,bia,6985,250.000000,226.688000,8.044,ok,3285.0,2.1263318112633183
industrial-plants,plant03,nodiag,74,bae,58039,250.000000,226.688000,73.131,ok,3285.0,17.667884322678844
industrial-plants,plant03,nodiag,74,nbs,74190,250.000000,226.688000,83.389,ok,3285.0,22.58447488584475
industrial-plants,plant03,nodiag,74,gbfs,1238,250.000000,226.688000,1.704,subopt,3285.0,0.37686453576864537
industrial-plants,plant03,nodiag,75,astar,24256,332.000000,262.885000,26.270,ok,20495.0,1.183508172725055
industrial-plants,plant03,nodiag,75,rastar,118349,332.000000,262.885000,138.060,ok,20495.0,5.774530373261771
industrial-plants,plant03,nodiag,75,mm,106813,332.000000,262.885000,162.092,ok,20495.0,5.211661380824592
industrial-plants,plant03,nodiag,75,bia,47995,332.000000,262.885000,62.548,ok,20495.0,2.341790680653818
industrial-plants,plant03,nodiag,75,bae,61835,332.000000,262.885000,86.722,ok,20495.0,3.017077335935594
industrial-plants,plant03,nodiag,75,nbs,158116,332.000000,262.885000,210.737,ok,20495.0,7.714857282263967
industrial-plants,plant03,nodiag,75,gbfs,462,332.000000,262.885000,0.908,subopt,20495.0,0.022542083434984143
industrial-plants,plant03,nodiag,76,astar,416,415.000000,281.207000,0.802,ok,0.0,
industrial-plants,plant03,nodiag,76,rastar,33728,415.000000,281.207000,38.118,ok,0.0,
industrial-plants,plant03,nodiag,76,mm,570173,415.000000,281.207000,900.250,ok,0.0,
industrial-plants,plant03,nodiag,76,bia,491,415.000000,281.207000,1.125,ok,0.0,
industrial-plants,plant03,nodiag,76,bae,491,415.000000,281.207000,1.132,ok,0.0,
industrial-plants,plant03,nodiag,76,nbs,1581053,415.000000,281.207000,2494.349,ok,0.0,
industrial-plants,plant03,nodiag,76,gbfs,492,415.000000,281.207000,1.104,subopt,0.0,
industrial-plants,plant03,nodiag,77,astar,338,337.000000,238.613000,0.560,ok,0.0,
industrial-plants,plant03,nodiag,77,rastar,338,337.000000,238.613000,0.531,ok,0.0,
industrial-plants,plant03,nodiag,77,mm,337,337.000000,238.613000,0.798,ok,0.0,
industrial-plants,plant03,nodiag,77,bia,337,337.000000,238.613000,0.559,ok,0.0,
industrial-plants,plant03,nodiag,77,bae,337,337.000000,238.613000,0.599,ok,0.0,
industrial-plants,plant03,nodiag,77,nbs,225119,337.000000,238.613000,273.759,ok,0.0,
industrial-plants,plant03,nodiag,77,gbfs,338,337.000000,238.613000,0.644,subopt,0.0,
industrial-plants,plant03,nodiag,78,astar,256,255.000000,195.168000,0.521,ok,0.0,
industrial-plants,plant03,nodiag,78,rastar,432,255.000000,195.168000,0.726,ok,0.0,
industrial-plants,plant03,nodiag,78,mm,255,255.000000,195.168000,0.743,ok,0.0,
industrial-plants,plant03,nodiag,78,bia,255,255.000000,195.168000,0.547,ok,0.0,
industrial-plants,plant03,nodiag,78,bae,255,255.000000,195.168000,0.589,ok,0.0,
industrial-plants,plant03,nodiag,78,nbs,197483,255.000000,195.168000,255.410,ok,0.0,
industrial-plants,plant03,nodiag,78,gbfs,256,255.000000,195.168000,0.613,subopt,0.0,
industrial-plants,plant03,nodiag,79,astar,263,262.000000,216.648000,0.504,ok,0.0,
industrial-plants,plant03,nodiag,79,rastar,263,262.000000,216.648000,0.478,ok,0.0,
industrial-plants,plant03,nodiag,79,mm,521,262.000000,216.648000,1.103,ok,0.0,
industrial-plants,plant03,nodiag,79,bia,262,262.000000,216.648000,0.516,ok,0.0,
industrial-plants,plant03,nodiag,79,bae,262,262.000000,216.648000,0.551,ok,0.0,
industrial-plants,plant03,nodiag,79,nbs,1399,262.000000,216.648000,1.976,ok,0.0,
industrial-plants,plant03,nodiag,79,gbfs,262,262.000000,216.648000,0.557,subopt,0.0,
industrial-plants,plant03,nodiag,80,astar,445,444.000000,391.761000,0.960,ok,0.0,
industrial-plants,plant03,nodiag,80,rastar,445,444.000000,391.761000,0.901,ok,0.0,
industrial-plants,plant03,nodiag,80,mm,50147,444.000000,391.761000,87.608,ok,0.0,
industrial-plants,plant03,nodiag,80,bia,444,444.000000,391.761000,1.038,ok,0.0,
industrial-plants,plant03,nodiag,80,bae,444,444.000000,391.761000,1.061,ok,0.0,
industrial-plants,plant03,nodiag,80,nbs,114051,444.000000,391.761000,166.556,ok,0.0,
industrial-plants,plant03,nodiag,80,gbfs,444,444.000000,391.761000,1.074,subopt,0.0,
industrial-plants,plant03,nodiag,81,astar,187400,452.000000,380.201000,201.146,ok,183664.0,1.0203414931614252
industrial-plants,plant03,nodiag,81,rastar,777850,452.000000,380.201000,977.347,ok,183664.0,4.235179458140953
industrial-plants,plant03,nodiag,81,mm,885926,452.000000,380.201000,1404.903,ok,183664.0,4.823623573482011
industrial-plants,plant03,nodiag,81,bia,371121,452.000000,380.201000,538.450,ok,183664.0,2.0206518424949906
industrial-plants,plant03,nodiag,81,bae,1052428,452.000000,380.201000,1940.925,ok,183664.0,5.730181200453001
industrial-plants,plant03,nodiag,81,nbs,761154,452.000000,380.201000,1139.106,ok,183664.0,4.1442743270319715
industrial-plants,plant03,nodiag,81,gbfs,82810,464.000000,380.201000,93.568,subopt,183664.0,0.45087768969422426
industrial-plants,plant03,nodiag,82,astar,10951,313.000000,261.065000,10.756,ok,8015.0,1.366313162819713
industrial-plants,plant03,nodiag,82,rastar,179271,313.000000,261.065000,212.210,ok,8015.0,22.366936993137866
industrial-plants,plant03,nodiag,82,mm,141166,313.000000,261.065000,212.952,ok,8015.0,17.61272613849033
industrial-plants,plant03,nodiag,82,bia,21603,313.000000,261.065000,25.590,ok,8015.0,2.695321272613849
industrial-plants,plant03,nodiag,82,bae,56341,313.000000,261.065000,70.707,ok,8015.0,7.029444791016844
industrial-plants,plant03,nodiag,82,nbs,113534,313.000000,261.065000,139.509,ok,8015.0,14.165190268247036
industrial-plants,plant03,nodiag,82,gbfs,1264,317.000000,261.065000,1.922,subopt,8015.0,0.15770430442919525
industrial-plants,plant03,nodiag,83,astar,303,302.000000,214.956000,0.619,ok,0.0,
industrial-plants,plant03,nodiag,83,rastar,33225,302.000000,214.956000,37.953,ok,0.0,
industrial-plants,plant03,nodiag,83,mm,281959,302.000000,214.956000,442.972,ok,0.0,
industrial-plants,plant03,nodiag,83,bia,419,302.000000,214.956000,0.880,ok,0.0,
industrial-plants,plant03,nodiag,83,bae,419,302.000000,214.956000,0.850,ok,0.0,
industrial-plants,plant03,nodiag,83,nbs,366422,302.000000,214.956000,517.175,ok,0.0,
industrial-plants,plant03,nodiag,83,gbfs,420,302.000000,214.956000,0.939,subopt,0.0,
industrial-plants,plant03,nodiag,84,astar,393,392.000000,266.262000,0.769,ok,0.0,
industrial-plants,plant03,nodiag,84,rastar,749,392.000000,266.262000,1.263,ok,0.0,
industrial-plants,plant03,nodiag,84,mm,292664,392.000000,266.262000,448.130,ok,0.0,
industrial-plants,plant03,nodiag,84,bia,392,392.000000,266.262000,0.838,ok,0.0,
industrial-plants,plant03,nodiag,84,bae,392,392.000000,266.262000,0.854,ok,0.0,
industrial-plants,plant03,nodiag,84,nbs,670297,392.000000,266.262000,964.830,ok,0.0,
industrial-plants,plant03,nodiag,84,gbfs,392,392.000000,266.262000,0.901,subopt,0.0,
industrial-plants,plant03,nodiag,85,astar,315,314.000000,281.404000,0.634,ok,0.0,
industrial-plants,plant03,nodiag,85,rastar,458290,314.000000,281.404000,506.051,ok,0.0,
industrial-plants,plant03,nodiag,85,mm,356652,314.000000,281.404000,582.914,ok,0.0,
industrial-plants,plant03,nodiag,85,bia,625,314.000000,281.404000,1.340,ok,0.0,
industrial-plants,plant03,nodiag,85,bae,625,314.000000,281.404000,1.316,ok,0.0,
industrial-plants,plant03,nodiag,85,nbs,45813,314.000000,281.404000,61.463,ok,0.0,
industrial-plants,plant03,nodiag,85,gbfs,626,314.000000,281.404000,1.350,subopt,0.0,
industrial-plants,plant03,nodiag,86,astar,535,534.000000,344.289000,1.097,ok,0.0,
industrial-plants,plant03,nodiag,86,rastar,535,534.000000,344.289000,1.061,ok,0.0,
industrial-plants,plant03,nodiag,86,mm,1552677,534.000000,344.289000,2486.591,ok,0.0,
industrial-plants,plant03,nodiag,86,bia,534,534.000000,344.289000,1.113,ok,0.0,
industrial-plants,plant03,nodiag,86,bae,534,534.000000,344.289000,1.113,ok,0.0,
industrial-plants,plant03,nodiag,86,nbs,4045789,534.000000,344.289000,7173.074,ok,0.0,
industrial-plants,plant03,nodiag,86,gbfs,534,534.000000,344.289000,1.252,subopt,0.0,
industrial-plants,plant03,nodiag,87,astar,591,590.000000,371.883000,1.137,ok,0.0,
industrial-plants,plant03,nodiag,87,rastar,591,590.000000,371.883000,1.111,ok,0.0,
industrial-plants,plant03,nodiag,87,mm,2868842,590.000000,371.883000,5001.166,ok,0.0,
industrial-plants,plant03,nodiag,87,bia,590,590.000000,371.883000,1.245,ok,0.0,
industrial-plants,plant03,nodiag,87,bae,590,590.000000,371.883000,1.172,ok,0.0,
industrial-plants,plant03,nodiag,87,nbs,5593127,590.000000,371.883000,9907.816,ok,0.0,
industrial-plants,plant03,nodiag,87,gbfs,590,590.000000,371.883000,1.266,subopt,0.0,
industrial-plants,plant03,nodiag,88,astar,5917,399.000000,283.341000,8.401,ok,0.0,
industrial-plants,plant03,nodiag,88,rastar,25600,399.000000,283.341000,23.614,ok,0.0,
industrial-plants,plant03,nodiag,88,mm,2731,399.000000,283.341000,5.198,ok,0.0,
industrial-plants,plant03,nodiag,88,bia,542,399.000000,283.341000,0.992,ok,0.0,
industrial-plants,plant03,nodiag,88,bae,542,399.000000,283.341000,1.051,ok,0.0,
industrial-plants,plant03,nodiag,88,nbs,817913,399.000000,283.341000,1152.169,ok,0.0,
industrial-plants,plant03,nodiag,88,gbfs,542,399.000000,283.341000,1.210,subopt,0.0,
industrial-plants,plant03,nodiag,89,astar,424,423.000000,306.133000,0.784,ok,0.0,
industrial-plants,plant03,nodiag,89,rastar,188304,423.000000,306.133000,198.348,ok,0.0,
industrial-plants,plant03,nodiag,89,mm,619162,423.000000,306.133000,1006.622,ok,0.0,
industrial-plants,plant03,nodiag,89,bia,441,423.000000,306.133000,0.926,ok,0.0,
industrial-plants,plant03,nodiag,89,bae,441,423.000000,306.133000,0.938,ok,0.0,
industrial-plants,plant03,nodiag,89,nbs,1492388,423.000000,306.133000,2313.146,ok,0.0,
industrial-plants,plant03,nodiag,89,gbfs,442,423.000000,306.133000,0.995,subopt,0.0,
industrial-plants,plant03,nodiag,90,astar,396,395.000000,250.728000,0.759,ok,0.0,
industrial-plants,plant03,nodiag,90,rastar,396,395.000000,250.728000,0.767,ok,0.0,
industrial-plants,plant03,nodiag,90,mm,395,395.000000,250.728000,1.150,ok,0.0,
industrial-plants,plant03,nodiag,90,bia,395,395.000000,250.728000,0.804,ok,0.0,
industrial-plants,plant03,nodiag,90,bae,395,395.000000,250.728000,0.859,ok,0.0,
industrial-plants,plant03,nodiag,90,nbs,1784081,395.000000,250.728000,2824.300,ok,0.0,
industrial-plants,plant03,nodiag,90,gbfs,396,395.000000,250.728000,0.846,subopt,0.0,
industrial-plants,plant03,nodiag,91,astar,1393,677.000000,504.026000,2.279,ok,0.0,
industrial-plants,plant03,nodiag,91,rastar,678,677.000000,504.026000,1.128,ok,0.0,
industrial-plants,plant03,nodiag,91,mm,677,677.000000,504.026000,1.745,ok,0.0,
industrial-plants,plant03,nodiag,91,bia,677,677.000000,504.026000,1.195,ok,0.0,
industrial-plants,plant03,nodiag,91,bae,677,677.000000,504.026000,1.283,ok,0.0,
industrial-plants,plant03,nodiag,91,nbs,1671143,677.000000,504.026000,2707.534,ok,0.0,
industrial-plants,plant03,nodiag,91,gbfs,678,677.000000,504.026000,1.346,subopt,0.0,
industrial-plants,plant03,nodiag,92,astar,379,378.000000,299.149000,0.660,ok,0.0,
industrial-plants,plant03,nodiag,92,rastar,984,378.000000,299.149000,1.427,ok,0.0,
industrial-plants,plant03,nodiag,92,mm,185727,378.000000,299.149000,277.985,ok,0.0,
industrial-plants,plant03,nodiag,92,bia,378,378.000000,299.149000,0.813,ok,0.0,
industrial-plants,plant03,nodiag,92,bae,378,378.000000,299.149000,0.806,ok,0.0,
industrial-plants,plant03,nodiag,92,nbs,388576,378.000000,299.149000,536.202,ok,0.0,
industrial-plants,plant03,nodiag,92,gbfs,378,378.000000,299.149000,0.848,subopt,0.0,
industrial-plants,plant03,nodiag,93,astar,534,533.000000,356.132000,1.020,ok,0.0,
industrial-plants,plant03,nodiag,93,rastar,1611572,533.000000,356.132000,2012.044,ok,0.0,
industrial-plants,plant03,nodiag,93,mm,1583844,533.000000,356.132000,2518.847,ok,0.0,
industrial-plants,plant03,nodiag,93,bia,865,533.000000,356.132000,1.588,ok,0.0,
industrial-plants,plant03,nodiag,93,bae,865,533.000000,356.132000,1.606,ok,0.0,
industrial-plants,plant03,nodiag,93,nbs,3252647,533.000000,356.132000,5776.923,ok,0.0,
industrial-plants,plant03,nodiag,93,gbfs,866,533.000000,356.132000,1.681,subopt,0.0,
industrial-plants,plant03,nodiag,94,astar,337,336.000000,259.982000,0.593,ok,0.0,
industrial-plants,plant03,nodiag,94,rastar,4030,336.000000,259.982000,4.779,ok,0.0,
industrial-plants,plant03,nodiag,94,mm,280252,336.000000,259.982000,418.651,ok,0.0,
industrial-plants,plant03,nodiag,94,bia,336,336.000000,259.982000,0.693,ok,0.0,
industrial-plants,plant03,nodiag,94,bae,336,336.000000,259.982000,0.681,ok,0.0,
industrial-plants,plant03,nodiag,94,nbs,491843,336.000000,259.982000,689.744,ok,0.0,
industrial-plants,plant03,nodiag,94,gbfs,336,336.000000,259.982000,0.709,subopt,0.0,
industrial-plants,plant03,nodiag,95,astar,281,280.000000,204.449000,0.545,ok,0.0,
industrial-plants,plant03,nodiag,95,rastar,281,280.000000,204.449000,0.541,ok,0.0,
industrial-plants,plant03,nodiag,95,mm,18424,280.000000,204.449000,29.968,ok,0.0,
industrial-plants,plant03,nodiag,95,bia,280,280.000000,204.449000,0.580,ok,0.0,
industrial-plants,plant03,nodiag,95,bae,280,280.000000,204.449000,0.599,ok,0.0,
industrial-plants,plant03,nodiag,95,nbs,54973,280.000000,204.449000,73.081,ok,0.0,
industrial-plants,plant03,nodiag,95,gbfs,280,280.000000,204.449000,0.632,subopt,0.0,
industrial-plants,plant03,nodiag,96,astar,467,466.000000,327.919000,0.807,ok,0.0,
industrial-plants,plant03,nodiag,96,rastar,467,466.000000,327.919000,0.778,ok,0.0,
industrial-plants,plant03,nodiag,96,mm,363719,466.000000,327.919000,579.750,ok,0.0,
industrial-plants,plant03,nodiag,96,bia,466,466.000000,327.919000,0.938,ok,0.0,
industrial-plants,plant03,nodiag,96,bae,466,466.000000,327.919000,0.929,ok,0.0,
industrial-plants,plant03,nodiag,96,nbs,1606961,466.000000,327.919000,2596.374,ok,0.0,
industrial-plants,plant03,nodiag,96,gbfs,466,466.000000,327.919000,0.939,subopt,0.0,
industrial-plants,plant03,nodiag,97,astar,266,265.000000,188.804000,0.535,ok,0.0,
industrial-plants,plant03,nodiag,97,rastar,266,265.000000,188.804000,0.517,ok,0.0,
industrial-plants,plant03,nodiag,97,mm,265,265.000000,188.804000,0.732,ok,0.0,
industrial-plants,plant03,nodiag,97,bia,265,265.000000,188.804000,0.528,ok,0.0,
industrial-plants,plant03,nodiag,97,bae,265,265.000000,188.804000,0.557,ok,0.0,
industrial-plants,plant03,nodiag,97,nbs,429246,265.000000,188.804000,601.425,ok,0.0,
industrial-plants,plant03,nodiag,97,gbfs,266,265.000000,188.804000,0.641,subopt,0.0,
industrial-plants,plant03,nodiag,98,astar,388,387.000000,273.558000,0.719,ok,0.0,
industrial-plants,plant03,nodiag,98,rastar,388,387.000000,273.558000,0.687,ok,0.0,
industrial-plants,plant03,nodiag,98,mm,387,387.000000,273.558000,1.098,ok,0.0,
industrial-plants,plant03,nodiag,98,bia,387,387.000000,273.558000,0.764,ok,0.0,
industrial-plants,plant03,nodiag,98,bae,387,387.000000,273.558000,0.813,ok,0.0,
industrial-plants,plant03,nodiag,98,nbs,359433,387.000000,273.558000,504.302,ok,0.0,
industrial-plants,plant03,nodiag,98,gbfs,388,387.000000,273.558000,0.863,subopt,0.0,
industrial-plants,plant03,nodiag,99,astar,229,228.000000,180.359000,0.403,ok,0.0,
industrial-plants,plant03,nodiag,99,rastar,229,228.000000,180.359000,0.400,ok,0.0,
industrial-plants,plant03,nodiag,99,mm,12604,228.000000,180.359000,20.835,ok,0.0,
industrial-plants,plant03,nodiag,99,bia,228,228.000000,180.359000,0.413,ok,0.0,
industrial-plants,plant03,nodiag,99,bae,228,228.000000,180.359000,0.440,ok,0.0,
industrial-plants,plant03,nodiag,99,nbs,32091,228.000000,180.359000,43.731,ok,0.0,
industrial-plants,plant03,nodiag,99,gbfs,228,228.000000,180.359000,0.454,subopt,0.0,
industrial-plants,plant03,nodiag,100,astar,720,719.000000,453.976000,1.338,ok,0.0,
industrial-plants,plant03,nodiag,100,rastar,720,719.000000,453.976000,1.254,ok,0.0,
industrial-plants,plant03,nodiag,100,mm,719,719.000000,453.976000,2.010,ok,0.0,
industrial-plants,plant03,nodiag,100,bia,719,719.000000,453.976000,1.419,ok,0.0,
industrial-plants,plant03,nodiag,100,bae,719,719.000000,453.976000,1.471,ok,0.0,
industrial-plants,plant03,nodiag,100,nbs,9720213,719.000000,453.976000,19749.187,ok,0.0,
industrial-plants,plant03,nodiag,100,gbfs,720,719.000000,453.976000,1.456,subopt,0.0,
industrial-plants,plant03,nodiag,101,astar,429,351.000000,288.077000,0.723,ok,0.0,
industrial-plants,plant03,nodiag,101,rastar,11322,351.000000,288.077000,16.692,ok,0.0,
industrial-plants,plant03,nodiag,101,mm,96525,351.000000,288.077000,130.292,ok,0.0,
industrial-plants,plant03,nodiag,101,bia,497,351.000000,288.077000,1.026,ok,0.0,
industrial-plants,plant03,nodiag,101,bae,497,351.000000,288.077000,1.008,ok,0.0,
industrial-plants,plant03,nodiag,101,nbs,473171,351.000000,288.077000,649.645,ok,0.0,
industrial-plants,plant03,nodiag,101,gbfs,498,351.000000,288.077000,1.885,subopt,0.0,
industrial-plants,plant03,nodiag,102,astar,492,491.000000,382.804000,1.418,ok,0.0,
industrial-plants,plant03,nodiag,102,rastar,492,491.000000,382.804000,0.875,ok,0.0,
industrial-plants,plant03,nodiag,102,mm,491,491.000000,382.804000,1.195,ok,0.0,
industrial-plants,plant03,nodiag,102,bia,491,491.000000,382.804000,0.828,ok,0.0,
industrial-plants,plant03,nodiag,102,bae,491,491.000000,382.804000,0.890,ok,0.0,
industrial-plants,plant03,nodiag,102,nbs,32177,491.000000,382.804000,45.635,ok,0.0,
industrial-plants,plant03,nodiag,102,gbfs,492,491.000000,382.804000,0.920,subopt,0.0,
industrial-plants,plant03,nodiag,103,astar,48420,593.000000,440.991000,46.820,ok,48083.0,1.007008714098538
industrial-plants,plant03,nodiag,103,rastar,3550706,593.000000,440.991000,4939.146,ok,48083.0,73.84535074766549
industrial-plants,plant03,nodiag,103,mm,2225420,593.000000,440.991000,3886.674,ok,48083.0,46.282885843229415
industrial-plants,plant03,nodiag,103,bia,96463,593.000000,440.991000,129.035,ok,48083.0,2.006176819250047
industrial-plants,plant03,nodiag,103,bae,173741,593.000000,440.991000,259.407,ok,48083.0,3.6133560717925253
industrial-plants,plant03,nodiag,103,nbs,973374,593.000000,440.991000,1278.629,ok,48083.0,20.243620406380632
industrial-plants,plant03,nodiag,103,gbfs,842,593.000000,440.991000,1.564,subopt,48083.0,0.017511386560738723
industrial-plants,plant03,nodiag,104,astar,319,318.000000,266.140000,0.595,ok,0.0,
industrial-plants,plant03,nodiag,104,rastar,319,318.000000,266.140000,0.594,ok,0.0,
industrial-plants,plant03,nodiag,104,mm,52281,318.000000,266.140000,67.282,ok,0.0,
industrial-plants,plant03,nodiag,104,bia,318,318.000000,266.140000,0.650,ok,0.0,
industrial-plants,plant03,nodiag,104,bae,318,318.000000,266.140000,0.679,ok,0.0,
industrial-plants,plant03,nodiag,104,nbs,236064,318.000000,266.140000,316.610,ok,0.0,
industrial-plants,plant03,nodiag,104,gbfs,318,318.000000,266.140000,0.768,subopt,0.0,
industrial-plants,plant03,nodiag,105,astar,283,282.000000,244.028000,0.586,ok,0.0,
industrial-plants,plant03,nodiag,105,rastar,283,282.000000,244.028000,0.550,ok,0.0,
industrial-plants,plant03,nodiag,105,mm,31418,282.000000,244.028000,48.541,ok,0.0,
industrial-plants,plant03,nodiag,105,bia,282,282.000000,244.028000,0.627,ok,0.0,
industrial-plants,plant03,nodiag,105,bae,282,282.000000,244.028000,0.618,ok,0.0,
industrial-plants,plant03,nodiag,105,nbs,57879,282.000000,244.028000,87.885,ok,0.0,
industrial-plants,plant03,nodiag,105,gbfs,282,282.000000,244.028000,0.780,subopt,0.0,
industrial-plants,plant03,nodiag,106,astar,360,359.000000,276.026000,0.753,ok,0.0,
industrial-plants,plant03,nodiag,106,rastar,867215,359.000000,276.026000,1068.789,ok,0.0,
industrial-plants,plant03,nodiag,106,mm,660678,359.000000,276.026000,1083.393,ok,0.0,
industrial-plants,plant03,nodiag,106,bia,715,359.000000,276.026000,1.306,ok,0.0,
industrial-plants,plant03,nodiag,106,bae,715,359.000000,276.026000,1.296,ok,0.0,
industrial-plants,plant03,nodiag,106,nbs,125301,359.000000,276.026000,177.638,ok,0.0,
industrial-plants,plant03,nodiag,106,gbfs,716,359.000000,276.026000,1.464,subopt,0.0,
industrial-plants,plant03,nodiag,107,astar,478,477.000000,361.781000,0.819,ok,0.0,
industrial-plants,plant03,nodiag,107,rastar,478,477.000000,361.781000,0.766,ok,0.0,
industrial-plants,plant03,nodiag,107,mm,477,477.000000,361.781000,1.225,ok,0.0,
industrial-plants,plant03,nodiag,107,bia,477,477.000000,361.781000,0.847,ok,0.0,
industrial-plants,plant03,nodiag,107,bae,477,477.000000,361.781000,0.902,ok,0.0,
industrial-plants,plant03,nodiag,107,nbs,396222,477.000000,361.781000,582.763,ok,0.0,
industrial-plants,plant03,nodiag,107,gbfs,478,477.000000,361.781000,0.975,subopt,0.0,
industrial-plants,plant03,nodiag,108,astar,68929,306.000000,250.155000,77.042,ok,68798.0,1.0019041251199163
industrial-plants,plant03,nodiag,108,rastar,90188,306.000000,250.155000,95.444,ok,68798.0,1.3109102008779325
industrial-plants,plant03,nodiag,108,mm,151609,306.000000,250.155000,222.338,ok,68798.0,2.203683246606006
industrial-plants,plant03,nodiag,108,bia,137681,306.000000,250.155000,185.149,ok,68798.0,2.001235501032007
industrial-plants,plant03,nodiag,108,bae,164906,306.000000,250.155000,226.846,ok,68798.0,2.3969592139306375
industrial-plants,plant03,nodiag,108,nbs,163527,306.000000,250.155000,221.016,ok,68798.0,2.3769150265996104
industrial-plants,plant03,nodiag,108,gbfs,616,306.000000,250.155000,1.133,subopt,68798.0,0.008953748655484171
industrial-plants,plant03,nodiag,109,astar,739,454.000000,305.278000,1.239,ok,0.0,
industrial-plants,plant03,nodiag,109,rastar,455,454.000000,305.278000,0.799,ok,0.0,
industrial-plants,plant03,nodiag,109,mm,833217,454.000000,305.278000,1391.784,ok,0.0,
industrial-plants,plant03,nodiag,109,bia,454,454.000000,305.278000,0.923,ok,0.0,
industrial-plants,plant03,nodiag,109,bae,454,454.000000,305.278000,0.924,ok,0.0,
industrial-plants,plant03,nodiag,109,nbs,1895158,454.000000,305.278000,2864.870,ok,0.0,
industrial-plants,plant03,nodiag,109,gbfs,454,454.000000,305.278000,0.905,subopt,0.0,
industrial-plants,plant03,nodiag,110,astar,81443,291.000000,239.940000,75.902,ok,77054.0,1.0569600539881123
industrial-plants,plant03,nodiag,110,rastar,95181,291.000000,239.940000,92.215,ok,77054.0,1.2352506034728892
industrial-plants,plant03,nodiag,110,mm,165404,291.000000,239.940000,240.882,ok,77054.0,2.1465984893710903
industrial-plants,plant03,nodiag,110,bia,162537,291.000000,239.940000,206.292,ok,77054.0,2.1093908168297557
industrial-plants,plant03,nodiag,110,bae,169657,291.000000,239.940000,232.108,ok,77054.0,2.2017935473823553
industrial-plants,plant03,nodiag,110,nbs,171294,291.000000,239.940000,217.213,ok,77054.0,2.2230383886624963
industrial-plants,plant03,nodiag,110,gbfs,2902,315.000000,239.940000,3.356,subopt,77054.0,0.03766189944714097
industrial-plants,plant03,nodiag,111,astar,406164,353.000000,262.174000,467.743,ok,405981.0,1.0004507600109365
industrial-plants,plant03,nodiag,111,rastar,833689,353.000000,262.174000,1034.615,ok,405981.0,2.0535172828285067
industrial-plants,plant03,nodiag,111,mm,1167328,353.000000,262.174000,1860.302,ok,405981.0,2.875326677849456
industrial-plants,plant03,nodiag,111,bia,812069,353.000000,262.174000,1380.911,ok,405981.0,2.0002635591320774
industrial-plants,plant03,nodiag,111,bae,1324091,353.000000,262.174000,2349.430,ok,405981.0,3.2614605116988233
industrial-plants,plant03,nodiag,111,nbs,1147200,353.000000,262.174000,1715.783,ok,405981.0,2.825748002985361
industrial-plants,plant03,nodiag,111,gbfs,22750,381.000000,262.174000,23.450,subopt,405981.0,0.05603710518472539
industrial-plants,plant03,nodiag,112,astar,595,594.000000,384.535000,1.117,ok,0.0,
industrial-plants,plant03,nodiag,112,rastar,595,594.000000,384.535000,1.028,ok,0.0,
industrial-plants,plant03,nodiag,112,mm,2421959,594.000000,384.535000,3943.472,ok,0.0,
industrial-plants,plant03,nodiag,112,bia,594,594.000000,384.535000,1.216,ok,0.0,
industrial-plants,plant03,nodiag,112,bae,594,594.000000,384.535000,1.203,ok,0.0,
industrial-plants,plant03,nodiag,112,nbs,5232557,594.000000,384.535000,9702.198,ok,0.0,
industrial-plants,plant03,nodiag,112,gbfs,594,594.000000,384.535000,1.421,subopt,0.0,
industrial-plants,plant03,nodiag,113,astar,6290,474.000000,387.578000,6.046,ok,5948.0,1.0574983187626092
industrial-plants,plant03,nodiag,113,rastar,1688051,474.000000,387.578000,2480.680,ok,5948.0,283.801445864156
industrial-plants,plant03,nodiag,113,mm,1083546,474.000000,387.578000,1571.103,ok,5948.0,182.16980497646267
industrial-plants,plant03,nodiag,113,bia,12575,474.000000,387.578000,16.480,ok,5948.0,2.114156018829859
industrial-plants,plant03,nodiag,113,bae,911788,474.000000,387.578000,1777.909,ok,5948.0,153.2932078009415
industrial-plants,plant03,nodiag,113,nbs,198186,474.000000,387.578000,246.440,ok,5948.0,33.31977135171486
industrial-plants,plant03,nodiag,113,gbfs,4988,496.000000,387.578000,5.667,subopt,5948.0,0.8386012104909213
industrial-plants,plant03,nodiag,114,astar,532,531.000000,410.439000,0.914,ok,0.0,
industrial-plants,plant03,nodiag,114,rastar,532,531.000000,410.439000,0.893,ok,0.0,
industrial-plants,plant03,nodiag,114,mm,531,531.000000,410.439000,1.387,ok,0.0,
industrial-plants,plant03,nodiag,114,bia,531,531.000000,410.439000,0.981,ok,0.0,
industrial-plants,plant03,nodiag,114,bae,531,531.000000,410.439000,1.045,ok,0.0,
industrial-plants,plant03,nodiag,114,nbs,1920544,531.000000,410.439000,3404.967,ok,0.0,
industrial-plants,plant03,nodiag,114,gbfs,532,531.000000,410.439000,1.213,subopt,0.0,
industrial-plants,plant03,nodiag,115,astar,350,349.000000,243.819000,0.675,ok,0.0,
industrial-plants,plant03,nodiag,115,rastar,350,349.000000,243.819000,0.684,ok,0.0,
industrial-plants,plant03,nodiag,115,mm,349,349.000000,243.819000,1.031,ok,0.0,
industrial-plants,plant03,nodiag,115,bia,349,349.000000,243.819000,0.789,ok,0.0,
industrial-plants,plant03,nodiag,115,bae,349,349.000000,243.819000,0.824,ok,0.0,
industrial-plants,plant03,nodiag,115,nbs,814009,349.000000,243.819000,1344.001,ok,0.0,
industrial-plants,plant03,nodiag,115,gbfs,350,349.000000,243.819000,0.811,subopt,0.0,
industrial-plants,plant03,nodiag,116,astar,400,399.000000,282.526000,0.832,ok,0.0,
industrial-plants,plant03,nodiag,116,rastar,400,399.000000,282.526000,0.800,ok,0.0,
industrial-plants,plant03,nodiag,116,mm,399,399.000000,282.526000,1.242,ok,0.0,
industrial-plants,plant03,nodiag,116,bia,399,399.000000,282.526000,0.879,ok,0.0,
industrial-plants,plant03,nodiag,116,bae,399,399.000000,282.526000,0.930,ok,0.0,
industrial-plants,plant03,nodiag,116,nbs,1243021,399.000000,282.526000,2110.061,ok,0.0,
industrial-plants,plant03,nodiag,116,gbfs,400,399.000000,282.526000,0.865,subopt,0.0,
industrial-plants,plant03,nodiag,117,astar,590,450.000000,286.123000,1.072,ok,0.0,
industrial-plants,plant03,nodiag,117,rastar,451,450.000000,286.123000,0.838,ok,0.0,
industrial-plants,plant03,nodiag,117,mm,1382648,450.000000,286.123000,2386.601,ok,0.0,
industrial-plants,plant03,nodiag,117,bia,450,450.000000,286.123000,0.998,ok,0.0,
industrial-plants,plant03,nodiag,117,bae,450,450.000000,286.123000,0.970,ok,0.0,
industrial-plants,plant03,nodiag,117,nbs,2599282,450.000000,286.123000,4796.508,ok,0.0,
industrial-plants,plant03,nodiag,117,gbfs,450,450.000000,286.123000,1.088,subopt,0.0,
industrial-plants,plant03,nodiag,118,astar,167764,346.000000,240.167000,230.503,ok,0.0,
industrial-plants,plant03,nodiag,118,rastar,11999,346.000000,240.167000,13.508,ok,0.0,
industrial-plants,plant03,nodiag,118,mm,331069,346.000000,240.167000,580.963,ok,0.0,
industrial-plants,plant03,nodiag,118,bia,23520,346.000000,240.167000,39.439,ok,0.0,
industrial-plants,plant03,nodiag,118,bae,23520,346.000000,240.167000,42.498,ok,0.0,
industrial-plants,plant03,nodiag,118,nbs,818043,346.000000,240.167000,1413.372,ok,0.0,
industrial-plants,plant03,nodiag,118,gbfs,756,354.000000,240.167000,1.569,subopt,0.0,
industrial-plants,plant03,nodiag,119,astar,269,268.000000,219.981000,0.598,ok,0.0,
industrial-plants,plant03,nodiag,119,rastar,4857,268.000000,219.981000,7.654,ok,0.0,
industrial-plants,plant03,nodiag,119,mm,20310,268.000000,219.981000,33.787,ok,0.0,
industrial-plants,plant03,nodiag,119,bia,427,268.000000,219.981000,0.955,ok,0.0,
industrial-plants,plant03,nodiag,119,bae,427,268.000000,219.981000,1.036,ok,0.0,
industrial-plants,plant03,nodiag,119,nbs,64801,268.000000,219.981000,87.339,ok,0.0,
industrial-plants,plant03,nodiag,119,gbfs,428,268.000000,219.981000,0.966,subopt,0.0,
industrial-plants,plant03,nodiag,120,astar,592873,437.000000,284.309000,734.659,ok,582245.0,1.0182534843579594
industrial-plants,plant03,nodiag,120,rastar,2479133,437.000000,284.309000,3618.192,ok,582245.0,4.257886284983126
industrial-plants,plant03,nodiag,120,mm,2488597,437.000000,284.309000,4416.289,ok,582245.0,4.274140610911214
industrial-plants,plant03,nodiag,120,bia,1185489,437.000000,284.309000,2250.669,ok,582245.0,2.036065573770492
industrial-plants,plant03,nodiag,120,bae,3242719,437.000000,284.309000,6895.725,ok,582245.0,5.569337649958351
industrial-plants,plant03,nodiag,120,nbs,2729628,437.000000,284.309000,4390.841,ok,582245.0,4.688108957569408
industrial-plants,plant03,nodiag,120,gbfs,15286,465.000000,284.309000,16.355,subopt,582245.0,0.02625355305756168
industrial-plants,plant03,nodiag,121,astar,320,319.000000,241.206000,0.636,ok,0.0,
industrial-plants,plant03,nodiag,121,rastar,10529,319.000000,241.206000,15.723,ok,0.0,
industrial-plants,plant03,nodiag,121,mm,131850,319.000000,241.206000,212.984,ok,0.0,
industrial-plants,plant03,nodiag,121,bia,569,319.000000,241.206000,1.146,ok,0.0,
industrial-plants,plant03,nodiag,121,bae,569,319.000000,241.206000,1.295,ok,0.0,
industrial-plants,plant03,nodiag,121,nbs,298047,319.000000,241.206000,401.481,ok,0.0,
industrial-plants,plant03,nodiag,121,gbfs,570,319.000000,241.206000,1.341,subopt,0.0,
industrial-plants,plant03,nodiag,122,astar,814,408.000000,305.563000,1.345,ok,0.0,
industrial-plants,plant03,nodiag,122,rastar,409,408.000000,305.563000,0.737,ok,0.0,
industrial-plants,plant03,nodiag,122,mm,349662,408.000000,305.563000,573.515,ok,0.0,
industrial-plants,plant03,nodiag,122,bia,495,408.000000,305.563000,0.940,ok,0.0,
industrial-plants,plant03,nodiag,122,bae,495,408.000000,305.563000,0.942,ok,0.0,
industrial-plants,plant03,nodiag,122,nbs,944151,408.000000,305.563000,1475.013,ok,0.0,
industrial-plants,plant03,nodiag,122,gbfs,496,408.000000,305.563000,0.995,subopt,0.0,
industrial-plants,plant03,nodiag,123,astar,276,275.000000,211.835000,0.604,ok,0.0,
industrial-plants,plant03,nodiag,123,rastar,13287,275.000000,211.835000,15.976,ok,0.0,
industrial-plants,plant03,nodiag,123,mm,80783,275.000000,211.835000,128.548,ok,0.0,
industrial-plants,plant03,nodiag,123,bia,517,275.000000,211.835000,1.030,ok,0.0,
industrial-plants,plant03,nodiag,123,bae,517,275.000000,211.835000,1.078,ok,0.0,
industrial-plants,plant03,nodiag,123,nbs,97720,275.000000,211.835000,134.885,ok,0.0,
industrial-plants,plant03,nodiag,123,gbfs,518,275.000000,211.835000,1.094,subopt,0.0,
industrial-plants,plant03,nodiag,124,astar,306,305.000000,295.049000,0.667,ok,0.0,
industrial-plants,plant03,nodiag,124,rastar,78127,305.000000,295.049000,90.119,ok,0.0,
industrial-plants,plant03,nodiag,124,mm,63371,305.000000,295.049000,112.002,ok,0.0,
industrial-plants,plant03,nodiag,124,bia,607,305.000000,295.049000,1.277,ok,0.0,
industrial-plants,plant03,nodiag,124,bae,607,305.000000,295.049000,1.415,ok,0.0,
industrial-plants,plant03,nodiag,124,nbs,7479,305.000000,295.049000,9.980,ok,0.0,
industrial-plants,plant03,nodiag,124,gbfs,608,305.000000,295.049000,1.347,subopt,0.0,
industrial-plants,plant03,nodiag,125,astar,476,475.000000,322.416000,1.006,ok,0.0,
industrial-plants,plant03,nodiag,125,rastar,2019032,475.000000,322.416000,2969.392,ok,0.0,
industrial-plants,plant03,nodiag,125,mm,1268608,475.000000,322.416000,2303.673,ok,0.0,
industrial-plants,plant03,nodiag,125,bia,887,475.000000,322.416000,1.667,ok,0.0,
industrial-plants,plant03,nodiag,125,bae,887,475.000000,322.416000,1.752,ok,0.0,
industrial-plants,plant03,nodiag,125,nbs,957951,475.000000,322.416000,1487.963,ok,0.0,
industrial-plants,plant03,nodiag,125,gbfs,888,475.000000,322.416000,1.865,subopt,0.0,
industrial-plants,plant03,nodiag,126,astar,326,325.000000,266.652000,0.601,ok,0.0,
industrial-plants,plant03,nodiag,126,rastar,326,325.000000,266.652000,0.613,ok,0.0,
industrial-plants,plant03,nodiag,126,mm,325,325.000000,266.652000,0.886,ok,0.0,
industrial-plants,plant03,nodiag,126,bia,325,325.000000,266.652000,0.625,ok,0.0,
industrial-plants,plant03,nodiag,126,bae,325,325.000000,266.652000,0.660,ok,0.0,
industrial-plants,plant03,nodiag,126,nbs,356661,325.000000,266.652000,494.573,ok,0.0,
industrial-plants,plant03,nodiag,126,gbfs,326,325.000000,266.652000,0.768,subopt,0.0,
industrial-plants,plant03,nodiag,127,astar,46904,402.000000,340.419000,42.948,ok,46300.0,1.0130453563714903
industrial-plants,plant03,nodiag,127,rastar,786527,402.000000,340.419000,1041.739,ok,46300.0,16.987624190064796
industrial-plants,plant03,nodiag,127,mm,513244,402.000000,340.419000,763.323,ok,46300.0,11.085183585313175
industrial-plants,plant03,nodiag,127,bia,93063,402.000000,340.419000,119.934,ok,46300.0,2.01
industrial-plants,plant03,nodiag,127,bae,730388,402.000000,340.419000,1372.833,ok,46300.0,15.77511879049676
industrial-plants,plant03,nodiag,127,nbs,488468,402.000000,340.419000,647.334,ok,46300.0,10.550064794816414
industrial-plants,plant03,nodiag,127,gbfs,11788,406.000000,340.419000,11.765,subopt,46300.0,0.25460043196544274
industrial-plants,plant03,nodiag,128,astar,427,426.000000,339.534000,0.775,ok,0.0,
industrial-plants,plant03,nodiag,128,rastar,870,426.000000,339.534000,1.294,ok,0.0,
industrial-plants,plant03,nodiag,128,mm,231103,426.000000,339.534000,339.058,ok,0.0,
industrial-plants,plant03,nodiag,128,bia,426,426.000000,339.534000,0.923,ok,0.0,
industrial-plants,plant03,nodiag,128,bae,426,426.000000,339.534000,0.932,ok,0.0,
industrial-plants,plant03,nodiag,128,nbs,483766,426.000000,339.534000,680.113,ok,0.0,
industrial-plants,plant03,nodiag,128,gbfs,426,426.000000,339.534000,0.950,subopt,0.0,
industrial-plants,plant03,nodiag,129,astar,628,627.000000,442.471000,1.134,ok,0.0,
industrial-plants,plant03,nodiag,129,rastar,4233,627.000000,442.471000,6.423,ok,0.0,
industrial-plants,plant03,nodiag,129,mm,1059041,627.000000,442.471000,1763.427,ok,0.0,
industrial-plants,plant03,nodiag,129,bia,1169,627.000000,442.471000,2.093,ok,0.0,
industrial-plants,plant03,nodiag,129,bae,1169,627.000000,442.471000,2.064,ok,0.0,
industrial-plants,plant03,nodiag,129,nbs,3346769,627.000000,442.471000,6420.863,ok,0.0,
industrial-plants,plant03,nodiag,129,gbfs,1170,627.000000,442.471000,2.347,subopt,0.0,
industrial-plants,plant03,nodiag,130,astar,6229,570.000000,412.179000,10.079,ok,0.0,
industrial-plants,plant03,nodiag,130,rastar,571,570.000000,412.179000,1.065,ok,0.0,
industrial-plants,plant03,nodiag,130,mm,1340703,570.000000,412.179000,2558.146,ok,0.0,
industrial-plants,plant03,nodiag,130,bia,570,570.000000,412.179000,1.107,ok,0.0,
industrial-plants,plant03,nodiag,130,bae,570,570.000000,412.179000,1.266,ok,0.0,
industrial-plants,plant03,nodiag,130,nbs,2680837,570.000000,412.179000,5571.447,ok,0.0,
industrial-plants,plant03,nodiag,130,gbfs,570,570.000000,412.179000,1.250,subopt,0.0,
industrial-plants,plant03,nodiag,131,astar,370681,456.000000,365.680000,453.206,ok,50474.0,7.343998890517891
industrial-plants,plant03,nodiag,131,rastar,50636,456.000000,365.680000,57.101,ok,50474.0,1.0032095732456314
industrial-plants,plant03,nodiag,131,mm,404915,456.000000,365.680000,680.035,ok,50474.0,8.022249078733605
industrial-plants,plant03,nodiag,131,bia,101184,456.000000,365.680000,142.907,ok,50474.0,2.004675674604747
industrial-plants,plant03,nodiag,131,bae,145064,456.000000,365.680000,213.438,ok,50474.0,2.8740341561992313
industrial-plants,plant03,nodiag,131,nbs,166808,456.000000,365.680000,224.780,ok,50474.0,3.30483020961287
industrial-plants,plant03,nodiag,131,gbfs,798,470.000000,365.680000,1.456,subopt,50474.0,0.015810120061814002
industrial-plants,plant03,nodiag,132,astar,432,431.000000,292.378000,0.769,ok,0.0,
industrial-plants,plant03,nodiag,132,rastar,432,431.000000,292.378000,0.732,ok,0.0,
industrial-plants,plant03,nodiag,132,mm,4581,431.000000,292.378000,6.859,ok,0.0,
industrial-plants,plant03,nodiag,132,bia,447,431.000000,292.378000,0.836,ok,0.0,
industrial-plants,plant03,nodiag,132,bae,447,431.000000,292.378000,0.883,ok,0.0,
industrial-plants,plant03,nodiag,132,nbs,1605117,431.000000,292.378000,2555.506,ok,0.0,
industrial-plants,plant03,nodiag,132,gbfs,448,431.000000,292.378000,0.854,subopt,0.0,
industrial-plants,plant03,nodiag,133,astar,4368,532.000000,348.896000,6.216,ok,0.0,
industrial-plants,plant03,nodiag,133,rastar,12784,532.000000,348.896000,18.949,ok,0.0,
industrial-plants,plant03,nodiag,133,mm,1212682,532.000000,348.896000,2148.143,ok,0.0,
industrial-plants,plant03,nodiag,133,bia,593,532.000000,348.896000,1.194,ok,0.0,
industrial-plants,plant03,nodiag,133,bae,593,532.000000,348.896000,1.256,ok,0.0,
industrial-plants,plant03,nodiag,133,nbs,3429483,532.000000,348.896000,7442.804,ok,0.0,
industrial-plants,plant03,nodiag,133,gbfs,594,532.000000,348.896000,1.287,subopt,0.0,
industrial-plants,plant03,nodiag,134,astar,477,476.000000,377.902000,0.871,ok,0.0,
industrial-plants,plant03,nodiag,134,rastar,477,476.000000,377.902000,0.917,ok,0.0,
industrial-plants,plant03,nodiag,134,mm,22813,476.000000,377.902000,31.120,ok,0.0,
industrial-plants,plant03,nodiag,134,bia,476,476.000000,377.902000,0.893,ok,0.0,
industrial-plants,plant03,nodiag,134,bae,476,476.000000,377.902000,0.962,ok,0.0,
industrial-plants,plant03,nodiag,134,nbs,311328,476.000000,377.902000,519.642,ok,0.0,
industrial-plants,plant03,nodiag,134,gbfs,476,476.000000,377.902000,1.062,subopt,0.0,
industrial-plants,plant03,nodiag,135,astar,601,600.000000,447.748000,1.264,ok,0.0,
industrial-plants,plant03,nodiag,135,rastar,8162,600.000000,447.748000,13.663,ok,0.0,
industrial-plants,plant03,nodiag,135,mm,679822,600.000000,447.748000,1336.919,ok,0.0,
industrial-plants,plant03,nodiag,135,bia,600,600.000000,447.748000,1.371,ok,0.0,
industrial-plants,plant03,nodiag,135,bae,600,600.000000,447.748000,1.467,ok,0.0,
industrial-plants,plant03,nodiag,135,nbs,1782867,600.000000,447.748000,3670.081,ok,0.0,
industrial-plants,plant03,nodiag,135,gbfs,600,600.000000,447.748000,1.247,subopt,0.0,
industrial-plants,plant03,nodiag,136,astar,781,780.000000,604.816000,1.286,ok,0.0,
industrial-plants,plant03,nodiag,136,rastar,7931,780.000000,604.816000,11.994,ok,0.0,
industrial-plants,plant03,nodiag,136,mm,2166043,780.000000,604.816000,4401.261,ok,0.0,
industrial-plants,plant03,nodiag,136,bia,1111,780.000000,604.816000,2.123,ok,0.0,
industrial-plants,plant03,nodiag,136,bae,1111,780.000000,604.816000,2.117,ok,0.0,
industrial-plants,plant03,nodiag,136,nbs,5499393,780.000000,604.816000,12427.079,ok,0.0,
industrial-plants,plant03,nodiag,136,gbfs,1112,780.000000,604.816000,2.353,subopt,0.0,
industrial-plants,plant03,nodiag,137,astar,420,419.000000,295.882000,0.817,ok,0.0,
industrial-plants,plant03,nodiag,137,rastar,8480,419.000000,295.882000,12.773,ok,0.0,
industrial-plants,plant03,nodiag,137,mm,425599,419.000000,295.882000,696.517,ok,0.0,
industrial-plants,plant03,nodiag,137,bia,547,419.000000,295.882000,1.274,ok,0.0,
industrial-plants,plant03,nodiag,137,bae,547,419.000000,295.882000,1.354,ok,0.0,
industrial-plants,plant03,nodiag,137,nbs,1202037,419.000000,295.882000,2281.277,ok,0.0,
industrial-plants,plant03,nodiag,137,gbfs,548,419.000000,295.882000,1.344,subopt,0.0,
industrial-plants,plant03,nodiag,138,astar,1278,314.000000,266.762000,1.506,ok,0.0,
industrial-plants,plant03,nodiag,138,rastar,315,314.000000,266.762000,0.469,ok,0.0,
industrial-plants,plant03,nodiag,138,mm,3514,314.000000,266.762000,5.377,ok,0.0,
industrial-plants,plant03,nodiag,138,bia,550,314.000000,266.762000,0.812,ok,0.0,
industrial-plants,plant03,nodiag,138,bae,550,314.000000,266.762000,0.860,ok,0.0,
industrial-plants,plant03,nodiag,138,nbs,10467,314.000000,266.762000,11.712,ok,0.0,
industrial-plants,plant03,nodiag,138,gbfs,550,314.000000,266.762000,0.903,subopt,0.0,
industrial-plants,plant03,nodiag,139,astar,463,462.000000,320.916000,0.906,ok,0.0,
industrial-plants,plant03,nodiag,139,rastar,463,462.000000,320.916000,1.005,ok,0.0,
industrial-plants,plant03,nodiag,139,mm,983166,462.000000,320.916000,1828.977,ok,0.0,
industrial-plants,plant03,nodiag,139,bia,462,462.000000,320.916000,1.031,ok,0.0,
industrial-plants,plant03,nodiag,139,bae,462,462.000000,320.916000,1.046,ok,0.0,
industrial-plants,plant03,nodiag,139,nbs,2164634,462.000000,320.916000,4575.818,ok,0.0,
industrial-plants,plant03,nodiag,139,gbfs,462,462.000000,320.916000,1.010,subopt,0.0,
industrial-plants,plant03,nodiag,140,astar,1542,340.000000,255.136000,2.308,ok,0.0,
industrial-plants,plant03,nodiag,140,rastar,404,340.000000,255.136000,0.809,ok,0.0,
industrial-plants,plant03,nodiag,140,mm,283200,340.000000,255.136000,520.296,ok,0.0,
industrial-plants,plant03,nodiag,140,bia,804,340.000000,255.136000,1.520,ok,0.0,
industrial-plants,plant03,nodiag,140,bae,804,340.000000,255.136000,1.646,ok,0.0,
industrial-plants,plant03,nodiag,140,nbs,613856,340.000000,255.136000,1063.768,ok,0.0,
industrial-plants,plant03,nodiag,140,gbfs,698,344.000000,255.136000,1.541,subopt,0.0,
industrial-plants,plant03,nodiag,141,astar,306,305.000000,270.061000,0.669,ok,0.0,
industrial-plants,plant03,nodiag,141,rastar,446822,305.000000,270.061000,525.102,ok,0.0,
industrial-plants,plant03,nodiag,141,mm,356367,305.000000,270.061000,687.156,ok,0.0,
industrial-plants,plant03,nodiag,141,bia,607,305.000000,270.061000,1.304,ok,0.0,
industrial-plants,plant03,nodiag,141,bae,607,305.000000,270.061000,1.360,ok,0.0,
industrial-plants,plant03,nodiag,141,nbs,48715,305.000000,270.061000,69.952,ok,0.0,
industrial-plants,plant03,nodiag,141,gbfs,608,305.000000,270.061000,1.386,subopt,0.0,
industrial-plants,plant03,nodiag,142,astar,674,244.000000,208.497000,1.199,ok,0.0,
industrial-plants,plant03,nodiag,142,rastar,245,244.000000,208.497000,0.572,ok,0.0,
industrial-plants,plant03,nodiag,142,mm,58182,244.000000,208.497000,104.881,ok,0.0,
industrial-plants,plant03,nodiag,142,bia,314,244.000000,208.497000,0.722,ok,0.0,
industrial-plants,plant03,nodiag,142,bae,314,244.000000,208.497000,0.734,ok,0.0,
industrial-plants,plant03,nodiag,142,nbs,137871,244.000000,208.497000,188.923,ok,0.0,
industrial-plants,plant03,nodiag,142,gbfs,320,244.000000,208.497000,0.734,subopt,0.0,
industrial-plants,plant03,nodiag,143,astar,4398,245.000000,205.567000,6.790,ok,0.0,
industrial-plants,plant03,nodiag,143,rastar,246,245.000000,205.567000,0.554,ok,0.0,
industrial-plants,plant03,nodiag,143,mm,3991,245.000000,205.567000,8.924,ok,0.0,
industrial-plants,plant03,nodiag,143,bia,472,245.000000,205.567000,0.960,ok,0.0,
industrial-plants,plant03,nodiag,143,bae,472,245.000000,205.567000,1.017,ok,0.0,
industrial-plants,plant03,nodiag,143,nbs,59332,245.000000,205.567000,83.835,ok,0.0,
industrial-plants,plant03,nodiag,143,gbfs,472,245.000000,205.567000,0.996,subopt,0.0,
industrial-plants,plant03,nodiag,144,astar,370,369.000000,255.409000,0.763,ok,0.0,
industrial-plants,plant03,nodiag,144,rastar,660562,369.000000,255.409000,1093.573,ok,0.0,
industrial-plants,plant03,nodiag,144,mm,624288,369.000000,255.409000,1264.034,ok,0.0,
industrial-plants,plant03,nodiag,144,bia,663,369.000000,255.409000,1.362,ok,0.0,
industrial-plants,plant03,nodiag,144,bae,663,369.000000,255.409000,1.514,ok,0.0,
industrial-plants,plant03,nodiag,144,nbs,859720,369.000000,255.409000,1615.607,ok,0.0,
industrial-plants,plant03,nodiag,144,gbfs,664,369.000000,255.409000,1.389,subopt,0.0,
industrial-plants,plant03,nodiag,145,astar,508169,544.000000,392.897000,759.668,ok,504333.0,1.007606085661656
industrial-plants,plant03,nodiag,145,rastar,3000750,544.000000,392.897000,4703.134,ok,504333.0,5.949937838689913
industrial-plants,plant03,nodiag,145,mm,2431408,544.000000,392.897000,4422.677,ok,504333.0,4.821036894274219
industrial-plants,plant03,nodiag,145,bia,1016333,544.000000,392.897000,1930.228,ok,504333.0,2.015202257238769
industrial-plants,plant03,nodiag,145,bae,3958849,544.000000,392.897000,8440.024,ok,504333.0,7.849672736069224
industrial-plants,plant03,nodiag,145,nbs,2057808,544.000000,392.897000,3772.584,ok,504333.0,4.080256497195306
industrial-plants,plant03,nodiag,145,gbfs,19572,550.000000,392.897000,21.348,subopt,504333.0,0.03880769253647887
industrial-plants,plant03,nodiag,146,astar,13566,439.000000,314.338000,16.546,ok,494.0,27.46153846153846
industrial-plants,plant03,nodiag,146,rastar,2313252,439.000000,314.338000,3338.754,ok,494.0,4682.6963562753035
industrial-plants,plant03,nodiag,146,mm,1352449,439.000000,314.338000,2332.522,ok,494.0,2737.751012145749
industrial-plants,plant03,nodiag,146,bia,27123,439.000000,314.338000,49.287,ok,494.0,54.90485829959514
industrial-plants,plant03,nodiag,146,bae,23695,439.000000,314.338000,39.597,ok,494.0,47.965587044534416
industrial-plants,plant03,nodiag,146,nbs,1247768,439.000000,314.338000,2297.695,ok,494.0,2525.846153846154
industrial-plants,plant03,nodiag,146,gbfs,916,443.000000,314.338000,2.062,subopt,494.0,1.854251012145749
industrial-plants,plant03,nodiag,147,astar,9096,325.000000,242.753000,9.070,ok,0.0,
industrial-plants,plant03,nodiag,147,rastar,326,325.000000,242.753000,0.590,ok,0.0,
industrial-plants,plant03,nodiag,147,mm,710,325.000000,242.753000,1.498,ok,0.0,
industrial-plants,plant03,nodiag,147,bia,482,325.000000,242.753000,0.830,ok,0.0,
industrial-plants,plant03,nodiag,147,bae,482,325.000000,242.753000,0.871,ok,0.0,
industrial-plants,plant03,nodiag,147,nbs,389166,325.000000,242.753000,703.968,ok,0.0,
industrial-plants,plant03,nodiag,147,gbfs,482,325.000000,242.753000,0.994,subopt,0.0,
industrial-plants,plant03,nodiag,148,astar,9594,415.000000,310.867000,9.963,ok,9316.0,1.0298411335337054
industrial-plants,plant03,nodiag,148,rastar,984293,415.000000,310.867000,1563.974,ok,9316.0,105.65618291112065
industrial-plants,plant03,nodiag,148,mm,645924,415.000000,310.867000,1284.064,ok,9316.0,69.33490768570202
industrial-plants,plant03,nodiag,148,bia,18789,415.000000,310.867000,29.592,ok,9316.0,2.016852726492057
industrial-plants,plant03,nodiag,148,bae,37859,415.000000,310.867000,66.199,ok,9316.0,4.063868613138686
industrial-plants,plant03,nodiag,148,nbs,57166,415.000000,310.867000,97.927,ok,9316.0,6.1363246028338345
industrial-plants,plant03,nodiag,148,gbfs,460,415.000000,310.867000,0.950,subopt,9316.0,0.04937741519965651
industrial-plants,plant03,nodiag,149,astar,517,516.000000,397.797000,1.155,ok,0.0,
industrial-plants,plant03,nodiag,149,rastar,517,516.000000,397.797000,1.153,ok,0.0,
industrial-plants,plant03,nodiag,149,mm,110970,516.000000,397.797000,204.556,ok,0.0,
industrial-plants,plant03,nodiag,149,bia,516,516.000000,397.797000,1.223,ok,0.0,
industrial-plants,plant03,nodiag,149,bae,516,516.000000,397.797000,1.300,ok,0.0,
industrial-plants,plant03,nodiag,149,nbs,262047,516.000000,397.797000,475.009,ok,0.0,
industrial-plants,plant03,nodiag,149,gbfs,516,516.000000,397.797000,1.327,subopt,0.0,
industrial-plants,plant03,nodiag,150,astar,5918,400.000000,315.269000,6.331,ok,5612.0,1.0545260156806842
industrial-plants,plant03,nodiag,150,rastar,681807,400.000000,315.269000,1034.164,ok,5612.0,121.49091233071988
industrial-plants,plant03,nodiag,150,mm,427016,400.000000,315.269000,794.232,ok,5612.0,76.08980755523878
industrial-plants,plant03,nodiag,150,bia,11831,400.000000,315.269000,18.967,ok,5612.0,2.10816108339273
industrial-plants,plant03,nodiag,150,bae,34699,400.000000,315.269000,72.888,ok,5612.0,6.183000712758375
industrial-plants,plant03,nodiag,150,nbs,286280,400.000000,315.269000,424.195,ok,5612.0,51.012116892373484
industrial-plants,plant03,nodiag,150,gbfs,816,400.000000,315.269000,1.607,subopt,5612.0,0.14540270848182466
industrial-plants,plant03,nodiag,151,astar,440,439.000000,315.670000,0.950,ok,0.0,
industrial-plants,plant03,nodiag,151,rastar,440,439.000000,315.670000,0.969,ok,0.0,
industrial-plants,plant03,nodiag,151,mm,439,439.000000,315.670000,1.403,ok,0.0,
industrial-plants,plant03,nodiag,151,bia,439,439.000000,315.670000,1.018,ok,0.0,
industrial-plants,plant03,nodiag,151,bae,439,439.000000,315.670000,1.073,ok,0.0,
industrial-plants,plant03,nodiag,151,nbs,1175768,439.000000,315.670000,2528.095,ok,0.0,
industrial-plants,plant03,nodiag,151,gbfs,440,439.000000,315.670000,0.995,subopt,0.0,
industrial-plants,plant03,nodiag,152,astar,162338,335.000000,252.049000,204.967,ok,162187.0,1.0009310240648142
industrial-plants,plant03,nodiag,152,rastar,645246,335.000000,252.049000,1040.598,ok,162187.0,3.978407640563054
industrial-plants,plant03,nodiag,152,mm,665622,335.000000,252.049000,1394.123,ok,162187.0,4.104040397812402
industrial-plants,plant03,nodiag,152,bia,324647,335.000000,252.049000,625.822,ok,162187.0,2.0016832421834057
industrial-plants,plant03,nodiag,152,bae,339149,335.000000,252.049000,684.269,ok,162187.0,2.091098546739258
industrial-plants,plant03,nodiag,152,nbs,402942,335.000000,252.049000,677.930,ok,162187.0,2.4844284683729274
industrial-plants,plant03,nodiag,152,gbfs,648,335.000000,252.049000,1.335,subopt,162187.0,0.003995388039731915
industrial-plants,plant03,nodiag,153,astar,401,400.000000,356.065000,0.777,ok,0.0,
industrial-plants,plant03,nodiag,153,rastar,12012,400.000000,356.065000,19.312,ok,0.0,
industrial-plants,plant03,nodiag,153,mm,42210,400.000000,356.065000,74.700,ok,0.0,
industrial-plants,plant03,nodiag,153,bia,713,400.000000,356.065000,1.371,ok,0.0,
industrial-plants,plant03,nodiag,153,bae,713,400.000000,356.065000,1.516,ok,0.0,
industrial-plants,plant03,nodiag,153,nbs,108321,400.000000,356.065000,145.893,ok,0.0,
industrial-plants,plant03,nodiag,153,gbfs,714,400.000000,356.065000,1.542,subopt,0.0,
industrial-plants,plant03,nodiag,154,astar,422,421.000000,303.147000,1.302,ok,0.0,
industrial-plants,plant03,nodiag,154,rastar,7982,421.000000,303.147000,13.008,ok,0.0,
industrial-plants,plant03,nodiag,154,mm,424993,421.000000,303.147000,804.050,ok,0.0,
industrial-plants,plant03,nodiag,154,bia,483,421.000000,303.147000,1.100,ok,0.0,
industrial-plants,plant03,nodiag,154,bae,483,421.000000,303.147000,1.152,ok,0.0,
industrial-plants,plant03,nodiag,154,nbs,1307937,421.000000,303.147000,2636.926,ok,0.0,
industrial-plants,plant03,nodiag,154,gbfs,484,421.000000,303.147000,1.083,subopt,0.0,
industrial-plants,plant03,nodiag,155,astar,24575,232.000000,219.698000,23.247,ok,22000.0,1.1170454545454545
industrial-plants,plant03,nodiag,155,rastar,23322,232.000000,219.698000,21.089,ok,22000.0,1.0600909090909092
industrial-plants,plant03,nodiag,155,mm,55882,232.000000,219.698000,73.074,ok,22000.0,2.540090909090909
industrial-plants,plant03,nodiag,155,bia,46590,232.000000,219.698000,53.717,ok,22000.0,2.1177272727272727
industrial-plants,plant03,nodiag,155,bae,48639,232.000000,219.698000,59.534,ok,22000.0,2.2108636363636363
industrial-plants,plant03,nodiag,155,nbs,64010,232.000000,219.698000,87.079,ok,22000.0,2.9095454545454547
industrial-plants,plant03,nodiag,155,gbfs,17332,232.000000,219.698000,19.879,subopt,22000.0,0.7878181818181819
industrial-plants,plant03,nodiag,156,astar,585,584.000000,404.802000,1.251,ok,0.0,
industrial-plants,plant03,nodiag,156,rastar,13586,584.000000,404.802000,24.221,ok,0.0,
industrial-plants,plant03,nodiag,156,mm,925045,584.000000,404.802000,1711.069,ok,0.0,
industrial-plants,plant03,nodiag,156,bia,595,584.000000,404.802000,1.233,ok,0.0,
industrial-plants,plant03,nodiag,156,bae,595,584.000000,404.802000,1.290,ok,0.0,
industrial-plants,plant03,nodiag,156,nbs,2372959,584.000000,404.802000,4730.077,ok,0.0,
industrial-plants,plant03,nodiag,156,gbfs,596,584.000000,404.802000,1.273,subopt,0.0,
industrial-plants,plant03,nodiag,157,astar,591,590.000000,432.329000,1.106,ok,0.0,
industrial-plants,plant03,nodiag,157,rastar,8847,590.000000,432.329000,12.694,ok,0.0,
industrial-plants,plant03,nodiag,157,mm,262216,590.000000,432.329000,440.663,ok,0.0,
industrial-plants,plant03,nodiag,157,bia,837,590.000000,432.329000,1.625,ok,0.0,
industrial-plants,plant03,nodiag,157,bae,837,590.000000,432.329000,1.728,ok,0.0,
industrial-plants,plant03,nodiag,157,nbs,1103723,590.000000,432.329000,2423.794,ok,0.0,
industrial-plants,plant03,nodiag,157,gbfs,838,590.000000,432.329000,1.698,subopt,0.0,
industrial-plants,plant03,nodiag,158,astar,421,420.000000,275.439000,0.855,ok,0.0,
industrial-plants,plant03,nodiag,158,rastar,421,420.000000,275.439000,0.893,ok,0.0,
industrial-plants,plant03,nodiag,158,mm,887009,420.000000,275.439000,1673.784,ok,0.0,
industrial-plants,plant03,nodiag,158,bia,420,420.000000,275.439000,0.914,ok,0.0,
industrial-plants,plant03,nodiag,158,bae,420,420.000000,275.439000,1.013,ok,0.0,
industrial-plants,plant03,nodiag,158,nbs,1914915,420.000000,275.439000,3729.048,ok,0.0,
industrial-plants,plant03,nodiag,158,gbfs,420,420.000000,275.439000,0.973,subopt,0.0,
industrial-plants,plant03,nodiag,159,astar,332,331.000000,274.283000,0.657,ok,0.0,
industrial-plants,plant03,nodiag,159,rastar,332,331.000000,274.283000,0.680,ok,0.0,
industrial-plants,plant03,nodiag,159,mm,331,331.000000,274.283000,1.000,ok,0.0,
industrial-plants,plant03,nodiag,159,bia,331,331.000000,274.283000,0.660,ok,0.0,
industrial-plants,plant03,nodiag,159,bae,331,331.000000,274.283000,0.693,ok,0.0,
industrial-plants,plant03,nodiag,159,nbs,127270,331.000000,274.283000,166.797,ok,0.0,
industrial-plants,plant03,nodiag,159,gbfs,332,331.000000,274.283000,0.695,subopt,0.0,
industrial-plants,plant03,nodiag,160,astar,339,338.000000,275.655000,0.718,ok,0.0,
industrial-plants,plant03,nodiag,160,rastar,339,338.000000,275.655000,0.743,ok,0.0,
industrial-plants,plant03,nodiag,160,mm,85491,338.000000,275.655000,127.715,ok,0.0,
industrial-plants,plant03,nodiag,160,bia,338,338.000000,275.655000,0.824,ok,0.0,
industrial-plants,plant03,nodiag,160,bae,338,338.000000,275.655000,0.862,ok,0.0,
industrial-plants,plant03,nodiag,160,nbs,316485,338.000000,275.655000,567.813,ok,0.0,
industrial-plants,plant03,nodiag,160,gbfs,338,338.000000,275.655000,0.862,subopt,0.0,
industrial-plants,plant03,nodiag,161,astar,523,522.000000,400.620000,0.904,ok,0.0,
industrial-plants,plant03,nodiag,161,rastar,12890,522.000000,400.620000,26.044,ok,0.0,
industrial-plants,plant03,nodiag,161,mm,298245,522.000000,400.620000,626.877,ok,0.0,
industrial-plants,plant03,nodiag,161,bia,1041,522.000000,400.620000,2.523,ok,0.0,
industrial-plants,plant03,nodiag,161,bae,1041,522.000000,400.620000,2.674,ok,0.0,
industrial-plants,plant03,nodiag,161,nbs,1027439,522.000000,400.620000,1983.945,ok,0.0,
industrial-plants,plant03,nodiag,161,gbfs,1042,522.000000,400.620000,1.909,subopt,0.0,
industrial-plants,plant03,nodiag,162,astar,316416,369.000000,295.721000,430.130,ok,298784.0,1.0590125307914748
industrial-plants,plant03,nodiag,162,rastar,313610,369.000000,295.721000,440.965,ok,298784.0,1.0496211309842562
industrial-plants,plant03,nodiag,162,mm,490232,369.000000,295.721000,904.875,ok,298784.0,1.6407572025275785
industrial-plants,plant03,nodiag,162,bia,545536,369.000000,295.721000,1139.572,ok,298784.0,1.8258541287351397
industrial-plants,plant03,nodiag,162,bae,579039,369.000000,295.721000,1187.406,ok,298784.0,1.937985300417693
industrial-plants,plant03,nodiag,162,nbs,493488,369.000000,295.721000,807.428,ok,298784.0,1.6516547070793617
industrial-plants,plant03,nodiag,162,gbfs,766,379.000000,295.721000,1.591,subopt,298784.0,0.002563724965192246
industrial-plants,plant03,nodiag,163,astar,479,478.000000,335.669000,1.009,ok,0.0,
industrial-plants,plant03,nodiag,163,rastar,9247,478.000000,335.669000,15.493,ok,0.0,
industrial-plants,plant03,nodiag,163,mm,64677,478.000000,335.669000,119.109,ok,0.0,
industrial-plants,plant03,nodiag,163,bia,525,478.000000,335.669000,1.185,ok,0.0,
industrial-plants,plant03,nodiag,163,bae,525,478.000000,335.669000,1.248,ok,0.0,
industrial-plants,plant03,nodiag,163,nbs,241397,478.000000,335.669000,430.512,ok,0.0,
industrial-plants,plant03,nodiag,163,gbfs,526,478.000000,335.669000,1.216,subopt,0.0,
industrial-plants,plant03,nodiag,164,astar,419,418.000000,302.422000,0.762,ok,0.0,
industrial-plants,plant03,nodiag,164,rastar,419,418.000000,302.422000,0.796,ok,0.0,
industrial-plants,plant03,nodiag,164,mm,144679,418.000000,302.422000,235.388,ok,0.0,
industrial-plants,plant03,nodiag,164,bia,418,418.000000,302.422000,0.881,ok,0.0,
industrial-plants,plant03,nodiag,164,bae,418,418.000000,302.422000,0.895,ok,0.0,
industrial-plants,plant03,nodiag,164,nbs,533448,418.000000,302.422000,909.242,ok,0.0,
industrial-plants,plant03,nodiag,164,gbfs,418,418.000000,302.422000,0.887,subopt,0.0,
industrial-plants,plant03,nodiag,165,astar,480611,415.000000,306.231000,693.382,ok,0.0,
industrial-plants,plant03,nodiag,165,rastar,416,415.000000,306.231000,0.801,ok,0.0,
industrial-plants,plant03,nodiag,165,mm,305614,415.000000,306.231000,544.945,ok,0.0,
industrial-plants,plant03,nodiag,165,bia,744,415.000000,306.231000,1.479,ok,0.0,
industrial-plants,plant03,nodiag,165,bae,744,415.000000,306.231000,1.569,ok,0.0,
industrial-plants,plant03,nodiag,165,nbs,322476,415.000000,306.231000,542.580,ok,0.0,
industrial-plants,plant03,nodiag,165,gbfs,744,415.000000,306.231000,1.570,subopt,0.0,
industrial-plants,plant03,nodiag,166,astar,476,475.000000,346.544000,0.992,ok,0.0,
industrial-plants,plant03,nodiag,166,rastar,476,475.000000,346.544000,0.991,ok,0.0,
industrial-plants,plant03,nodiag,166,mm,475,475.000000,346.544000,1.467,ok,0.0,
industrial-plants,plant03,nodiag,166,bia,475,475.000000,346.544000,1.051,ok,0.0,
industrial-plants,plant03,nodiag,166,bae,475,475.000000,346.544000,1.133,ok,0.0,
industrial-plants,plant03,nodiag,166,nbs,1599711,475.000000,346.544000,3545.191,ok,0.0,
industrial-plants,plant03,nodiag,166,gbfs,476,475.000000,346.544000,1.014,subopt,0.0,
industrial-plants,plant03,nodiag,167,astar,432,431.000000,320.670000,0.885,ok,0.0,
industrial-plants,plant03,nodiag,167,rastar,4694,431.000000,320.670000,6.633,ok,0.0,
industrial-plants,plant03,nodiag,167,mm,225855,431.000000,320.670000,374.369,ok,0.0,
industrial-plants,plant03,nodiag,167,bia,457,431.000000,320.670000,1.080,ok,0.0,
industrial-plants,plant03,nodiag,167,bae,457,431.000000,320.670000,1.118,ok,0.0,
industrial-plants,plant03,nodiag,167,nbs,847458,431.000000,320.670000,1714.938,ok,0.0,
industrial-plants,plant03,nodiag,167,gbfs,458,431.000000,320.670000,1.056,subopt,0.0,
industrial-plants,plant03,nodiag,168,astar,457,456.000000,320.598000,0.895,ok,0.0,
industrial-plants,plant03,nodiag,168,rastar,457,456.000000,320.598000,0.924,ok,0.0,
industrial-plants,plant03,nodiag,168,mm,139578,456.000000,320.598000,236.946,ok,0.0,
industrial-plants,plant03,nodiag,168,bia,456,456.000000,320.598000,1.019,ok,0.0,
industrial-plants,plant03,nodiag,168,bae,456,456.000000,320.598000,0.994,ok,0.0,
industrial-plants,plant03,nodiag,168,nbs,451849,456.000000,320.598000,792.325,ok,0.0,
industrial-plants,plant03,nodiag,168,gbfs,456,456.000000,320.598000,1.006,subopt,0.0,
industrial-plants,plant03,nodiag,169,astar,497,496.000000,358.051000,1.055,ok,0.0,
industrial-plants,plant03,nodiag,169,rastar,497,496.000000,358.051000,1.052,ok,0.0,
industrial-plants,plant03,nodiag,169,mm,109088,496.000000,358.051000,186.527,ok,0.0,
industrial-plants,plant03,nodiag,169,bia,496,496.000000,358.051000,1.186,ok,0.0,
industrial-plants,plant03,nodiag,169,bae,496,496.000000,358.051000,1.228,ok,0.0,
industrial-plants,plant03,nodiag,169,nbs,290794,496.000000,358.051000,509.612,ok,0.0,
industrial-plants,plant03,nodiag,169,gbfs,496,496.000000,358.051000,1.215,subopt,0.0,
industrial-plants,plant03,nodiag,170,astar,1247,314.000000,215.463000,2.046,ok,0.0,
industrial-plants,plant03,nodiag,170,rastar,315,314.000000,215.463000,0.638,ok,0.0,
industrial-plants,plant03,nodiag,170,mm,377961,314.000000,215.463000,729.185,ok,0.0,
industrial-plants,plant03,nodiag,170,bia,314,314.000000,215.463000,0.700,ok,0.0,
industrial-plants,plant03,nodiag,170,bae,314,314.000000,215.463000,0.714,ok,0.0,
industrial-plants,plant03,nodiag,170,nbs,875757,314.000000,215.463000,1713.261,ok,0.0,
industrial-plants,plant03,nodiag,170,gbfs,314,314.000000,215.463000,0.743,subopt,0.0,
industrial-plants,plant03,nodiag,171,astar,277,276.000000,226.601000,0.605,ok,0.0,
industrial-plants,plant03,nodiag,171,rastar,277,276.000000,226.601000,0.616,ok,0.0,
industrial-plants,plant03,nodiag,171,mm,13293,276.000000,226.601000,22.622,ok,0.0,
industrial-plants,plant03,nodiag,171,bia,276,276.000000,226.601000,0.614,ok,0.0,
industrial-plants,plant03,nodiag,171,bae,276,276.000000,226.601000,0.611,ok,0.0,
industrial-plants,plant03,nodiag,171,nbs,43501,276.000000,226.601000,61.681,ok,0.0,
industrial-plants,plant03,nodiag,171,gbfs,276,276.000000,226.601000,0.656,subopt,0.0,
industrial-plants,plant03,nodiag,172,astar,495,494.000000,329.791000,1.089,ok,0.0,
industrial-plants,plant03,nodiag,172,rastar,10634,494.000000,329.791000,17.331,ok,0.0,
industrial-plants,plant03,nodiag,172,mm,645182,494.000000,329.791000,1175.598,ok,0.0,
industrial-plants,plant03,nodiag,172,bia,563,494.000000,329.791000,1.325,ok,0.0,
industrial-plants,plant03,nodiag,172,bae,563,494.000000,329.791000,1.382,ok,0.0,
industrial-plants,plant03,nodiag,172,nbs,2268075,494.000000,329.791000,4786.940,ok,0.0,
industrial-plants,plant03,nodiag,172,gbfs,564,494.000000,329.791000,1.366,subopt,0.0,
industrial-plants,plant03,nodiag,173,astar,637,636.000000,433.779000,1.178,ok,0.0,
industrial-plants,plant03,nodiag,173,rastar,1330,636.000000,433.779000,2.014,ok,0.0,
industrial-plants,plant03,nodiag,173,mm,1083421,636.000000,433.779000,2200.062,ok,0.0,
industrial-plants,plant03,nodiag,173,bia,793,636.000000,433.779000,1.479,ok,0.0,
industrial-plants,plant03,nodiag,173,bae,793,636.000000,433.779000,1.548,ok,0.0,
industrial-plants,plant03,nodiag,173,nbs,3525760,636.000000,433.779000,7604.407,ok,0.0,
industrial-plants,plant03,nodiag,173,gbfs,794,636.000000,433.779000,1.508,subopt,0.0,
industrial-plants,plant03,nodiag,174,astar,545,544.000000,384.311000,1.033,ok,0.0,
industrial-plants,plant03,nodiag,174,rastar,545,544.000000,384.311000,1.077,ok,0.0,
industrial-plants,plant03,nodiag,174,mm,329170,544.000000,384.311000,691.285,ok,0.0,
industrial-plants,plant03,nodiag,174,bia,544,544.000000,384.311000,1.090,ok,0.0,
industrial-plants,plant03,nodiag,174,bae,544,544.000000,384.311000,1.150,ok,0.0,
industrial-plants,plant03,nodiag,174,nbs,1609864,544.000000,384.311000,3438.241,ok,0.0,
industrial-plants,plant03,nodiag,174,gbfs,544,544.000000,384.311000,1.019,subopt,0.0,
industrial-plants,plant03,nodiag,175,astar,4576,393.000000,308.059000,5.194,ok,4410.0,1.0376417233560091
industrial-plants,plant03,nodiag,175,rastar,6620,393.000000,308.059000,8.223,ok,4410.0,1.5011337868480725
industrial-plants,plant03,nodiag,175,mm,13792,393.000000,308.059000,22.216,ok,4410.0,3.127437641723356
industrial-plants,plant03,nodiag,175,bia,9147,393.000000,308.059000,12.958,ok,4410.0,2.0741496598639455
industrial-plants,plant03,nodiag,175,bae,9147,393.000000,308.059000,13.747,ok,4410.0,2.0741496598639455
industrial-plants,plant03,nodiag,175,nbs,21697,393.000000,308.059000,36.356,ok,4410.0,4.919954648526077
industrial-plants,plant03,nodiag,175,gbfs,788,393.000000,308.059000,1.459,subopt,4410.0,0.17868480725623584
industrial-plants,plant03,nodiag,176,astar,397,396.000000,271.101000,0.816,ok,0.0,
industrial-plants,plant03,nodiag,176,rastar,12667,396.000000,271.101000,14.810,ok,0.0,
industrial-plants,plant03,nodiag,176,mm,653581,396.000000,271.101000,1296.754,ok,0.0,
industrial-plants,plant03,nodiag,176,bia,601,396.000000,271.101000,1.232,ok,0.0,
industrial-plants,plant03,nodiag,176,bae,601,396.000000,271.101000,1.326,ok,0.0,
industrial-plants,plant03,nodiag,176,nbs,1534333,396.000000,271.101000,3208.904,ok,0.0,
industrial-plants,plant03,nodiag,176,gbfs,602,396.000000,271.101000,1.304,subopt,0.0,
industrial-plants,plant03,nodiag,177,astar,492,491.000000,401.883000,0.800,ok,0.0,
industrial-plants,plant03,nodiag,177,rastar,617,491.000000,401.883000,1.022,ok,0.0,
industrial-plants,plant03,nodiag,177,mm,491,491.000000,401.883000,1.291,ok,0.0,
industrial-plants,plant03,nodiag,177,bia,491,491.000000,401.883000,0.938,ok,0.0,
industrial-plants,plant03,nodiag,177,bae,491,491.000000,401.883000,0.929,ok,0.0,
industrial-plants,plant03,nodiag,177,nbs,412543,491.000000,401.883000,651.272,ok,0.0,
industrial-plants,plant03,nodiag,177,gbfs,492,491.000000,401.883000,0.990,subopt,0.0,
industrial-plants,plant03,nodiag,178,astar,383,382.000000,289.676000,0.794,ok,0.0,
industrial-plants,plant03,nodiag,178,rastar,9233,382.000000,289.676000,15.120,ok,0.0,
industrial-plants,plant03,nodiag,178,mm,167551,382.000000,289.676000,304.853,ok,0.0,
industrial-plants,plant03,nodiag,178,bia,535,382.000000,289.676000,1.242,ok,0.0,
industrial-plants,plant03,nodiag,178,bae,535,382.000000,289.676000,1.333,ok,0.0,
industrial-plants,plant03,nodiag,178,nbs,362725,382.000000,289.676000,600.825,ok,0.0,
industrial-plants,plant03,nodiag,178,gbfs,536,382.000000,289.676000,1.355,subopt,0.0,
industrial-plants,plant03,nodiag,179,astar,334,333.000000,278.752000,0.718,ok,0.0,
industrial-plants,plant03,nodiag,179,rastar,1398,333.000000,278.752000,2.375,ok,0.0,
industrial-plants,plant03,nodiag,179,mm,333,333.000000,278.752000,1.063,ok,0.0,
industrial-plants,plant03,nodiag,179,bia,333,333.000000,278.752000,0.766,ok,0.0,
industrial-plants,plant03,nodiag,179,bae,333,333.000000,278.752000,0.811,ok,0.0,
industrial-plants,plant03,nodiag,179,nbs,249429,333.000000,278.752000,421.381,ok,0.0,
industrial-plants,plant03,nodiag,179,gbfs,334,333.000000,278.752000,0.810,subopt,0.0,
industrial-plants,plant03,nodiag,180,astar,51732,596.000000,442.750000,69.422,ok,34868.0,1.4836526327865092
industrial-plants,plant03,nodiag,180,rastar,6515686,596.000000,442.750000,10509.068,ok,34868.0,186.8672134908799
industrial-plants,plant03,nodiag,180,mm,4135763,596.000000,442.750000,7249.600,ok,34868.0,118.61199380520821
industrial-plants,plant03,nodiag,180,bia,103455,596.000000,442.750000,205.937,ok,34868.0,2.967047149248595
industrial-plants,plant03,nodiag,180,bae,6346889,596.000000,442.750000,14689.403,ok,34868.0,182.0261844671332
industrial-plants,plant03,nodiag,180,nbs,1968486,596.000000,442.750000,3770.989,ok,34868.0,56.45537455546633
industrial-plants,plant03,nodiag,180,gbfs,5234,606.000000,442.750000,6.142,subopt,34868.0,0.15010898244808993
industrial-plants,plant03,nodiag,181,astar,494806,391.000000,276.662000,669.790,ok,488428.0,1.0130582194304996
industrial-plants,plant03,nodiag,181,rastar,2653385,391.000000,276.662000,3970.650,ok,488428.0,5.432499774787686
industrial-plants,plant03,nodiag,181,mm,2755566,391.000000,276.662000,4730.782,ok,488428.0,5.641703587836897
industrial-plants,plant03,nodiag,181,bia,989075,391.000000,276.662000,2041.267,ok,488428.0,2.025016993292768
industrial-plants,plant03,nodiag,181,bae,3382893,391.000000,276.662000,7356.021,ok,488428.0,6.926083271229332
industrial-plants,plant03,nodiag,181,nbs,2262016,391.000000,276.662000,4112.046,ok,488428.0,4.631216883552949
industrial-plants,plant03,nodiag,181,gbfs,160730,421.000000,276.662000,262.164,subopt,488428.0,0.3290761381411385
industrial-plants,plant03,nodiag,182,astar,470,469.000000,352.504000,0.943,ok,0.0,
industrial-plants,plant03,nodiag,182,rastar,470,469.000000,352.504000,0.986,ok,0.0,
industrial-plants,plant03,nodiag,182,mm,469,469.000000,352.504000,1.330,ok,0.0,
industrial-plants,plant03,nodiag,182,bia,469,469.000000,352.504000,0.942,ok,0.0,
industrial-plants,plant03,nodiag,182,bae,469,469.000000,352.504000,1.032,ok,0.0,
industrial-plants,plant03,nodiag,182,nbs,1309537,469.000000,352.504000,2637.234,ok,0.0,
industrial-plants,plant03,nodiag,182,gbfs,470,469.000000,352.504000,0.967,subopt,0.0,
industrial-plants,plant03,nodiag,183,astar,454,453.000000,309.862000,0.925,ok,0.0,
industrial-plants,plant03,nodiag,183,rastar,23237,453.000000,309.862000,35.073,ok,0.0,
industrial-plants,plant03,nodiag,183,mm,761209,453.000000,309.862000,1472.753,ok,0.0,
industrial-plants,plant03,nodiag,183,bia,767,453.000000,309.862000,1.479,ok,0.0,
industrial-plants,plant03,nodiag,183,bae,767,453.000000,309.862000,1.452,ok,0.0,
industrial-plants,plant03,nodiag,183,nbs,1351484,453.000000,309.862000,2608.024,ok,0.0,
industrial-plants,plant03,nodiag,183,gbfs,572,455.000000,309.862000,1.249,subopt,0.0,
industrial-plants,plant03,nodiag,184,astar,252,251.000000,215.780000,0.578,ok,0.0,
industrial-plants,plant03,nodiag,184,rastar,252,251.000000,215.780000,0.591,ok,0.0,
industrial-plants,plant03,nodiag,184,mm,251,251.000000,215.780000,0.830,ok,0.0,
industrial-plants,plant03,nodiag,184,bia,251,251.000000,215.780000,0.615,ok,0.0,
industrial-plants,plant03,nodiag,184,bae,251,251.000000,215.780000,0.599,ok,0.0,
industrial-plants,plant03,nodiag,184,nbs,64109,251.000000,215.780000,92.007,ok,0.0,
industrial-plants,plant03,nodiag,184,gbfs,252,251.000000,215.780000,0.628,subopt,0.0,
industrial-plants,plant03,nodiag,185,astar,5981,590.000000,371.482000,6.573,ok,0.0,
industrial-plants,plant03,nodiag,185,rastar,591,590.000000,371.482000,1.148,ok,0.0,
industrial-plants,plant03,nodiag,185,mm,2902149,590.000000,371.482000,5699.196,ok,0.0,
industrial-plants,plant03,nodiag,185,bia,590,590.000000,371.482000,1.031,ok,0.0,
industrial-plants,plant03,nodiag,185,bae,590,590.000000,371.482000,1.140,ok,0.0,
industrial-plants,plant03,nodiag,185,nbs,5759661,590.000000,371.482000,13720.570,ok,0.0,
industrial-plants,plant03,nodiag,185,gbfs,590,590.000000,371.482000,1.150,subopt,0.0,
industrial-plants,plant03,nodiag,186,astar,55974,322.000000,285.689000,62.971,ok,55821.0,1.002740903960875
industrial-plants,plant03,nodiag,186,rastar,573253,322.000000,285.689000,847.622,ok,55821.0,10.269486394009423
industrial-plants,plant03,nodiag,186,mm,508955,322.000000,285.689000,1007.948,ok,55821.0,9.117625983052973
industrial-plants,plant03,nodiag,186,bia,111943,322.000000,285.689000,206.137,ok,55821.0,2.0053922358968848
industrial-plants,plant03,nodiag,186,bae,359903,322.000000,285.689000,715.040,ok,55821.0,6.447448093011591
industrial-plants,plant03,nodiag,186,nbs,153320,322.000000,285.689000,244.388,ok,55821.0,2.746636570466312
industrial-plants,plant03,nodiag,186,gbfs,1448,322.000000,285.689000,2.201,subopt,55821.0,0.02594005840096021
industrial-plants,plant03,nodiag,187,astar,377940,411.000000,291.815000,540.041,ok,363356.0,1.040136945585046
industrial-plants,plant03,nodiag,187,rastar,1664842,411.000000,291.815000,2305.409,ok,363356.0,4.581848104888869
industrial-plants,plant03,nodiag,187,mm,1658053,411.000000,291.815000,2700.027,ok,363356.0,4.563163949404991
industrial-plants,plant03,nodiag,187,bia,755537,411.000000,291.815000,1464.998,ok,363356.0,2.079329913363203
industrial-plants,plant03,nodiag,187,bae,1723926,411.000000,291.815000,3585.940,ok,363356.0,4.744454474399762
industrial-plants,plant03,nodiag,187,nbs,1079670,411.000000,291.815000,1944.691,ok,363356.0,2.9713834366296417
industrial-plants,plant03,nodiag,187,gbfs,28522,437.000000,291.815000,34.272,subopt,363356.0,0.07849602043175288
industrial-plants,plant03,nodiag,188,astar,21988,363.000000,307.946000,25.259,ok,0.0,
industrial-plants,plant03,nodiag,188,rastar,589,363.000000,307.946000,0.888,ok,0.0,
industrial-plants,plant03,nodiag,188,mm,2930,363.000000,307.946000,5.226,ok,0.0,
industrial-plants,plant03,nodiag,188,bia,546,363.000000,307.946000,1.030,ok,0.0,
industrial-plants,plant03,nodiag,188,bae,546,363.000000,307.946000,1.085,ok,0.0,
industrial-plants,plant03,nodiag,188,nbs,64930,363.000000,307.946000,91.275,ok,0.0,
industrial-plants,plant03,nodiag,188,gbfs,546,363.000000,307.946000,1.082,subopt,0.0,
industrial-plants,plant03,nodiag,189,astar,102244,452.000000,363.721000,129.911,ok,102143.0,1.0009888098058604
industrial-plants,plant03,nodiag,189,rastar,766507,452.000000,363.721000,1081.089,ok,102143.0,7.504253840204419
industrial-plants,plant03,nodiag,189,mm,521648,452.000000,363.721000,879.017,ok,102143.0,5.107036213935365
industrial-plants,plant03,nodiag,189,bia,204309,452.000000,363.721000,394.000,ok,102143.0,2.0002251745102453
industrial-plants,plant03,nodiag,189,bae,272047,452.000000,363.721000,536.426,ok,102143.0,2.66339347777136
industrial-plants,plant03,nodiag,189,nbs,240112,452.000000,363.721000,345.088,ok,102143.0,2.3507435653936146
industrial-plants,plant03,nodiag,189,gbfs,5132,452.000000,363.721000,5.671,subopt,102143.0,0.05024328637302605
industrial-plants,plant03,nodiag,190,astar,589,588.000000,415.609000,1.130,ok,0.0,
industrial-plants,plant03,nodiag,190,rastar,589,588.000000,415.609000,1.096,ok,0.0,
industrial-plants,plant03,nodiag,190,mm,497253,588.000000,415.609000,967.137,ok,0.0,
industrial-plants,plant03,nodiag,190,bia,588,588.000000,415.609000,1.286,ok,0.0,
industrial-plants,plant03,nodiag,190,bae,588,588.000000,415.609000,1.392,ok,0.0,
industrial-plants,plant03,nodiag,190,nbs,1474881,588.000000,415.609000,3230.151,ok,0.0,
industrial-plants,plant03,nodiag,190,gbfs,588,588.000000,415.609000,1.275,subopt,0.0,
industrial-plants,plant03,nodiag,191,astar,430,429.000000,324.494000,0.842,ok,0.0,
industrial-plants,plant03,nodiag,191,rastar,12057,429.000000,324.494000,20.105,ok,0.0,
industrial-plants,plant03,nodiag,191,mm,235526,429.000000,324.494000,428.371,ok,0.0,
industrial-plants,plant03,nodiag,191,bia,569,429.000000,324.494000,1.344,ok,0.0,
industrial-plants,plant03,nodiag,191,bae,569,429.000000,324.494000,1.418,ok,0.0,
industrial-plants,plant03,nodiag,191,nbs,864867,429.000000,324.494000,1751.156,ok,0.0,
industrial-plants,plant03,nodiag,191,gbfs,570,429.000000,324.494000,1.298,subopt,0.0,
industrial-plants,plant03,nodiag,192,astar,576,575.000000,417.446000,1.090,ok,0.0,
industrial-plants,plant03,nodiag,192,rastar,1810659,575.000000,417.446000,3085.490,ok,0.0,
industrial-plants,plant03,nodiag,192,mm,1532563,575.000000,417.446000,3414.230,ok,0.0,
industrial-plants,plant03,nodiag,192,bia,1111,575.000000,417.446000,2.328,ok,0.0,
industrial-plants,plant03,nodiag,192,bae,1111,575.000000,417.446000,2.429,ok,0.0,
industrial-plants,plant03,nodiag,192,nbs,1744968,575.000000,417.446000,3423.406,ok,0.0,
industrial-plants,plant03,nodiag,192,gbfs,1112,575.000000,417.446000,2.506,subopt,0.0,
industrial-plants,plant03,nodiag,193,astar,364,363.000000,287.714000,0.722,ok,0.0,
industrial-plants,plant03,nodiag,193,rastar,113924,363.000000,287.714000,136.613,ok,0.0,
industrial-plants,plant03,nodiag,193,mm,227056,363.000000,287.714000,431.098,ok,0.0,
industrial-plants,plant03,nodiag,193,bia,529,363.000000,287.714000,1.269,ok,0.0,
industrial-plants,plant03,nodiag,193,bae,529,363.000000,287.714000,1.319,ok,0.0,
industrial-plants,plant03,nodiag,193,nbs,384718,363.000000,287.714000,615.265,ok,0.0,
industrial-plants,plant03,nodiag,193,gbfs,530,363.000000,287.714000,1.304,subopt,0.0,
industrial-plants,plant03,nodiag,194,astar,514,513.000000,341.663000,1.097,ok,0.0,
industrial-plants,plant03,nodiag,194,rastar,12525,513.000000,341.663000,21.604,ok,0.0,
industrial-plants,plant03,nodiag,194,mm,1010736,513.000000,341.663000,1817.434,ok,0.0,
industrial-plants,plant03,nodiag,194,bia,583,513.000000,341.663000,1.280,ok,0.0,
industrial-plants,plant03,nodiag,194,bae,583,513.000000,341.663000,1.307,ok,0.0,
industrial-plants,plant03,nodiag,194,nbs,2687194,513.000000,341.663000,5562.943,ok,0.0,
industrial-plants,plant03,nodiag,194,gbfs,584,513.000000,341.663000,1.377,subopt,0.0,
industrial-plants,plant03,nodiag,195,astar,2739,519.000000,331.973000,4.245,ok,0.0,
industrial-plants,plant03,nodiag,195,rastar,2759,519.000000,331.973000,4.343,ok,0.0,
industrial-plants,plant03,nodiag,195,mm,519,519.000000,331.973000,1.574,ok,0.0,
industrial-plants,plant03,nodiag,195,bia,519,519.000000,331.973000,1.207,ok,0.0,
industrial-plants,plant03,nodiag,195,bae,519,519.000000,331.973000,1.169,ok,0.0,
industrial-plants,plant03,nodiag,195,nbs,3309740,519.000000,331.973000,7212.813,ok,0.0,
industrial-plants,plant03,nodiag,195,gbfs,520,519.000000,331.973000,1.283,subopt,0.0,
industrial-plants,plant03,nodiag,196,astar,1042,331.000000,247.550000,1.573,ok,0.0,
industrial-plants,plant03,nodiag,196,rastar,332,331.000000,247.550000,0.639,ok,0.0,
industrial-plants,plant03,nodiag,196,mm,332,331.000000,247.550000,0.965,ok,0.0,
industrial-plants,plant03,nodiag,196,bia,332,331.000000,247.550000,0.764,ok,0.0,
industrial-plants,plant03,nodiag,196,bae,332,331.000000,247.550000,0.729,ok,0.0,
industrial-plants,plant03,nodiag,196,nbs,697299,331.000000,247.550000,1370.485,ok,0.0,
industrial-plants,plant03,nodiag,196,gbfs,332,331.000000,247.550000,0.798,subopt,0.0,
industrial-plants,plant03,nodiag,197,astar,299,298.000000,237.358000,0.662,ok,0.0,
industrial-plants,plant03,nodiag,197,rastar,898,298.000000,237.358000,1.516,ok,0.0,
industrial-plants,plant03,nodiag,197,mm,137977,298.000000,237.358000,246.516,ok,0.0,
industrial-plants,plant03,nodiag,197,bia,379,298.000000,237.358000,0.826,ok,0.0,
industrial-plants,plant03,nodiag,197,bae,379,298.000000,237.358000,0.867,ok,0.0,
industrial-plants,plant03,nodiag,197,nbs,330844,298.000000,237.358000,595.703,ok,0.0,
industrial-plants,plant03,nodiag,197,gbfs,392,298.000000,237.358000,0.863,subopt,0.0,
industrial-plants,plant03,nodiag,198,astar,1416,615.000000,403.898000,2.315,ok,0.0,
industrial-plants,plant03,nodiag,198,rastar,3598285,615.000000,403.898000,5388.202,ok,0.0,
industrial-plants,plant03,nodiag,198,mm,2438475,615.000000,403.898000,4961.400,ok,0.0,
industrial-plants,plant03,nodiag,198,bia,2093,615.000000,403.898000,3.530,ok,0.0,
industrial-plants,plant03,nodiag,198,bae,2093,615.000000,403.898000,3.718,ok,0.0,
industrial-plants,plant03,nodiag,198,nbs,3255509,615.000000,403.898000,7489.303,ok,0.0,
industrial-plants,plant03,nodiag,198,gbfs,1480,633.000000,403.898000,3.004,subopt,0.0,
industrial-plants,plant03,nodiag,199,astar,270,269.000000,212.764000,0.563,ok,0.0,
industrial-plants,plant03,nodiag,199,rastar,1932,269.000000,212.764000,2.861,ok,0.0,
industrial-plants,plant03,nodiag,199,mm,8994,269.000000,212.764000,15.582,ok,0.0,
industrial-plants,plant03,nodiag,199,bia,343,269.000000,212.764000,0.727,ok,0.0,
industrial-plants,plant03,nodiag,199,bae,343,269.000000,212.764000,0.757,ok,0.0,
industrial-plants,plant03,nodiag,199,nbs,30565,269.000000,212.764000,43.677,ok,0.0,
industrial-plants,plant03,nodiag,199,gbfs,344,269.000000,212.764000,0.796,subopt,0.0,
industrial-plants,plant04,nodiag,0,astar,3,2.000000,1.414210,0.094,ok,0.0,
industrial-plants,plant04,nodiag,0,rastar,3,2.000000,1.414210,0.098,ok,0.0,
industrial-plants,plant04,nodiag,0,mm,2,2.000000,1.414210,0.099,ok,0.0,
industrial-plants,plant04,nodiag,0,bia,2,2.000000,1.414210,0.093,ok,0.0,
industrial-plants,plant04,nodiag,0,bae,2,2.000000,1.414210,0.094,ok,0.0,
industrial-plants,plant04,nodiag,0,nbs,2,2.000000,1.414210,0.044,ok,0.0,
industrial-plants,plant04,nodiag,0,gbfs,2,2.000000,1.414210,0.136,subopt,0.0,
industrial-plants,plant04,nodiag,1,astar,4,3.000000,2.414210,0.096,ok,0.0,
industrial-plants,plant04,nodiag,1,rastar,4,3.000000,2.414210,0.095,ok,0.0,
industrial-plants,plant04,nodiag,1,mm,3,3.000000,2.414210,0.100,ok,0.0,
industrial-plants,plant04,nodiag,1,bia,3,3.000000,2.414210,0.094,ok,0.0,
industrial-plants,plant04,nodiag,1,bae,3,3.000000,2.414210,0.096,ok,0.0,
industrial-plants,plant04,nodiag,1,nbs,3,3.000000,2.414210,0.046,ok,0.0,
industrial-plants,plant04,nodiag,1,gbfs,4,3.000000,2.414210,0.101,subopt,0.0,
industrial-plants,plant04,nodiag,2,astar,5,4.000000,2.828430,0.101,ok,0.0,
industrial-plants,plant04,nodiag,2,rastar,5,4.000000,2.828430,0.098,ok,0.0,
industrial-plants,plant04,nodiag,2,mm,5,4.000000,2.828430,0.122,ok,0.0,
industrial-plants,plant04,nodiag,2,bia,4,4.000000,2.828430,0.096,ok,0.0,
industrial-plants,plant04,nodiag,2,bae,4,4.000000,2.828430,0.098,ok,0.0,
industrial-plants,plant04,nodiag,2,nbs,4,4.000000,2.828430,0.048,ok,0.0,
industrial-plants,plant04,nodiag,2,gbfs,4,4.000000,2.828430,0.101,subopt,0.0,
industrial-plants,plant04,nodiag,3,astar,7,6.000000,4.146260,0.123,ok,0.0,
industrial-plants,plant04,nodiag,3,rastar,7,6.000000,4.146260,0.120,ok,0.0,
industrial-plants,plant04,nodiag,3,mm,12,6.000000,4.146260,0.164,ok,0.0,
industrial-plants,plant04,nodiag,3,bia,6,6.000000,4.146260,0.122,ok,0.0,
industrial-plants,plant04,nodiag,3,bae,6,6.000000,4.146260,0.124,ok,0.0,
industrial-plants,plant04,nodiag,3,nbs,12,6.000000,4.146260,0.097,ok,0.0,
industrial-plants,plant04,nodiag,3,gbfs,6,6.000000,4.146260,0.126,subopt,0.0,
industrial-plants,plant04,nodiag,4,astar,7,6.000000,4.242640,0.117,ok,0.0,
industrial-plants,plant04,nodiag,4,rastar,7,6.000000,4.242640,0.135,ok,0.0,
industrial-plants,plant04,nodiag,4,mm,9,6.000000,4.242640,0.138,ok,0.0,
industrial-plants,plant04,nodiag,4,bia,6,6.000000,4.242640,0.104,ok,0.0,
industrial-plants,plant04,nodiag,4,bae,6,6.000000,4.242640,0.108,ok,0.0,
industrial-plants,plant04,nodiag,4,nbs,8,6.000000,4.242640,0.076,ok,0.0,
industrial-plants,plant04,nodiag,4,gbfs,6,6.000000,4.242640,0.121,subopt,0.0,
industrial-plants,plant04,nodiag,5,astar,6,5.000000,3.828430,0.117,ok,0.0,
industrial-plants,plant04,nodiag,5,rastar,6,5.000000,3.828430,0.115,ok,0.0,
industrial-plants,plant04,nodiag,5,mm,5,5.000000,3.828430,0.114,ok,0.0,
industrial-plants,plant04,nodiag,5,bia,5,5.000000,3.828430,0.105,ok,0.0,
industrial-plants,plant04,nodiag,5,bae,5,5.000000,3.828430,0.124,ok,0.0,
industrial-plants,plant04,nodiag,5,nbs,7,5.000000,3.828430,0.078,ok,0.0,
industrial-plants,plant04,nodiag,5,gbfs,6,5.000000,3.828430,0.126,subopt,0.0,
industrial-plants,plant04,nodiag,6,astar,4,3.000000,3.000000,0.113,ok,0.0,
industrial-plants,plant04,nodiag,6,rastar,4,3.000000,3.000000,0.094,ok,0.0,
industrial-plants,plant04,nodiag,6,mm,3,3.000000,3.000000,0.100,ok,0.0,
industrial-plants,plant04,nodiag,6,bia,3,3.000000,3.000000,0.093,ok,0.0,
industrial-plants,plant04,nodiag,6,bae,3,3.000000,3.000000,0.096,ok,0.0,
industrial-plants,plant04,nodiag,6,nbs,3,3.000000,3.000000,0.045,ok,0.0,
industrial-plants,plant04,nodiag,6,gbfs,4,3.000000,3.000000,0.101,subopt,0.0,
industrial-plants,plant04,nodiag,7,astar,8,7.000000,4.464100,0.135,ok,0.0,
industrial-plants,plant04,nodiag,7,rastar,8,7.000000,4.464100,0.132,ok,0.0,
industrial-plants,plant04,nodiag,7,mm,7,7.000000,4.464100,0.139,ok,0.0,
industrial-plants,plant04,nodiag,7,bia,7,7.000000,4.464100,0.141,ok,0.0,
industrial-plants,plant04,nodiag,7,bae,7,7.000000,4.464100,0.129,ok,0.0,
industrial-plants,plant04,nodiag,7,nbs,21,7.000000,4.464100,0.144,ok,0.0,
industrial-plants,plant04,nodiag,7,gbfs,8,7.000000,4.464100,0.166,subopt,0.0,
industrial-plants,plant04,nodiag,8,astar,4,3.000000,3.000000,0.097,ok,0.0,
industrial-plants,plant04,nodiag,8,rastar,4,3.000000,3.000000,0.096,ok,0.0,
industrial-plants,plant04,nodiag,8,mm,3,3.000000,3.000000,0.102,ok,0.0,
industrial-plants,plant04,nodiag,8,bia,3,3.000000,3.000000,0.095,ok,0.0,
industrial-plants,plant04,nodiag,8,bae,3,3.000000,3.000000,0.097,ok,0.0,
industrial-plants,plant04,nodiag,8,nbs,3,3.000000,3.000000,0.047,ok,0.0,
industrial-plants,plant04,nodiag,8,gbfs,4,3.000000,3.000000,0.103,subopt,0.0,
industrial-plants,plant04,nodiag,9,astar,7,6.000000,4.242640,0.119,ok,0.0,
industrial-plants,plant04,nodiag,9,rastar,7,6.000000,4.242640,0.117,ok,0.0,
industrial-plants,plant04,nodiag,9,mm,9,6.000000,4.242640,0.158,ok,0.0,
industrial-plants,plant04,nodiag,9,bia,6,6.000000,4.242640,0.106,ok,0.0,
industrial-plants,plant04,nodiag,9,bae,6,6.000000,4.242640,0.107,ok,0.0,
industrial-plants,plant04,nodiag,9,nbs,8,6.000000,4.242640,0.098,ok,0.0,
industrial-plants,plant04,nodiag,9,gbfs,6,6.000000,4.242640,0.121,subopt,0.0,
industrial-plants,plant04,nodiag,10,astar,773,772.000000,458.119000,3.675,ok,0.0,
industrial-plants,plant04,nodiag,10,rastar,773,772.000000,458.119000,3.611,ok,0.0,
industrial-plants,plant04,nodiag,10,mm,8105292,772.000000,458.119000,10773.748,ok,0.0,
industrial-plants,plant04,nodiag,10,bia,772,772.000000,458.119000,1.598,ok,0.0,
industrial-plants,plant04,nodiag,10,bae,772,772.000000,458.119000,3.010,ok,0.0,
industrial-plants,plant04,nodiag,10,nbs,16610121,772.000000,458.119000,29454.363,ok,0.0,
industrial-plants,plant04,nodiag,10,gbfs,772,772.000000,458.119000,1.819,subopt,0.0,
industrial-plants,plant04,nodiag,11,astar,612,299.000000,213.483000,2.034,ok,0.0,
industrial-plants,plant04,nodiag,11,rastar,300,299.000000,213.483000,1.535,ok,0.0,
industrial-plants,plant04,nodiag,11,mm,299,299.000000,213.483000,2.245,ok,0.0,
industrial-plants,plant04,nodiag,11,bia,299,299.000000,213.483000,1.614,ok,0.0,
industrial-plants,plant04,nodiag,11,bae,299,299.000000,213.483000,1.693,ok,0.0,
industrial-plants,plant04,nodiag,11,nbs,173809,299.000000,213.483000,180.015,ok,0.0,
industrial-plants,plant04,nodiag,11,gbfs,300,299.000000,213.483000,0.537,subopt,0.0,
industrial-plants,plant04,nodiag,12,astar,389,388.000000,311.967000,0.963,ok,0.0,
industrial-plants,plant04,nodiag,12,rastar,389,388.000000,311.967000,1.780,ok,0.0,
industrial-plants,plant04,nodiag,12,mm,27677,388.000000,311.967000,42.023,ok,0.0,
industrial-plants,plant04,nodiag,12,bia,388,388.000000,311.967000,0.744,ok,0.0,
industrial-plants,plant04,nodiag,12,bae,388,388.000000,311.967000,1.469,ok,0.0,
industrial-plants,plant04,nodiag,12,nbs,246154,388.000000,311.967000,254.263,ok,0.0,
industrial-plants,plant04,nodiag,12,gbfs,388,388.000000,311.967000,0.611,subopt,0.0,
industrial-plants,plant04,nodiag,13,astar,4052,823.000000,543.420000,7.688,ok,0.0,
industrial-plants,plant04,nodiag,13,rastar,100488,823.000000,543.420000,80.670,ok,0.0,
industrial-plants,plant04,nodiag,13,mm,8207413,823.000000,543.420000,12185.138,ok,0.0,
industrial-plants,plant04,nodiag,13,bia,7603,823.000000,543.420000,13.372,ok,0.0,
industrial-plants,plant04,nodiag,13,bae,7603,823.000000,543.420000,14.183,ok,0.0,
industrial-plants,plant04,nodiag,13,nbs,14216782,823.000000,543.420000,23608.662,ok,0.0,
industrial-plants,plant04,nodiag,13,gbfs,1568,831.000000,543.420000,4.240,subopt,0.0,
industrial-plants,plant04,nodiag,14,astar,62144,653.000000,478.638000,54.061,ok,0.0,
industrial-plants,plant04,nodiag,14,rastar,16056,653.000000,478.638000,22.093,ok,0.0,
industrial-plants,plant04,nodiag,14,mm,499403,653.000000,478.638000,606.006,ok,0.0,
industrial-plants,plant04,nodiag,14,bia,965,653.000000,478.638000,1.820,ok,0.0,
industrial-plants,plant04,nodiag,14,bae,965,653.000000,478.638000,3.722,ok,0.0,
industrial-plants,plant04,nodiag,14,nbs,1616827,653.000000,478.638000,1931.770,ok,0.0,
industrial-plants,plant04,nodiag,14,gbfs,966,653.000000,478.638000,2.029,subopt,0.0,
industrial-plants,plant04,nodiag,15,astar,577,576.000000,432.299000,2.074,ok,0.0,
industrial-plants,plant04,nodiag,15,rastar,577,576.000000,432.299000,2.856,ok,0.0,
industrial-plants,plant04,nodiag,15,mm,1372704,576.000000,432.299000,1654.334,ok,0.0,
industrial-plants,plant04,nodiag,15,bia,576,576.000000,432.299000,1.254,ok,0.0,
industrial-plants,plant04,nodiag,15,bae,576,576.000000,432.299000,2.495,ok,0.0,
industrial-plants,plant04,nodiag,15,nbs,3049257,576.000000,432.299000,3939.743,ok,0.0,
industrial-plants,plant04,nodiag,15,gbfs,576,576.000000,432.299000,1.047,subopt,0.0,
industrial-plants,plant04,nodiag,16,astar,830,829.000000,567.031000,1.909,ok,0.0,
industrial-plants,plant04,nodiag,16,rastar,1331,829.000000,567.031000,5.271,ok,0.0,
industrial-plants,plant04,nodiag,16,mm,829,829.000000,567.031000,5.571,ok,0.0,
industrial-plants,plant04,nodiag,16,bia,829,829.000000,567.031000,3.811,ok,0.0,
industrial-plants,plant04,nodiag,16,bae,829,829.000000,567.031000,4.117,ok,0.0,
industrial-plants,plant04,nodiag,16,nbs,5893724,829.000000,567.031000,8824.276,ok,0.0,
industrial-plants,plant04,nodiag,16,gbfs,830,829.000000,567.031000,2.276,subopt,0.0,
industrial-plants,plant04,nodiag,17,astar,716,715.000000,518.030000,3.420,ok,0.0,
industrial-plants,plant04,nodiag,17,rastar,716,715.000000,518.030000,3.368,ok,0.0,
industrial-plants,plant04,nodiag,17,mm,715,715.000000,518.030000,5.186,ok,0.0,
industrial-plants,plant04,nodiag,17,bia,715,715.000000,518.030000,3.282,ok,0.0,
industrial-plants,plant04,nodiag,17,bae,715,715.000000,518.030000,3.873,ok,0.0,
industrial-plants,plant04,nodiag,17,nbs,8314372,715.000000,518.030000,12604.235,ok,0.0,
industrial-plants,plant04,nodiag,17,gbfs,716,715.000000,518.030000,2.460,subopt,0.0,
industrial-plants,plant04,nodiag,18,astar,3212,907.000000,702.384000,11.729,ok,0.0,
industrial-plants,plant04,nodiag,18,rastar,908,907.000000,702.384000,3.801,ok,0.0,
industrial-plants,plant04,nodiag,18,mm,3211,907.000000,702.384000,13.308,ok,0.0,
industrial-plants,plant04,nodiag,18,bia,1174,907.000000,702.384000,3.676,ok,0.0,
industrial-plants,plant04,nodiag,18,bae,1174,907.000000,702.384000,5.027,ok,0.0,
industrial-plants,plant04,nodiag,18,nbs,10428899,907.000000,702.384000,15174.870,ok,0.0,
industrial-plants,plant04,nodiag,18,gbfs,984,915.000000,702.384000,2.092,subopt,0.0,
industrial-plants,plant04,nodiag,19,astar,3263,463.000000,300.561000,8.980,ok,0.0,
industrial-plants,plant04,nodiag,19,rastar,464,463.000000,300.561000,1.236,ok,0.0,
industrial-plants,plant04,nodiag,19,mm,463,463.000000,300.561000,3.237,ok,0.0,
industrial-plants,plant04,nodiag,19,bia,463,463.000000,300.561000,2.580,ok,0.0,
industrial-plants,plant04,nodiag,19,bae,463,463.000000,300.561000,2.756,ok,0.0,
industrial-plants,plant04,nodiag,19,nbs,2636698,463.000000,300.561000,3263.645,ok,0.0,
industrial-plants,plant04,nodiag,19,gbfs,464,463.000000,300.561000,0.887,subopt,0.0,
industrial-plants,plant04,nodiag,20,astar,6556,746.000000,515.700000,12.038,ok,0.0,
industrial-plants,plant04,nodiag,20,rastar,747,746.000000,515.700000,1.024,ok,0.0,
industrial-plants,plant04,nodiag,20,mm,4972680,746.000000,515.700000,5844.473,ok,0.0,
industrial-plants,plant04,nodiag,20,bia,790,746.000000,515.700000,2.234,ok,0.0,
industrial-plants,plant04,nodiag,20,bae,790,746.000000,515.700000,4.156,ok,0.0,
industrial-plants,plant04,nodiag,20,nbs,10984007,746.000000,515.700000,16690.589,ok,0.0,
industrial-plants,plant04,nodiag,20,gbfs,790,746.000000,515.700000,1.749,subopt,0.0,
industrial-plants,plant04,nodiag,21,astar,754,753.000000,507.863000,2.511,ok,0.0,
industrial-plants,plant04,nodiag,21,rastar,754,753.000000,507.863000,3.482,ok,0.0,
industrial-plants,plant04,nodiag,21,mm,753,753.000000,507.863000,5.430,ok,0.0,
industrial-plants,plant04,nodiag,21,bia,753,753.000000,507.863000,3.130,ok,0.0,
industrial-plants,plant04,nodiag,21,bae,753,753.000000,507.863000,4.009,ok,0.0,
industrial-plants,plant04,nodiag,21,nbs,5275291,753.000000,507.863000,7470.135,ok,0.0,
industrial-plants,plant04,nodiag,21,gbfs,754,753.000000,507.863000,1.672,subopt,0.0,
industrial-plants,plant04,nodiag,22,astar,728,727.000000,479.081000,2.482,ok,0.0,
industrial-plants,plant04,nodiag,22,rastar,261864,727.000000,479.081000,222.215,ok,0.0,
industrial-plants,plant04,nodiag,22,mm,5340991,727.000000,479.081000,6983.770,ok,0.0,
industrial-plants,plant04,nodiag,22,bia,947,727.000000,479.081000,1.548,ok,0.0,
industrial-plants,plant04,nodiag,22,bae,947,727.000000,479.081000,2.781,ok,0.0,
industrial-plants,plant04,nodiag,22,nbs,8875907,727.000000,479.081000,13283.631,ok,0.0,
industrial-plants,plant04,nodiag,22,gbfs,948,727.000000,479.081000,2.186,subopt,0.0,
industrial-plants,plant04,nodiag,23,astar,248,247.000000,195.458000,1.013,ok,0.0,
industrial-plants,plant04,nodiag,23,rastar,248,247.000000,195.458000,1.368,ok,0.0,
industrial-plants,plant04,nodiag,23,mm,247,247.000000,195.458000,1.947,ok,0.0,
industrial-plants,plant04,nodiag,23,bia,247,247.000000,195.458000,1.411,ok,0.0,
industrial-plants,plant04,nodiag,23,bae,247,247.000000,195.458000,1.516,ok,0.0,
industrial-plants,plant04,nodiag,23,nbs,69731,247.000000,195.458000,79.441,ok,0.0,
industrial-plants,plant04,nodiag,23,gbfs,248,247.000000,195.458000,0.597,subopt,0.0,
industrial-plants,plant04,nodiag,24,astar,614,613.000000,447.372000,2.199,ok,0.0,
industrial-plants,plant04,nodiag,24,rastar,274598,613.000000,447.372000,235.195,ok,0.0,
industrial-plants,plant04,nodiag,24,mm,1758926,613.000000,447.372000,2150.380,ok,0.0,
industrial-plants,plant04,nodiag,24,bia,849,613.000000,447.372000,1.663,ok,0.0,
industrial-plants,plant04,nodiag,24,bae,849,613.000000,447.372000,3.119,ok,0.0,
industrial-plants,plant04,nodiag,24,nbs,3749719,613.000000,447.372000,4793.320,ok,0.0,
industrial-plants,plant04,nodiag,24,gbfs,850,613.000000,447.372000,1.359,subopt,0.0,
industrial-plants,plant04,nodiag,25,astar,207583,728.000000,614.752000,174.055,ok,0.0,
industrial-plants,plant04,nodiag,25,rastar,729,728.000000,614.752000,1.391,ok,0.0,
industrial-plants,plant04,nodiag,25,mm,1785047,728.000000,614.752000,2146.258,ok,0.0,
industrial-plants,plant04,nodiag,25,bia,1230,728.000000,614.752000,2.488,ok,0.0,
industrial-plants,plant04,nodiag,25,bae,1230,728.000000,614.752000,4.699,ok,0.0,
industrial-plants,plant04,nodiag,25,nbs,3954309,728.000000,614.752000,4889.137,ok,0.0,
industrial-plants,plant04,nodiag,25,gbfs,1230,728.000000,614.752000,3.253,subopt,0.0,
industrial-plants,plant04,nodiag,26,astar,18727,216.000000,175.514000,25.782,ok,18668.0,1.003160488536533
industrial-plants,plant04,nodiag,26,rastar,57286,216.000000,175.514000,41.813,ok,18668.0,3.0686736661667022
industrial-plants,plant04,nodiag,26,mm,76940,216.000000,175.514000,73.666,ok,18668.0,4.121491322048425
industrial-plants,plant04,nodiag,26,bia,37449,216.000000,175.514000,37.713,ok,18668.0,2.0060531390614957
industrial-plants,plant04,nodiag,26,bae,98572,216.000000,175.514000,96.298,ok,18668.0,5.280265695307478
industrial-plants,plant04,nodiag,26,nbs,71032,216.000000,175.514000,67.287,ok,18668.0,3.8050139275766015
industrial-plants,plant04,nodiag,26,gbfs,1048,216.000000,175.514000,0.957,subopt,18668.0,0.0561388472251982
industrial-plants,plant04,nodiag,27,astar,736,735.000000,509.517000,1.868,ok,0.0,
industrial-plants,plant04,nodiag,27,rastar,736,735.000000,509.517000,3.341,ok,0.0,
industrial-plants,plant04,nodiag,27,mm,735,735.000000,509.517000,5.268,ok,0.0,
industrial-plants,plant04,nodiag,27,bia,735,735.000000,509.517000,3.406,ok,0.0,
industrial-plants,plant04,nodiag,27,bae,735,735.000000,509.517000,3.921,ok,0.0,
industrial-plants,plant04,nodiag,27,nbs,9522451,735.000000,509.517000,14407.777,ok,0.0,
industrial-plants,plant04,nodiag,27,gbfs,736,735.000000,509.517000,1.639,subopt,0.0,
industrial-plants,plant04,nodiag,28,astar,141,140.000000,132.971000,0.554,ok,0.0,
industrial-plants,plant04,nodiag,28,rastar,141,140.000000,132.971000,0.732,ok,0.0,
industrial-plants,plant04,nodiag,28,mm,902,140.000000,132.971000,3.886,ok,0.0,
industrial-plants,plant04,nodiag,28,bia,140,140.000000,132.971000,0.768,ok,0.0,
industrial-plants,plant04,nodiag,28,bae,140,140.000000,132.971000,0.782,ok,0.0,
industrial-plants,plant04,nodiag,28,nbs,1640,140.000000,132.971000,5.310,ok,0.0,
industrial-plants,plant04,nodiag,28,gbfs,140,140.000000,132.971000,0.806,subopt,0.0,
industrial-plants,plant04,nodiag,29,astar,61563,387.000000,348.056000,56.111,ok,60862.0,1.0115178600768953
industrial-plants,plant04,nodiag,29,rastar,136484,387.000000,348.056000,103.618,ok,60862.0,2.242515855542046
industrial-plants,plant04,nodiag,29,mm,166747,387.000000,348.056000,159.628,ok,60862.0,2.7397555124708357
industrial-plants,plant04,nodiag,29,bia,121723,387.000000,348.056000,109.084,ok,60862.0,1.999983569386481
industrial-plants,plant04,nodiag,29,bae,172839,387.000000,348.056000,172.297,ok,60862.0,2.8398508100292466
industrial-plants,plant04,nodiag,29,nbs,199860,387.000000,348.056000,171.535,ok,60862.0,3.2838224179290854
industrial-plants,plant04,nodiag,29,gbfs,1220,387.000000,348.056000,2.568,subopt,60862.0,0.02004534849331274
industrial-plants,plant04,nodiag,30,astar,385,384.000000,285.344000,1.828,ok,0.0,
industrial-plants,plant04,nodiag,30,rastar,385,384.000000,285.344000,1.799,ok,0.0,
industrial-plants,plant04,nodiag,30,mm,262552,384.000000,285.344000,288.631,ok,0.0,
industrial-plants,plant04,nodiag,30,bia,384,384.000000,285.344000,0.758,ok,0.0,
industrial-plants,plant04,nodiag,30,bae,384,384.000000,285.344000,1.610,ok,0.0,
industrial-plants,plant04,nodiag,30,nbs,960081,384.000000,285.344000,1093.016,ok,0.0,
industrial-plants,plant04,nodiag,30,gbfs,384,384.000000,285.344000,0.826,subopt,0.0,
industrial-plants,plant04,nodiag,31,astar,1332,899.000000,647.759000,4.577,ok,0.0,
industrial-plants,plant04,nodiag,31,rastar,900,899.000000,647.759000,3.375,ok,0.0,
industrial-plants,plant04,nodiag,31,mm,986,899.000000,647.759000,6.797,ok,0.0,
industrial-plants,plant04,nodiag,31,bia,958,899.000000,647.759000,4.937,ok,0.0,
industrial-plants,plant04,nodiag,31,bae,958,899.000000,647.759000,5.310,ok,0.0,
industrial-plants,plant04,nodiag,31,nbs,11326754,899.000000,647.759000,16943.396,ok,0.0,
industrial-plants,plant04,nodiag,31,gbfs,958,899.000000,647.759000,1.715,subopt,0.0,
industrial-plants,plant04,nodiag,32,astar,360,359.000000,265.646000,0.896,ok,0.0,
industrial-plants,plant04,nodiag,32,rastar,360,359.000000,265.646000,1.684,ok,0.0,
industrial-plants,plant04,nodiag,32,mm,5415,359.000000,265.646000,14.473,ok,0.0,
industrial-plants,plant04,nodiag,32,bia,458,359.000000,265.646000,0.620,ok,0.0,
industrial-plants,plant04,nodiag,32,bae,458,359.000000,265.646000,1.196,ok,0.0,
industrial-plants,plant04,nodiag,32,nbs,754110,359.000000,265.646000,852.189,ok,0.0,
industrial-plants,plant04,nodiag,32,gbfs,458,359.000000,265.646000,0.831,subopt,0.0,
industrial-plants,plant04,nodiag,33,astar,79506,467.000000,431.690000,70.356,ok,79458.0,1.0006040927282338
industrial-plants,plant04,nodiag,33,rastar,113081,467.000000,431.690000,85.384,ok,79458.0,1.423154370862594
industrial-plants,plant04,nodiag,33,mm,167706,467.000000,431.690000,167.971,ok,79458.0,2.110624480857812
industrial-plants,plant04,nodiag,33,bia,159007,467.000000,431.690000,156.508,ok,79458.0,2.00114525913061
industrial-plants,plant04,nodiag,33,bae,198122,467.000000,431.690000,204.346,ok,79458.0,2.493417906315286
industrial-plants,plant04,nodiag,33,nbs,153666,467.000000,431.690000,132.054,ok,79458.0,1.9339273578494298
industrial-plants,plant04,nodiag,33,gbfs,958,467.000000,431.690000,4.017,subopt,79458.0,0.012056684034332603
industrial-plants,plant04,nodiag,34,astar,409656,785.000000,624.228000,411.985,ok,0.0,
industrial-plants,plant04,nodiag,34,rastar,3042012,785.000000,624.228000,3234.132,ok,0.0,
industrial-plants,plant04,nodiag,34,mm,2066989,785.000000,624.228000,2549.825,ok,0.0,
industrial-plants,plant04,nodiag,34,bia,819207,785.000000,624.228000,1209.234,ok,0.0,
industrial-plants,plant04,nodiag,34,bae,819207,785.000000,624.228000,1297.605,ok,0.0,
industrial-plants,plant04,nodiag,34,nbs,2554271,785.000000,624.228000,3059.984,ok,0.0,
industrial-plants,plant04,nodiag,34,gbfs,37742,889.000000,624.228000,37.615,subopt,0.0,
industrial-plants,plant04,nodiag,35,astar,377,295.000000,256.041000,0.675,ok,0.0,
industrial-plants,plant04,nodiag,35,rastar,27031,295.000000,256.041000,31.954,ok,0.0,
industrial-plants,plant04,nodiag,35,mm,18802,295.000000,256.041000,21.121,ok,0.0,
industrial-plants,plant04,nodiag,35,bia,749,295.000000,256.041000,1.443,ok,0.0,
industrial-plants,plant04,nodiag,35,bae,749,295.000000,256.041000,3.000,ok,0.0,
industrial-plants,plant04,nodiag,35,nbs,8131,295.000000,256.041000,17.564,ok,0.0,
industrial-plants,plant04,nodiag,35,gbfs,3994,347.000000,256.041000,5.064,subopt,0.0,
industrial-plants,plant04,nodiag,36,astar,191,190.000000,154.853000,0.455,ok,0.0,
industrial-plants,plant04,nodiag,36,rastar,1978,190.000000,154.853000,6.978,ok,0.0,
industrial-plants,plant04,nodiag,36,mm,4563,190.000000,154.853000,13.387,ok,0.0,
industrial-plants,plant04,nodiag,36,bia,253,190.000000,154.853000,0.505,ok,0.0,
industrial-plants,plant04,nodiag,36,bae,253,190.000000,154.853000,0.648,ok,0.0,
industrial-plants,plant04,nodiag,36,nbs,14375,190.000000,154.853000,24.570,ok,0.0,
industrial-plants,plant04,nodiag,36,gbfs,254,190.000000,154.853000,0.429,subopt,0.0,
industrial-plants,plant04,nodiag,37,astar,508192,680.000000,505.207000,434.649,ok,497625.0,1.0212348656116554
industrial-plants,plant04,nodiag,37,rastar,2967687,680.000000,505.207000,3679.588,ok,497625.0,5.963701582516956
industrial-plants,plant04,nodiag,37,mm,2489888,680.000000,505.207000,3218.937,ok,497625.0,5.003542828435067
industrial-plants,plant04,nodiag,37,bia,1007877,680.000000,505.207000,1371.989,ok,497625.0,2.0253745290128107
industrial-plants,plant04,nodiag,37,bae,4272426,680.000000,505.207000,7333.420,ok,497625.0,8.585633760361718
industrial-plants,plant04,nodiag,37,nbs,3008416,680.000000,505.207000,3697.569,ok,497625.0,6.045548354684753
industrial-plants,plant04,nodiag,37,gbfs,18228,680.000000,505.207000,23.310,subopt,497625.0,0.03662999246420497
industrial-plants,plant04,nodiag,38,astar,246,245.000000,197.181000,0.549,ok,0.0,
industrial-plants,plant04,nodiag,38,rastar,246,245.000000,197.181000,0.976,ok,0.0,
industrial-plants,plant04,nodiag,38,mm,245,245.000000,197.181000,1.957,ok,0.0,
industrial-plants,plant04,nodiag,38,bia,245,245.000000,197.181000,1.417,ok,0.0,
industrial-plants,plant04,nodiag,38,bae,245,245.000000,197.181000,1.517,ok,0.0,
industrial-plants,plant04,nodiag,38,nbs,152494,245.000000,197.181000,150.936,ok,0.0,
industrial-plants,plant04,nodiag,38,gbfs,246,245.000000,197.181000,0.850,subopt,0.0,
industrial-plants,plant04,nodiag,39,astar,522,521.000000,359.005000,2.459,ok,0.0,
industrial-plants,plant04,nodiag,39,rastar,522,521.000000,359.005000,2.425,ok,0.0,
industrial-plants,plant04,nodiag,39,mm,521,521.000000,359.005000,3.623,ok,0.0,
industrial-plants,plant04,nodiag,39,bia,521,521.000000,359.005000,2.504,ok,0.0,
industrial-plants,plant04,nodiag,39,bae,521,521.000000,359.005000,2.779,ok,0.0,
industrial-plants,plant04,nodiag,39,nbs,3049458,521.000000,359.005000,3916.128,ok,0.0,
industrial-plants,plant04,nodiag,39,gbfs,522,521.000000,359.005000,2.012,subopt,0.0,
industrial-plants,plant04,nodiag,40,astar,312,311.000000,226.203000,1.544,ok,0.0,
industrial-plants,plant04,nodiag,40,rastar,312,311.000000,226.203000,1.504,ok,0.0,
industrial-plants,plant04,nodiag,40,mm,311,311.000000,226.203000,2.201,ok,0.0,
industrial-plants,plant04,nodiag,40,bia,311,311.000000,226.203000,1.593,ok,0.0,
industrial-plants,plant04,nodiag,40,bae,311,311.000000,226.203000,1.676,ok,0.0,
industrial-plants,plant04,nodiag,40,nbs,19261,311.000000,226.203000,30.725,ok,0.0,
industrial-plants,plant04,nodiag,40,gbfs,312,311.000000,226.203000,0.883,subopt,0.0,
industrial-plants,plant04,nodiag,41,astar,157460,321.000000,237.463000,123.543,ok,157145.0,1.0020045181202075
industrial-plants,plant04,nodiag,41,rastar,320186,321.000000,237.463000,266.275,ok,157145.0,2.037519488370613
industrial-plants,plant04,nodiag,41,mm,328866,321.000000,237.463000,334.227,ok,157145.0,2.0927550987941075
industrial-plants,plant04,nodiag,41,bia,314873,321.000000,237.463000,300.083,ok,157145.0,2.0037099494097808
industrial-plants,plant04,nodiag,41,bae,525105,321.000000,237.463000,601.995,ok,157145.0,3.341531706385822
industrial-plants,plant04,nodiag,41,nbs,310668,321.000000,237.463000,293.716,ok,157145.0,1.9769512233924083
industrial-plants,plant04,nodiag,41,gbfs,36100,321.000000,237.463000,28.973,subopt,157145.0,0.22972414012536194
industrial-plants,plant04,nodiag,42,astar,273176,768.000000,638.166000,225.108,ok,0.0,
industrial-plants,plant04,nodiag,42,rastar,769,768.000000,638.166000,1.919,ok,0.0,
industrial-plants,plant04,nodiag,42,mm,2393073,768.000000,638.166000,2967.469,ok,0.0,
industrial-plants,plant04,nodiag,42,bia,1294,768.000000,638.166000,2.529,ok,0.0,
industrial-plants,plant04,nodiag,42,bae,1294,768.000000,638.166000,5.494,ok,0.0,
industrial-plants,plant04,nodiag,42,nbs,5524606,768.000000,638.166000,7357.795,ok,0.0,
industrial-plants,plant04,nodiag,42,gbfs,1294,768.000000,638.166000,2.155,subopt,0.0,
industrial-plants,plant04,nodiag,43,astar,688,687.000000,512.793000,1.446,ok,0.0,
industrial-plants,plant04,nodiag,43,rastar,2488,687.000000,512.793000,8.222,ok,0.0,
industrial-plants,plant04,nodiag,43,mm,2487,687.000000,512.793000,7.660,ok,0.0,
industrial-plants,plant04,nodiag,43,bia,943,687.000000,512.793000,2.043,ok,0.0,
industrial-plants,plant04,nodiag,43,bae,943,687.000000,512.793000,4.164,ok,0.0,
industrial-plants,plant04,nodiag,43,nbs,4201151,687.000000,512.793000,5588.670,ok,0.0,
industrial-plants,plant04,nodiag,43,gbfs,944,687.000000,512.793000,1.527,subopt,0.0,
industrial-plants,plant04,nodiag,44,astar,379,378.000000,285.740000,0.928,ok,0.0,
industrial-plants,plant04,nodiag,44,rastar,379,378.000000,285.740000,1.725,ok,0.0,
industrial-plants,plant04,nodiag,44,mm,39396,378.000000,285.740000,54.558,ok,0.0,
industrial-plants,plant04,nodiag,44,bia,378,378.000000,285.740000,0.987,ok,0.0,
industrial-plants,plant04,nodiag,44,bae,378,378.000000,285.740000,1.998,ok,0.0,
industrial-plants,plant04,nodiag,44,nbs,275139,378.000000,285.740000,267.898,ok,0.0,
industrial-plants,plant04,nodiag,44,gbfs,378,378.000000,285.740000,0.795,subopt,0.0,
industrial-plants,plant04,nodiag,45,astar,137716,301.000000,222.900000,122.190,ok,137705.0,1.0000798809048328
industrial-plants,plant04,nodiag,45,rastar,447602,301.000000,222.900000,415.667,ok,137705.0,3.25044116045169
industrial-plants,plant04,nodiag,45,mm,386985,301.000000,222.900000,437.621,ok,137705.0,2.810246541519916
industrial-plants,plant04,nodiag,45,bia,275419,301.000000,222.900000,348.400,ok,137705.0,2.000065357103954
industrial-plants,plant04,nodiag,45,bae,531975,301.000000,222.900000,755.158,ok,137705.0,3.8631494862205438
industrial-plants,plant04,nodiag,45,nbs,239310,301.000000,222.900000,230.477,ok,137705.0,1.7378453941396463
industrial-plants,plant04,nodiag,45,gbfs,718,309.000000,222.900000,1.682,subopt,137705.0,0.0052140445154496935
industrial-plants,plant04,nodiag,46,astar,22703,476.000000,410.896000,32.407,ok,0.0,
industrial-plants,plant04,nodiag,46,rastar,216957,476.000000,410.896000,175.103,ok,0.0,
industrial-plants,plant04,nodiag,46,mm,266477,476.000000,410.896000,312.340,ok,0.0,
industrial-plants,plant04,nodiag,46,bia,45295,476.000000,410.896000,49.678,ok,0.0,
industrial-plants,plant04,nodiag,46,bae,45295,476.000000,410.896000,51.554,ok,0.0,
industrial-plants,plant04,nodiag,46,nbs,377767,476.000000,410.896000,378.385,ok,0.0,
industrial-plants,plant04,nodiag,46,gbfs,970,480.000000,410.896000,1.865,subopt,0.0,
industrial-plants,plant04,nodiag,47,astar,323,322.000000,254.464000,1.187,ok,0.0,
industrial-plants,plant04,nodiag,47,rastar,323,322.000000,254.464000,1.663,ok,0.0,
industrial-plants,plant04,nodiag,47,mm,111249,322.000000,254.464000,125.273,ok,0.0,
industrial-plants,plant04,nodiag,47,bia,322,322.000000,254.464000,0.550,ok,0.0,
industrial-plants,plant04,nodiag,47,bae,322,322.000000,254.464000,1.070,ok,0.0,
industrial-plants,plant04,nodiag,47,nbs,296517,322.000000,254.464000,306.272,ok,0.0,
industrial-plants,plant04,nodiag,47,gbfs,322,322.000000,254.464000,0.814,subopt,0.0,
industrial-plants,plant04,nodiag,48,astar,937,936.000000,710.022000,3.592,ok,0.0,
industrial-plants,plant04,nodiag,48,rastar,8929,936.000000,710.022000,17.848,ok,0.0,
industrial-plants,plant04,nodiag,48,mm,3363222,936.000000,710.022000,4231.198,ok,0.0,
industrial-plants,plant04,nodiag,48,bia,936,936.000000,710.022000,2.109,ok,0.0,
industrial-plants,plant04,nodiag,48,bae,936,936.000000,710.022000,4.707,ok,0.0,
industrial-plants,plant04,nodiag,48,nbs,10101883,936.000000,710.022000,14435.605,ok,0.0,
industrial-plants,plant04,nodiag,48,gbfs,936,936.000000,710.022000,1.541,subopt,0.0,
industrial-plants,plant04,nodiag,49,astar,1079,530.000000,379.825000,2.175,ok,0.0,
industrial-plants,plant04,nodiag,49,rastar,531,530.000000,379.825000,2.162,ok,0.0,
industrial-plants,plant04,nodiag,49,mm,1075648,530.000000,379.825000,1261.957,ok,0.0,
industrial-plants,plant04,nodiag,49,bia,530,530.000000,379.825000,1.010,ok,0.0,
industrial-plants,plant04,nodiag,49,bae,530,530.000000,379.825000,1.966,ok,0.0,
industrial-plants,plant04,nodiag,49,nbs,2463427,530.000000,379.825000,3033.039,ok,0.0,
industrial-plants,plant04,nodiag,49,gbfs,530,530.000000,379.825000,1.044,subopt,0.0,
industrial-plants,plant04,nodiag,50,astar,827549,811.000000,624.988000,880.767,ok,0.0,
industrial-plants,plant04,nodiag,50,rastar,812,811.000000,624.988000,2.566,ok,0.0,
industrial-plants,plant04,nodiag,50,mm,437896,811.000000,624.988000,589.846,ok,0.0,
industrial-plants,plant04,nodiag,50,bia,1440,811.000000,624.988000,2.163,ok,0.0,
industrial-plants,plant04,nodiag,50,bae,1440,811.000000,624.988000,4.671,ok,0.0,
industrial-plants,plant04,nodiag,50,nbs,8264185,811.000000,624.988000,11519.327,ok,0.0,
industrial-plants,plant04,nodiag,50,gbfs,1440,811.000000,624.988000,4.259,subopt,0.0,
industrial-plants,plant04,nodiag,51,astar,778,777.000000,634.380000,2.275,ok,0.0,
industrial-plants,plant04,nodiag,51,rastar,778,777.000000,634.380000,3.537,ok,0.0,
industrial-plants,plant04,nodiag,51,mm,777,777.000000,634.380000,5.583,ok,0.0,
industrial-plants,plant04,nodiag,51,bia,777,777.000000,634.380000,3.214,ok,0.0,
industrial-plants,plant04,nodiag,51,bae,777,777.000000,634.380000,4.133,ok,0.0,
industrial-plants,plant04,nodiag,51,nbs,1976799,777.000000,634.380000,2411.075,ok,0.0,
industrial-plants,plant04,nodiag,51,gbfs,778,777.000000,634.380000,2.100,subopt,0.0,
industrial-plants,plant04,nodiag,52,astar,410,409.000000,305.109000,1.429,ok,0.0,
industrial-plants,plant04,nodiag,52,rastar,410,409.000000,305.109000,2.045,ok,0.0,
industrial-plants,plant04,nodiag,52,mm,409,409.000000,305.109000,3.078,ok,0.0,
industrial-plants,plant04,nodiag,52,bia,409,409.000000,305.109000,2.139,ok,0.0,
industrial-plants,plant04,nodiag,52,bae,409,409.000000,305.109000,2.293,ok,0.0,
industrial-plants,plant04,nodiag,52,nbs,1111501,409.000000,305.109000,1306.736,ok,0.0,
industrial-plants,plant04,nodiag,52,gbfs,410,409.000000,305.109000,0.954,subopt,0.0,
industrial-plants,plant04,nodiag,53,astar,362,361.000000,285.274000,1.234,ok,0.0,
industrial-plants,plant04,nodiag,53,rastar,362,361.000000,285.274000,1.692,ok,0.0,
industrial-plants,plant04,nodiag,53,mm,361,361.000000,285.274000,2.591,ok,0.0,
industrial-plants,plant04,nodiag,53,bia,361,361.000000,285.274000,1.794,ok,0.0,
industrial-plants,plant04,nodiag,53,bae,361,361.000000,285.274000,1.930,ok,0.0,
industrial-plants,plant04,nodiag,53,nbs,54005,361.000000,285.274000,73.444,ok,0.0,
industrial-plants,plant04,nodiag,53,gbfs,362,361.000000,285.274000,0.766,subopt,0.0,
industrial-plants,plant04,nodiag,54,astar,211299,500.000000,365.507000,170.612,ok,207235.0,1.0196105870147416
industrial-plants,plant04,nodiag,54,rastar,1390646,500.000000,365.507000,1329.820,ok,207235.0,6.710478442348059
industrial-plants,plant04,nodiag,54,mm,981254,500.000000,365.507000,1033.635,ok,207235.0,4.734982025237049
industrial-plants,plant04,nodiag,54,bia,420937,500.000000,365.507000,483.629,ok,207235.0,2.0312061186575625
industrial-plants,plant04,nodiag,54,bae,1943532,500.000000,365.507000,2953.499,ok,207235.0,9.378396506381645
industrial-plants,plant04,nodiag,54,nbs,1428154,500.000000,365.507000,1669.473,ok,207235.0,6.891471035298092
industrial-plants,plant04,nodiag,54,gbfs,36914,500.000000,365.507000,33.897,subopt,207235.0,0.17812628175742515
industrial-plants,plant04,nodiag,55,astar,386469,489.000000,336.281000,306.094,ok,379304.0,1.0188898614304094
industrial-plants,plant04,nodiag,55,rastar,1135439,489.000000,336.281000,1083.588,ok,379304.0,2.9934801636681923
industrial-plants,plant04,nodiag,55,mm,1082033,489.000000,336.281000,1282.243,ok,379304.0,2.852680172104697
industrial-plants,plant04,nodiag,55,bia,770791,489.000000,336.281000,907.654,ok,379304.0,2.032119355451037
industrial-plants,plant04,nodiag,55,bae,1768423,489.000000,336.281000,2570.335,ok,379304.0,4.662284078206399
industrial-plants,plant04,nodiag,55,nbs,1449678,489.000000,336.281000,1638.173,ok,379304.0,3.8219422943074686
industrial-plants,plant04,nodiag,55,gbfs,17866,489.000000,336.281000,17.533,subopt,379304.0,0.047102060616286676
industrial-plants,plant04,nodiag,56,astar,146767,903.000000,587.924000,128.502,ok,0.0,
industrial-plants,plant04,nodiag,56,rastar,904,903.000000,587.924000,2.517,ok,0.0,
industrial-plants,plant04,nodiag,56,mm,52396,903.000000,587.924000,65.182,ok,0.0,
industrial-plants,plant04,nodiag,56,bia,1104,903.000000,587.924000,2.229,ok,0.0,
industrial-plants,plant04,nodiag,56,bae,1104,903.000000,587.924000,4.352,ok,0.0,
industrial-plants,plant04,nodiag,56,nbs,18623612,903.000000,587.924000,32080.640,ok,0.0,
industrial-plants,plant04,nodiag,56,gbfs,1104,903.000000,587.924000,1.981,subopt,0.0,
industrial-plants,plant04,nodiag,57,astar,494,493.000000,419.421000,1.300,ok,0.0,
industrial-plants,plant04,nodiag,57,rastar,780,493.000000,419.421000,3.395,ok,0.0,
industrial-plants,plant04,nodiag,57,mm,493,493.000000,419.421000,3.743,ok,0.0,
industrial-plants,plant04,nodiag,57,bia,493,493.000000,419.421000,2.676,ok,0.0,
industrial-plants,plant04,nodiag,57,bae,493,493.000000,419.421000,2.848,ok,0.0,
industrial-plants,plant04,nodiag,57,nbs,469383,493.000000,419.421000,507.299,ok,0.0,
industrial-plants,plant04,nodiag,57,gbfs,494,493.000000,419.421000,1.199,subopt,0.0,
industrial-plants,plant04,nodiag,58,astar,437,436.000000,295.664000,1.737,ok,0.0,
industrial-plants,plant04,nodiag,58,rastar,977004,436.000000,295.664000,835.942,ok,0.0,
industrial-plants,plant04,nodiag,58,mm,1286179,436.000000,295.664000,1649.681,ok,0.0,
industrial-plants,plant04,nodiag,58,bia,865,436.000000,295.664000,2.004,ok,0.0,
industrial-plants,plant04,nodiag,58,bae,865,436.000000,295.664000,3.984,ok,0.0,
industrial-plants,plant04,nodiag,58,nbs,1398207,436.000000,295.664000,1746.550,ok,0.0,
industrial-plants,plant04,nodiag,58,gbfs,866,436.000000,295.664000,1.335,subopt,0.0,
industrial-plants,plant04,nodiag,59,astar,707,426.000000,295.349000,1.687,ok,0.0,
industrial-plants,plant04,nodiag,59,rastar,427,426.000000,295.349000,2.254,ok,0.0,
industrial-plants,plant04,nodiag,59,mm,534475,426.000000,295.349000,602.463,ok,0.0,
industrial-plants,plant04,nodiag,59,bia,426,426.000000,295.349000,0.938,ok,0.0,
industrial-plants,plant04,nodiag,59,bae,426,426.000000,295.349000,1.757,ok,0.0,
industrial-plants,plant04,nodiag,59,nbs,1416901,426.000000,295.349000,1720.549,ok,0.0,
industrial-plants,plant04,nodiag,59,gbfs,426,426.000000,295.349000,1.044,subopt,0.0,
industrial-plants,plant04,nodiag,60,astar,437,436.000000,368.635000,1.292,ok,0.0,
industrial-plants,plant04,nodiag,60,rastar,437,436.000000,368.635000,1.803,ok,0.0,
industrial-plants,plant04,nodiag,60,mm,3380,436.000000,368.635000,12.213,ok,0.0,
industrial-plants,plant04,nodiag,60,bia,436,436.000000,368.635000,0.749,ok,0.0,
industrial-plants,plant04,nodiag,60,bae,436,436.000000,368.635000,1.486,ok,0.0,
industrial-plants,plant04,nodiag,60,nbs,17882,436.000000,368.635000,31.505,ok,0.0,
industrial-plants,plant04,nodiag,60,gbfs,436,436.000000,368.635000,0.585,subopt,0.0,
industrial-plants,plant04,nodiag,61,astar,430,429.000000,337.944000,1.097,ok,0.0,
industrial-plants,plant04,nodiag,61,rastar,1257,429.000000,337.944000,5.246,ok,0.0,
industrial-plants,plant04,nodiag,61,mm,429,429.000000,337.944000,2.923,ok,0.0,
industrial-plants,plant04,nodiag,61,bia,429,429.000000,337.944000,2.278,ok,0.0,
industrial-plants,plant04,nodiag,61,bae,429,429.000000,337.944000,2.466,ok,0.0,
industrial-plants,plant04,nodiag,61,nbs,530171,429.000000,337.944000,575.429,ok,0.0,
industrial-plants,plant04,nodiag,61,gbfs,430,429.000000,337.944000,1.367,subopt,0.0,
industrial-plants,plant04,nodiag,62,astar,966,965.000000,611.537000,4.808,ok,0.0,
industrial-plants,plant04,nodiag,62,rastar,14477,965.000000,611.537000,28.002,ok,0.0,
industrial-plants,plant04,nodiag,62,mm,12666041,965.000000,611.537000,17078.560,ok,0.0,
industrial-plants,plant04,nodiag,62,bia,1097,965.000000,611.537000,2.272,ok,0.0,
industrial-plants,plant04,nodiag,62,bae,1097,965.000000,611.537000,4.558,ok,0.0,
industrial-plants,plant04,nodiag,62,nbs,27975346,965.000000,611.537000,51218.188,ok,0.0,
industrial-plants,plant04,nodiag,62,gbfs,1098,965.000000,611.537000,1.956,subopt,0.0,
industrial-plants,plant04,nodiag,63,astar,432,431.000000,319.415000,0.925,ok,0.0,
industrial-plants,plant04,nodiag,63,rastar,432,431.000000,319.415000,1.622,ok,0.0,
industrial-plants,plant04,nodiag,63,mm,431,431.000000,319.415000,3.069,ok,0.0,
industrial-plants,plant04,nodiag,63,bia,431,431.000000,319.415000,2.138,ok,0.0,
industrial-plants,plant04,nodiag,63,bae,431,431.000000,319.415000,2.296,ok,0.0,
industrial-plants,plant04,nodiag,63,nbs,535780,431.000000,319.415000,585.785,ok,0.0,
industrial-plants,plant04,nodiag,63,gbfs,432,431.000000,319.415000,0.977,subopt,0.0,
industrial-plants,plant04,nodiag,64,astar,279,278.000000,229.225000,1.063,ok,0.0,
industrial-plants,plant04,nodiag,64,rastar,279,278.000000,229.225000,1.432,ok,0.0,
industrial-plants,plant04,nodiag,64,mm,95062,278.000000,229.225000,114.838,ok,0.0,
industrial-plants,plant04,nodiag,64,bia,278,278.000000,229.225000,0.597,ok,0.0,
industrial-plants,plant04,nodiag,64,bae,278,278.000000,229.225000,1.154,ok,0.0,
industrial-plants,plant04,nodiag,64,nbs,252891,278.000000,229.225000,253.210,ok,0.0,
industrial-plants,plant04,nodiag,64,gbfs,278,278.000000,229.225000,0.552,subopt,0.0,
industrial-plants,plant04,nodiag,65,astar,305,304.000000,243.555000,0.892,ok,0.0,
industrial-plants,plant04,nodiag,65,rastar,236233,304.000000,243.555000,194.247,ok,0.0,
industrial-plants,plant04,nodiag,65,mm,127877,304.000000,243.555000,136.841,ok,0.0,
industrial-plants,plant04,nodiag,65,bia,541,304.000000,243.555000,1.134,ok,0.0,
industrial-plants,plant04,nodiag,65,bae,541,304.000000,243.555000,2.144,ok,0.0,
industrial-plants,plant04,nodiag,65,nbs,87031,304.000000,243.555000,89.368,ok,0.0,
industrial-plants,plant04,nodiag,65,gbfs,542,304.000000,243.555000,0.908,subopt,0.0,
industrial-plants,plant04,nodiag,66,astar,588,587.000000,372.686000,1.564,ok,0.0,
industrial-plants,plant04,nodiag,66,rastar,588,587.000000,372.686000,2.807,ok,0.0,
industrial-plants,plant04,nodiag,66,mm,587,587.000000,372.686000,4.277,ok,0.0,
industrial-plants,plant04,nodiag,66,bia,587,587.000000,372.686000,3.004,ok,0.0,
industrial-plants,plant04,nodiag,66,bae,587,587.000000,372.686000,3.227,ok,0.0,
industrial-plants,plant04,nodiag,66,nbs,6349569,587.000000,372.686000,9884.853,ok,0.0,
industrial-plants,plant04,nodiag,66,gbfs,588,587.000000,372.686000,1.456,subopt,0.0,
industrial-plants,plant04,nodiag,67,astar,1100,751.000000,523.999000,4.817,ok,0.0,
industrial-plants,plant04,nodiag,67,rastar,752,751.000000,523.999000,3.340,ok,0.0,
industrial-plants,plant04,nodiag,67,mm,754,751.000000,523.999000,5.403,ok,0.0,
industrial-plants,plant04,nodiag,67,bia,754,751.000000,523.999000,3.470,ok,0.0,
industrial-plants,plant04,nodiag,67,bae,754,751.000000,523.999000,4.050,ok,0.0,
industrial-plants,plant04,nodiag,67,nbs,9273064,751.000000,523.999000,14150.704,ok,0.0,
industrial-plants,plant04,nodiag,67,gbfs,754,751.000000,523.999000,1.696,subopt,0.0,
industrial-plants,plant04,nodiag,68,astar,709,708.000000,674.625000,2.280,ok,0.0,
industrial-plants,plant04,nodiag,68,rastar,143633,708.000000,674.625000,130.658,ok,0.0,
industrial-plants,plant04,nodiag,68,mm,297138,708.000000,674.625000,361.128,ok,0.0,
industrial-plants,plant04,nodiag,68,bia,1393,708.000000,674.625000,3.332,ok,0.0,
industrial-plants,plant04,nodiag,68,bae,1393,708.000000,674.625000,5.117,ok,0.0,
industrial-plants,plant04,nodiag,68,nbs,375831,708.000000,674.625000,376.258,ok,0.0,
industrial-plants,plant04,nodiag,68,gbfs,1394,708.000000,674.625000,3.283,subopt,0.0,
industrial-plants,plant04,nodiag,69,astar,25817,140.000000,134.535000,26.040,ok,23955.0,1.0777290753496138
industrial-plants,plant04,nodiag,69,rastar,43676,140.000000,134.535000,34.245,ok,23955.0,1.8232519307034023
industrial-plants,plant04,nodiag,69,mm,61315,140.000000,134.535000,53.512,ok,23955.0,2.559590899603423
industrial-plants,plant04,nodiag,69,bia,51541,140.000000,134.535000,43.722,ok,23955.0,2.1515758714255897
industrial-plants,plant04,nodiag,69,bae,60223,140.000000,134.535000,51.371,ok,23955.0,2.5140054268419956
industrial-plants,plant04,nodiag,69,nbs,61452,140.000000,134.535000,54.796,ok,23955.0,2.5653099561678148
industrial-plants,plant04,nodiag,69,gbfs,51230,238.000000,134.535000,44.623,subopt,23955.0,2.1385931955750364
industrial-plants,plant04,nodiag,70,astar,3429,646.000000,416.738000,5.350,ok,0.0,
industrial-plants,plant04,nodiag,70,rastar,6323,646.000000,416.738000,7.084,ok,0.0,
industrial-plants,plant04,nodiag,70,mm,3068215,646.000000,416.738000,3813.416,ok,0.0,
industrial-plants,plant04,nodiag,70,bia,771,646.000000,416.738000,2.077,ok,0.0,
industrial-plants,plant04,nodiag,70,bae,771,646.000000,416.738000,3.995,ok,0.0,
industrial-plants,plant04,nodiag,70,nbs,6955875,646.000000,416.738000,10536.223,ok,0.0,
industrial-plants,plant04,nodiag,70,gbfs,772,646.000000,416.738000,1.812,subopt,0.0,
industrial-plants,plant04,nodiag,71,astar,373,244.000000,201.564000,1.340,ok,0.0,
industrial-plants,plant04,nodiag,71,rastar,245,244.000000,201.564000,1.273,ok,0.0,
industrial-plants,plant04,nodiag,71,mm,59975,244.000000,201.564000,71.323,ok,0.0,
industrial-plants,plant04,nodiag,71,bia,244,244.000000,201.564000,0.662,ok,0.0,
industrial-plants,plant04,nodiag,71,bae,244,244.000000,201.564000,1.255,ok,0.0,
industrial-plants,plant04,nodiag,71,nbs,148402,244.000000,201.564000,133.263,ok,0.0,
industrial-plants,plant04,nodiag,71,gbfs,244,244.000000,201.564000,0.552,subopt,0.0,
industrial-plants,plant04,nodiag,72,astar,554,553.000000,372.075000,2.094,ok,0.0,
industrial-plants,plant04,nodiag,72,rastar,554,553.000000,372.075000,2.775,ok,0.0,
industrial-plants,plant04,nodiag,72,mm,553,553.000000,372.075000,4.140,ok,0.0,
industrial-plants,plant04,nodiag,72,bia,553,553.000000,372.075000,2.880,ok,0.0,
industrial-plants,plant04,nodiag,72,bae,553,553.000000,372.075000,3.092,ok,0.0,
industrial-plants,plant04,nodiag,72,nbs,2399141,553.000000,372.075000,2842.050,ok,0.0,
industrial-plants,plant04,nodiag,72,gbfs,554,553.000000,372.075000,1.277,subopt,0.0,
industrial-plants,plant04,nodiag,73,astar,321,320.000000,295.605000,1.103,ok,0.0,
industrial-plants,plant04,nodiag,73,rastar,12941,320.000000,295.605000,26.693,ok,0.0,
industrial-plants,plant04,nodiag,73,mm,20933,320.000000,295.605000,25.942,ok,0.0,
industrial-plants,plant04,nodiag,73,bia,577,320.000000,295.605000,1.098,ok,0.0,
industrial-plants,plant04,nodiag,73,bae,577,320.000000,295.605000,2.108,ok,0.0,
industrial-plants,plant04,nodiag,73,nbs,32689,320.000000,295.605000,41.959,ok,0.0,
industrial-plants,plant04,nodiag,73,gbfs,578,320.000000,295.605000,1.225,subopt,0.0,
industrial-plants,plant04,nodiag,74,astar,344,343.000000,246.360000,1.039,ok,0.0,
industrial-plants,plant04,nodiag,74,rastar,344,343.000000,246.360000,1.629,ok,0.0,
industrial-plants,plant04,nodiag,74,mm,343,343.000000,246.360000,2.424,ok,0.0,
industrial-plants,plant04,nodiag,74,bia,343,343.000000,246.360000,1.710,ok,0.0,
industrial-plants,plant04,nodiag,74,bae,343,343.000000,246.360000,1.822,ok,0.0,
industrial-plants,plant04,nodiag,74,nbs,76829,343.000000,246.360000,83.865,ok,0.0,
industrial-plants,plant04,nodiag,74,gbfs,344,343.000000,246.360000,0.495,subopt,0.0,
industrial-plants,plant04,nodiag,75,astar,511,510.000000,377.209000,1.304,ok,0.0,
industrial-plants,plant04,nodiag,75,rastar,511,510.000000,377.209000,2.361,ok,0.0,
industrial-plants,plant04,nodiag,75,mm,23800,510.000000,377.209000,44.156,ok,0.0,
industrial-plants,plant04,nodiag,75,bia,510,510.000000,377.209000,0.958,ok,0.0,
industrial-plants,plant04,nodiag,75,bae,510,510.000000,377.209000,1.852,ok,0.0,
industrial-plants,plant04,nodiag,75,nbs,78917,510.000000,377.209000,96.819,ok,0.0,
industrial-plants,plant04,nodiag,75,gbfs,510,510.000000,377.209000,1.075,subopt,0.0,
industrial-plants,plant04,nodiag,76,astar,555,554.000000,457.872000,1.930,ok,0.0,
industrial-plants,plant04,nodiag,76,rastar,7809,554.000000,457.872000,22.478,ok,0.0,
industrial-plants,plant04,nodiag,76,mm,805425,554.000000,457.872000,949.983,ok,0.0,
industrial-plants,plant04,nodiag,76,bia,825,554.000000,457.872000,1.518,ok,0.0,
industrial-plants,plant04,nodiag,76,bae,825,554.000000,457.872000,3.083,ok,0.0,
industrial-plants,plant04,nodiag,76,nbs,1774301,554.000000,457.872000,2174.090,ok,0.0,
industrial-plants,plant04,nodiag,76,gbfs,826,554.000000,457.872000,3.152,subopt,0.0,
industrial-plants,plant04,nodiag,77,astar,573,572.000000,368.119000,2.807,ok,0.0,
industrial-plants,plant04,nodiag,77,rastar,573,572.000000,368.119000,2.848,ok,0.0,
industrial-plants,plant04,nodiag,77,mm,2765704,572.000000,368.119000,3389.720,ok,0.0,
industrial-plants,plant04,nodiag,77,bia,572,572.000000,368.119000,1.637,ok,0.0,
industrial-plants,plant04,nodiag,77,bae,572,572.000000,368.119000,3.142,ok,0.0,
industrial-plants,plant04,nodiag,77,nbs,5451590,572.000000,368.119000,7573.264,ok,0.0,
industrial-plants,plant04,nodiag,77,gbfs,572,572.000000,368.119000,0.999,subopt,0.0,
industrial-plants,plant04,nodiag,78,astar,288,287.000000,263.672000,0.777,ok,0.0,
industrial-plants,plant04,nodiag,78,rastar,55054,287.000000,263.672000,56.004,ok,0.0,
industrial-plants,plant04,nodiag,78,mm,40652,287.000000,263.672000,50.228,ok,0.0,
industrial-plants,plant04,nodiag,78,bia,539,287.000000,263.672000,0.815,ok,0.0,
industrial-plants,plant04,nodiag,78,bae,539,287.000000,263.672000,1.566,ok,0.0,
industrial-plants,plant04,nodiag,78,nbs,23803,287.000000,263.672000,34.473,ok,0.0,
industrial-plants,plant04,nodiag,78,gbfs,540,287.000000,263.672000,1.299,subopt,0.0,
industrial-plants,plant04,nodiag,79,astar,374,373.000000,269.902000,1.360,ok,0.0,
industrial-plants,plant04,nodiag,79,rastar,374,373.000000,269.902000,1.652,ok,0.0,
industrial-plants,plant04,nodiag,79,mm,373,373.000000,269.902000,2.449,ok,0.0,
industrial-plants,plant04,nodiag,79,bia,373,373.000000,269.902000,1.712,ok,0.0,
industrial-plants,plant04,nodiag,79,bae,373,373.000000,269.902000,1.829,ok,0.0,
industrial-plants,plant04,nodiag,79,nbs,74071,373.000000,269.902000,91.689,ok,0.0,
industrial-plants,plant04,nodiag,79,gbfs,374,373.000000,269.902000,0.783,subopt,0.0,
industrial-plants,plant04,nodiag,80,astar,286,285.000000,253.953000,1.076,ok,0.0,
industrial-plants,plant04,nodiag,80,rastar,9651,285.000000,253.953000,23.014,ok,0.0,
industrial-plants,plant04,nodiag,80,mm,10338,285.000000,253.953000,18.844,ok,0.0,
industrial-plants,plant04,nodiag,80,bia,461,285.000000,253.953000,0.948,ok,0.0,
industrial-plants,plant04,nodiag,80,bae,461,285.000000,253.953000,1.832,ok,0.0,
industrial-plants,plant04,nodiag,80,nbs,23202,285.000000,253.953000,36.783,ok,0.0,
industrial-plants,plant04,nodiag,80,gbfs,462,285.000000,253.953000,1.050,subopt,0.0,
industrial-plants,plant04,nodiag,81,astar,147797,346.000000,285.894000,155.209,ok,147766.0,1.0002097911562877
industrial-plants,plant04,nodiag,81,rastar,854743,346.000000,285.894000,797.981,ok,147766.0,5.784436203186119
industrial-plants,plant04,nodiag,81,mm,736498,346.000000,285.894000,898.594,ok,147766.0,4.984218291081846
industrial-plants,plant04,nodiag,81,bia,295581,346.000000,285.894000,333.124,ok,147766.0,2.0003316053760676
industrial-plants,plant04,nodiag,81,bae,552443,346.000000,285.894000,705.437,ok,147766.0,3.7386340565488676
industrial-plants,plant04,nodiag,81,nbs,279778,346.000000,285.894000,282.974,ok,147766.0,1.8933854878659502
industrial-plants,plant04,nodiag,81,gbfs,806,354.000000,285.894000,1.699,subopt,147766.0,0.005454570063478744
industrial-plants,plant04,nodiag,82,astar,589,588.000000,481.387000,2.569,ok,0.0,
industrial-plants,plant04,nodiag,82,rastar,1729,588.000000,481.387000,7.139,ok,0.0,
industrial-plants,plant04,nodiag,82,mm,25289,588.000000,481.387000,37.764,ok,0.0,
industrial-plants,plant04,nodiag,82,bia,588,588.000000,481.387000,1.479,ok,0.0,
industrial-plants,plant04,nodiag,82,bae,588,588.000000,481.387000,3.011,ok,0.0,
industrial-plants,plant04,nodiag,82,nbs,71441,588.000000,481.387000,86.654,ok,0.0,
industrial-plants,plant04,nodiag,82,gbfs,588,588.000000,481.387000,1.279,subopt,0.0,
industrial-plants,plant04,nodiag,83,astar,702,701.000000,467.370000,2.790,ok,0.0,
industrial-plants,plant04,nodiag,83,rastar,25816,701.000000,467.370000,39.208,ok,0.0,
industrial-plants,plant04,nodiag,83,mm,1347703,701.000000,467.370000,1534.723,ok,0.0,
industrial-plants,plant04,nodiag,83,bia,857,701.000000,467.370000,2.376,ok,0.0,
industrial-plants,plant04,nodiag,83,bae,857,701.000000,467.370000,4.632,ok,0.0,
industrial-plants,plant04,nodiag,83,nbs,5596389,701.000000,467.370000,7995.985,ok,0.0,
industrial-plants,plant04,nodiag,83,gbfs,858,701.000000,467.370000,1.937,subopt,0.0,
industrial-plants,plant04,nodiag,84,astar,457,456.000000,320.054000,1.709,ok,0.0,
industrial-plants,plant04,nodiag,84,rastar,6697,456.000000,320.054000,19.168,ok,0.0,
industrial-plants,plant04,nodiag,84,mm,308712,456.000000,320.054000,325.093,ok,0.0,
industrial-plants,plant04,nodiag,84,bia,479,456.000000,320.054000,1.001,ok,0.0,
industrial-plants,plant04,nodiag,84,bae,479,456.000000,320.054000,1.911,ok,0.0,
industrial-plants,plant04,nodiag,84,nbs,1442322,456.000000,320.054000,1775.542,ok,0.0,
industrial-plants,plant04,nodiag,84,gbfs,480,456.000000,320.054000,0.856,subopt,0.0,
industrial-plants,plant04,nodiag,85,astar,717,716.000000,476.327000,1.397,ok,0.0,
industrial-plants,plant04,nodiag,85,rastar,717,716.000000,476.327000,2.590,ok,0.0,
industrial-plants,plant04,nodiag,85,mm,4730977,716.000000,476.327000,6328.230,ok,0.0,
industrial-plants,plant04,nodiag,85,bia,716,716.000000,476.327000,1.892,ok,0.0,
industrial-plants,plant04,nodiag,85,bae,716,716.000000,476.327000,3.559,ok,0.0,
industrial-plants,plant04,nodiag,85,nbs,9567978,716.000000,476.327000,15229.840,ok,0.0,
industrial-plants,plant04,nodiag,85,gbfs,716,716.000000,476.327000,1.591,subopt,0.0,
industrial-plants,plant04,nodiag,86,astar,417,416.000000,332.729000,1.439,ok,0.0,
industrial-plants,plant04,nodiag,86,rastar,21900,416.000000,332.729000,30.334,ok,0.0,
industrial-plants,plant04,nodiag,86,mm,159733,416.000000,332.729000,189.295,ok,0.0,
industrial-plants,plant04,nodiag,86,bia,561,416.000000,332.729000,1.207,ok,0.0,
industrial-plants,plant04,nodiag,86,bae,561,416.000000,332.729000,2.277,ok,0.0,
industrial-plants,plant04,nodiag,86,nbs,316806,416.000000,332.729000,339.478,ok,0.0,
industrial-plants,plant04,nodiag,86,gbfs,562,416.000000,332.729000,1.013,subopt,0.0,
industrial-plants,plant04,nodiag,87,astar,496,495.000000,346.715000,1.132,ok,0.0,
industrial-plants,plant04,nodiag,87,rastar,496,495.000000,346.715000,2.013,ok,0.0,
industrial-plants,plant04,nodiag,87,mm,495,495.000000,346.715000,3.655,ok,0.0,
industrial-plants,plant04,nodiag,87,bia,495,495.000000,346.715000,2.620,ok,0.0,
industrial-plants,plant04,nodiag,87,bae,495,495.000000,346.715000,2.798,ok,0.0,
industrial-plants,plant04,nodiag,87,nbs,1024994,495.000000,346.715000,1242.390,ok,0.0,
industrial-plants,plant04,nodiag,87,gbfs,496,495.000000,346.715000,1.163,subopt,0.0,
industrial-plants,plant04,nodiag,88,astar,665,664.000000,501.315000,2.804,ok,0.0,
industrial-plants,plant04,nodiag,88,rastar,665,664.000000,501.315000,3.194,ok,0.0,
industrial-plants,plant04,nodiag,88,mm,1754525,664.000000,501.315000,2222.044,ok,0.0,
industrial-plants,plant04,nodiag,88,bia,664,664.000000,501.315000,1.383,ok,0.0,
industrial-plants,plant04,nodiag,88,bae,664,664.000000,501.315000,2.655,ok,0.0,
industrial-plants,plant04,nodiag,88,nbs,3832850,664.000000,501.315000,5092.209,ok,0.0,
industrial-plants,plant04,nodiag,88,gbfs,664,664.000000,501.315000,1.177,subopt,0.0,
industrial-plants,plant04,nodiag,89,astar,199091,622.000000,575.834000,180.825,ok,196808.0,1.011600138205764
industrial-plants,plant04,nodiag,89,rastar,354408,622.000000,575.834000,356.371,ok,196808.0,1.8007804560790213
industrial-plants,plant04,nodiag,89,mm,561801,622.000000,575.834000,735.212,ok,196808.0,2.8545638388683385
industrial-plants,plant04,nodiag,89,bia,397539,622.000000,575.834000,475.303,ok,196808.0,2.01993313279948
industrial-plants,plant04,nodiag,89,bae,517431,622.000000,575.834000,744.744,ok,196808.0,2.629115686354213
industrial-plants,plant04,nodiag,89,nbs,455716,622.000000,575.834000,535.966,ok,196808.0,2.3155359538230154
industrial-plants,plant04,nodiag,89,gbfs,1290,626.000000,575.834000,2.335,subopt,196808.0,0.006554611601154425
industrial-plants,plant04,nodiag,90,astar,497,496.000000,381.662000,1.448,ok,0.0,
industrial-plants,plant04,nodiag,90,rastar,717,496.000000,381.662000,2.988,ok,0.0,
industrial-plants,plant04,nodiag,90,mm,36870,496.000000,381.662000,59.327,ok,0.0,
industrial-plants,plant04,nodiag,90,bia,716,496.000000,381.662000,1.196,ok,0.0,
industrial-plants,plant04,nodiag,90,bae,716,496.000000,381.662000,2.411,ok,0.0,
industrial-plants,plant04,nodiag,90,nbs,103609,496.000000,381.662000,121.571,ok,0.0,
industrial-plants,plant04,nodiag,90,gbfs,822,496.000000,381.662000,1.531,subopt,0.0,
industrial-plants,plant04,nodiag,91,astar,276,275.000000,227.589000,1.040,ok,0.0,
industrial-plants,plant04,nodiag,91,rastar,276,275.000000,227.589000,1.413,ok,0.0,
industrial-plants,plant04,nodiag,91,mm,275,275.000000,227.589000,2.061,ok,0.0,
industrial-plants,plant04,nodiag,91,bia,275,275.000000,227.589000,1.468,ok,0.0,
industrial-plants,plant04,nodiag,91,bae,275,275.000000,227.589000,1.564,ok,0.0,
industrial-plants,plant04,nodiag,91,nbs,251469,275.000000,227.589000,252.496,ok,0.0,
industrial-plants,plant04,nodiag,91,gbfs,276,275.000000,227.589000,0.664,subopt,0.0,
industrial-plants,plant04,nodiag,92,astar,303,302.000000,256.309000,1.152,ok,0.0,
industrial-plants,plant04,nodiag,92,rastar,8623,302.000000,256.309000,20.829,ok,0.0,
industrial-plants,plant04,nodiag,92,mm,11296,302.000000,256.309000,16.212,ok,0.0,
industrial-plants,plant04,nodiag,92,bia,437,302.000000,256.309000,1.191,ok,0.0,
industrial-plants,plant04,nodiag,92,bae,437,302.000000,256.309000,2.260,ok,0.0,
industrial-plants,plant04,nodiag,92,nbs,32775,302.000000,256.309000,47.040,ok,0.0,
industrial-plants,plant04,nodiag,92,gbfs,438,302.000000,256.309000,1.313,subopt,0.0,
industrial-plants,plant04,nodiag,93,astar,686,685.000000,535.711000,3.141,ok,0.0,
industrial-plants,plant04,nodiag,93,rastar,11478,685.000000,535.711000,21.543,ok,0.0,
industrial-plants,plant04,nodiag,93,mm,1032386,685.000000,535.711000,1200.191,ok,0.0,
industrial-plants,plant04,nodiag,93,bia,979,685.000000,535.711000,2.337,ok,0.0,
industrial-plants,plant04,nodiag,93,bae,979,685.000000,535.711000,4.651,ok,0.0,
industrial-plants,plant04,nodiag,93,nbs,3637733,685.000000,535.711000,4890.039,ok,0.0,
industrial-plants,plant04,nodiag,93,gbfs,980,685.000000,535.711000,1.421,subopt,0.0,
industrial-plants,plant04,nodiag,94,astar,334,333.000000,291.755000,0.725,ok,0.0,
industrial-plants,plant04,nodiag,94,rastar,334,333.000000,291.755000,1.290,ok,0.0,
industrial-plants,plant04,nodiag,94,mm,333,333.000000,291.755000,2.480,ok,0.0,
industrial-plants,plant04,nodiag,94,bia,333,333.000000,291.755000,1.822,ok,0.0,
industrial-plants,plant04,nodiag,94,bae,333,333.000000,291.755000,1.895,ok,0.0,
industrial-plants,plant04,nodiag,94,nbs,28891,333.000000,291.755000,37.101,ok,0.0,
industrial-plants,plant04,nodiag,94,gbfs,334,333.000000,291.755000,0.747,subopt,0.0,
industrial-plants,plant04,nodiag,95,astar,491,490.000000,397.654000,1.869,ok,0.0,
industrial-plants,plant04,nodiag,95,rastar,16707,490.000000,397.654000,30.803,ok,0.0,
industrial-plants,plant04,nodiag,95,mm,156292,490.000000,397.654000,204.430,ok,0.0,
industrial-plants,plant04,nodiag,95,bia,685,490.000000,397.654000,1.069,ok,0.0,
industrial-plants,plant04,nodiag,95,bae,685,490.000000,397.654000,1.967,ok,0.0,
industrial-plants,plant04,nodiag,95,nbs,402248,490.000000,397.654000,421.634,ok,0.0,
industrial-plants,plant04,nodiag,95,gbfs,686,490.000000,397.654000,1.496,subopt,0.0,
industrial-plants,plant04,nodiag,96,astar,258,257.000000,213.786000,0.969,ok,0.0,
industrial-plants,plant04,nodiag,96,rastar,258,257.000000,213.786000,1.298,ok,0.0,
industrial-plants,plant04,nodiag,96,mm,257,257.000000,213.786000,1.894,ok,0.0,
industrial-plants,plant04,nodiag,96,bia,257,257.000000,213.786000,1.372,ok,0.0,
industrial-plants,plant04,nodiag,96,bae,257,257.000000,213.786000,1.414,ok,0.0,
industrial-plants,plant04,nodiag,96,nbs,187908,257.000000,213.786000,185.725,ok,0.0,
industrial-plants,plant04,nodiag,96,gbfs,258,257.000000,213.786000,0.458,subopt,0.0,
industrial-plants,plant04,nodiag,97,astar,826,467.000000,303.569000,1.867,ok,0.0,
industrial-plants,plant04,nodiag,97,rastar,1480,467.000000,303.569000,6.257,ok,0.0,
industrial-plants,plant04,nodiag,97,mm,467,467.000000,303.569000,3.378,ok,0.0,
industrial-plants,plant04,nodiag,97,bia,467,467.000000,303.569000,2.359,ok,0.0,
industrial-plants,plant04,nodiag,97,bae,467,467.000000,303.569000,2.524,ok,0.0,
industrial-plants,plant04,nodiag,97,nbs,2647873,467.000000,303.569000,3303.744,ok,0.0,
industrial-plants,plant04,nodiag,97,gbfs,468,467.000000,303.569000,0.870,subopt,0.0,
industrial-plants,plant04,nodiag,98,astar,606,605.000000,409.468000,1.624,ok,0.0,
industrial-plants,plant04,nodiag,98,rastar,12981,605.000000,409.468000,26.246,ok,0.0,
industrial-plants,plant04,nodiag,98,mm,406633,605.000000,409.468000,476.997,ok,0.0,
industrial-plants,plant04,nodiag,98,bia,801,605.000000,409.468000,1.555,ok,0.0,
industrial-plants,plant04,nodiag,98,bae,801,605.000000,409.468000,2.931,ok,0.0,
industrial-plants,plant04,nodiag,98,nbs,1998939,605.000000,409.468000,2600.228,ok,0.0,
industrial-plants,plant04,nodiag,98,gbfs,802,605.000000,409.468000,1.761,subopt,0.0,
industrial-plants,plant04,nodiag,99,astar,39185,641.000000,531.458000,38.342,ok,38452.0,1.019062727556434
industrial-plants,plant04,nodiag,99,rastar,38956,641.000000,531.458000,32.442,ok,38452.0,1.0131072505981484
industrial-plants,plant04,nodiag,99,mm,109470,641.000000,531.458000,115.614,ok,38452.0,2.846926037657339
industrial-plants,plant04,nodiag,99,bia,77868,641.000000,531.458000,72.688,ok,38452.0,2.025070217413919
industrial-plants,plant04,nodiag,99,bae,77231,641.000000,531.458000,79.426,ok,38452.0,2.0085041090190368
industrial-plants,plant04,nodiag,99,nbs,357617,641.000000,531.458000,395.718,ok,38452.0,9.300348486424634
industrial-plants,plant04,nodiag,99,gbfs,1570,665.000000,531.458000,2.771,subopt,38452.0,0.04083012587121606
industrial-plants,plant04,nodiag,100,astar,310,309.000000,259.231000,1.084,ok,0.0,
industrial-plants,plant04,nodiag,100,rastar,450705,309.000000,259.231000,402.210,ok,0.0,
industrial-plants,plant04,nodiag,100,mm,359751,309.000000,259.231000,432.509,ok,0.0,
industrial-plants,plant04,nodiag,100,bia,615,309.000000,259.231000,1.241,ok,0.0,
industrial-plants,plant04,nodiag,100,bae,615,309.000000,259.231000,2.326,ok,0.0,
industrial-plants,plant04,nodiag,100,nbs,90481,309.000000,259.231000,95.959,ok,0.0,
industrial-plants,plant04,nodiag,100,gbfs,616,309.000000,259.231000,1.270,subopt,0.0,
industrial-plants,plant04,nodiag,101,astar,506,505.000000,331.817000,1.872,ok,0.0,
industrial-plants,plant04,nodiag,101,rastar,506,505.000000,331.817000,2.645,ok,0.0,
industrial-plants,plant04,nodiag,101,mm,505,505.000000,331.817000,3.798,ok,0.0,
industrial-plants,plant04,nodiag,101,bia,505,505.000000,331.817000,2.746,ok,0.0,
industrial-plants,plant04,nodiag,101,bae,505,505.000000,331.817000,2.921,ok,0.0,
industrial-plants,plant04,nodiag,101,nbs,3464513,505.000000,331.817000,4647.243,ok,0.0,
industrial-plants,plant04,nodiag,101,gbfs,506,505.000000,331.817000,1.265,subopt,0.0,
industrial-plants,plant04,nodiag,102,astar,310,309.000000,256.925000,1.034,ok,0.0,
industrial-plants,plant04,nodiag,102,rastar,3350,309.000000,256.925000,11.547,ok,0.0,
industrial-plants,plant04,nodiag,102,mm,6265,309.000000,256.925000,14.449,ok,0.0,
industrial-plants,plant04,nodiag,102,bia,439,309.000000,256.925000,1.192,ok,0.0,
industrial-plants,plant04,nodiag,102,bae,439,309.000000,256.925000,2.205,ok,0.0,
industrial-plants,plant04,nodiag,102,nbs,37997,309.000000,256.925000,46.125,ok,0.0,
industrial-plants,plant04,nodiag,102,gbfs,440,309.000000,256.925000,0.770,subopt,0.0,
industrial-plants,plant04,nodiag,103,astar,576,575.000000,387.172000,1.738,ok,0.0,
industrial-plants,plant04,nodiag,103,rastar,576,575.000000,387.172000,2.872,ok,0.0,
industrial-plants,plant04,nodiag,103,mm,575,575.000000,387.172000,4.366,ok,0.0,
industrial-plants,plant04,nodiag,103,bia,575,575.000000,387.172000,3.033,ok,0.0,
industrial-plants,plant04,nodiag,103,bae,575,575.000000,387.172000,3.275,ok,0.0,
industrial-plants,plant04,nodiag,103,nbs,3350003,575.000000,387.172000,4645.420,ok,0.0,
industrial-plants,plant04,nodiag,103,gbfs,576,575.000000,387.172000,1.221,subopt,0.0,
industrial-plants,plant04,nodiag,104,astar,44608,378.000000,295.226000,50.091,ok,0.0,
industrial-plants,plant04,nodiag,104,rastar,124745,378.000000,295.226000,98.086,ok,0.0,
industrial-plants,plant04,nodiag,104,mm,224098,378.000000,295.226000,252.626,ok,0.0,
industrial-plants,plant04,nodiag,104,bia,89065,378.000000,295.226000,93.303,ok,0.0,
industrial-plants,plant04,nodiag,104,bae,89065,378.000000,295.226000,101.950,ok,0.0,
industrial-plants,plant04,nodiag,104,nbs,374346,378.000000,295.226000,383.623,ok,0.0,
industrial-plants,plant04,nodiag,104,gbfs,800,384.000000,295.226000,2.957,subopt,0.0,
industrial-plants,plant04,nodiag,105,astar,297,296.000000,237.421000,1.464,ok,0.0,
industrial-plants,plant04,nodiag,105,rastar,555123,296.000000,237.421000,480.049,ok,0.0,
industrial-plants,plant04,nodiag,105,mm,367615,296.000000,237.421000,430.902,ok,0.0,
industrial-plants,plant04,nodiag,105,bia,589,296.000000,237.421000,0.894,ok,0.0,
industrial-plants,plant04,nodiag,105,bae,589,296.000000,237.421000,1.598,ok,0.0,
industrial-plants,plant04,nodiag,105,nbs,36697,296.000000,237.421000,52.457,ok,0.0,
industrial-plants,plant04,nodiag,105,gbfs,590,296.000000,237.421000,0.932,subopt,0.0,
industrial-plants,plant04,nodiag,106,astar,549,548.000000,357.303000,1.193,ok,0.0,
industrial-plants,plant04,nodiag,106,rastar,8185,548.000000,357.303000,20.588,ok,0.0,
industrial-plants,plant04,nodiag,106,mm,1253732,548.000000,357.303000,1451.629,ok,0.0,
industrial-plants,plant04,nodiag,106,bia,548,548.000000,357.303000,1.191,ok,0.0,
industrial-plants,plant04,nodiag,106,bae,548,548.000000,357.303000,2.203,ok,0.0,
industrial-plants,plant04,nodiag,106,nbs,3801779,548.000000,357.303000,5391.717,ok,0.0,
industrial-plants,plant04,nodiag,106,gbfs,548,548.000000,357.303000,0.990,subopt,0.0,
industrial-plants,plant04,nodiag,107,astar,460,459.000000,355.225000,1.243,ok,0.0,
industrial-plants,plant04,nodiag,107,rastar,8962,459.000000,355.225000,23.840,ok,0.0,
industrial-plants,plant04,nodiag,107,mm,459,459.000000,355.225000,1.318,ok,0.0,
industrial-plants,plant04,nodiag,107,bia,459,459.000000,355.225000,1.707,ok,0.0,
industrial-plants,plant04,nodiag,107,bae,459,459.000000,355.225000,2.567,ok,0.0,
industrial-plants,plant04,nodiag,107,nbs,58493,459.000000,355.225000,79.814,ok,0.0,
industrial-plants,plant04,nodiag,107,gbfs,460,459.000000,355.225000,1.009,subopt,0.0,
industrial-plants,plant04,nodiag,108,astar,392,391.000000,310.762000,1.398,ok,0.0,
industrial-plants,plant04,nodiag,108,rastar,392,391.000000,310.762000,1.930,ok,0.0,
industrial-plants,plant04,nodiag,108,mm,391,391.000000,310.762000,2.960,ok,0.0,
industrial-plants,plant04,nodiag,108,bia,391,391.000000,310.762000,2.075,ok,0.0,
industrial-plants,plant04,nodiag,108,bae,391,391.000000,310.762000,2.220,ok,0.0,
industrial-plants,plant04,nodiag,108,nbs,472641,391.000000,310.762000,501.645,ok,0.0,
industrial-plants,plant04,nodiag,108,gbfs,392,391.000000,310.762000,0.726,subopt,0.0,
industrial-plants,plant04,nodiag,109,astar,586,585.000000,424.124000,1.572,ok,0.0,
industrial-plants,plant04,nodiag,109,rastar,586,585.000000,424.124000,2.915,ok,0.0,
industrial-plants,plant04,nodiag,109,mm,585,585.000000,424.124000,4.414,ok,0.0,
industrial-plants,plant04,nodiag,109,bia,585,585.000000,424.124000,3.066,ok,0.0,
industrial-plants,plant04,nodiag,109,bae,585,585.000000,424.124000,3.386,ok,0.0,
industrial-plants,plant04,nodiag,109,nbs,1457153,585.000000,424.124000,1821.828,ok,0.0,
industrial-plants,plant04,nodiag,109,gbfs,586,585.000000,424.124000,1.046,subopt,0.0,
industrial-plants,plant04,nodiag,110,astar,660,659.000000,529.690000,1.719,ok,0.0,
industrial-plants,plant04,nodiag,110,rastar,650237,659.000000,529.690000,753.161,ok,0.0,
industrial-plants,plant04,nodiag,110,mm,1557001,659.000000,529.690000,2010.826,ok,0.0,
industrial-plants,plant04,nodiag,110,bia,1233,659.000000,529.690000,3.316,ok,0.0,
industrial-plants,plant04,nodiag,110,bae,1233,659.000000,529.690000,5.133,ok,0.0,
industrial-plants,plant04,nodiag,110,nbs,2366122,659.000000,529.690000,2804.691,ok,0.0,
industrial-plants,plant04,nodiag,110,gbfs,1234,659.000000,529.690000,2.161,subopt,0.0,
industrial-plants,plant04,nodiag,111,astar,454,453.000000,322.018000,1.181,ok,0.0,
industrial-plants,plant04,nodiag,111,rastar,4264,453.000000,322.018000,12.743,ok,0.0,
industrial-plants,plant04,nodiag,111,mm,453,453.000000,322.018000,1.124,ok,0.0,
industrial-plants,plant04,nodiag,111,bia,453,453.000000,322.018000,1.469,ok,0.0,
industrial-plants,plant04,nodiag,111,bae,453,453.000000,322.018000,2.545,ok,0.0,
industrial-plants,plant04,nodiag,111,nbs,692169,453.000000,322.018000,777.177,ok,0.0,
industrial-plants,plant04,nodiag,111,gbfs,454,453.000000,322.018000,0.889,subopt,0.0,
industrial-plants,plant04,nodiag,112,astar,400,399.000000,294.938000,0.976,ok,0.0,
industrial-plants,plant04,nodiag,112,rastar,1040272,399.000000,294.938000,932.883,ok,0.0,
industrial-plants,plant04,nodiag,112,mm,757675,399.000000,294.938000,936.315,ok,0.0,
industrial-plants,plant04,nodiag,112,bia,795,399.000000,294.938000,1.082,ok,0.0,
industrial-plants,plant04,nodiag,112,bae,795,399.000000,294.938000,1.513,ok,0.0,
industrial-plants,plant04,nodiag,112,nbs,177883,399.000000,294.938000,194.257,ok,0.0,
industrial-plants,plant04,nodiag,112,gbfs,796,399.000000,294.938000,1.169,subopt,0.0,
industrial-plants,plant04,nodiag,113,astar,471,296.000000,227.454000,1.129,ok,0.0,
industrial-plants,plant04,nodiag,113,rastar,297,296.000000,227.454000,1.600,ok,0.0,
industrial-plants,plant04,nodiag,113,mm,176738,296.000000,227.454000,206.180,ok,0.0,
industrial-plants,plant04,nodiag,113,bia,296,296.000000,227.454000,0.526,ok,0.0,
industrial-plants,plant04,nodiag,113,bae,296,296.000000,227.454000,0.996,ok,0.0,
industrial-plants,plant04,nodiag,113,nbs,487931,296.000000,227.454000,523.968,ok,0.0,
industrial-plants,plant04,nodiag,113,gbfs,296,296.000000,227.454000,0.563,subopt,0.0,
industrial-plants,plant04,nodiag,114,astar,492,491.000000,349.279000,1.310,ok,0.0,
industrial-plants,plant04,nodiag,114,rastar,903,491.000000,349.279000,3.542,ok,0.0,
industrial-plants,plant04,nodiag,114,mm,8880,491.000000,349.279000,23.380,ok,0.0,
industrial-plants,plant04,nodiag,114,bia,607,491.000000,349.279000,1.131,ok,0.0,
industrial-plants,plant04,nodiag,114,bae,607,491.000000,349.279000,2.236,ok,0.0,
industrial-plants,plant04,nodiag,114,nbs,62951,491.000000,349.279000,84.370,ok,0.0,
industrial-plants,plant04,nodiag,114,gbfs,608,491.000000,349.279000,0.937,subopt,0.0,
industrial-plants,plant04,nodiag,115,astar,423,422.000000,304.459000,1.098,ok,0.0,
industrial-plants,plant04,nodiag,115,rastar,423,422.000000,304.459000,2.021,ok,0.0,
industrial-plants,plant04,nodiag,115,mm,375498,422.000000,304.459000,430.204,ok,0.0,
industrial-plants,plant04,nodiag,115,bia,422,422.000000,304.459000,0.951,ok,0.0,
industrial-plants,plant04,nodiag,115,bae,422,422.000000,304.459000,1.736,ok,0.0,
industrial-plants,plant04,nodiag,115,nbs,1288545,422.000000,304.459000,1454.706,ok,0.0,
industrial-plants,plant04,nodiag,115,gbfs,422,422.000000,304.459000,1.035,subopt,0.0,
industrial-plants,plant04,nodiag,116,astar,105617,636.000000,560.152000,85.843,ok,105207.0,1.0038970790916955
industrial-plants,plant04,nodiag,116,rastar,1151170,636.000000,560.152000,1124.810,ok,105207.0,10.941952531675648
industrial-plants,plant04,nodiag,116,mm,753917,636.000000,560.152000,899.672,ok,105207.0,7.1660345794481355
industrial-plants,plant04,nodiag,116,bia,211229,636.000000,560.152000,207.492,ok,105207.0,2.007746632828614
industrial-plants,plant04,nodiag,116,bae,1246315,636.000000,560.152000,1830.866,ok,105207.0,11.846312507722871
industrial-plants,plant04,nodiag,116,nbs,479120,636.000000,560.152000,504.929,ok,105207.0,4.554069596129535
industrial-plants,plant04,nodiag,116,gbfs,2768,636.000000,560.152000,3.299,subopt,105207.0,0.02631003640442176
industrial-plants,plant04,nodiag,117,astar,11187,434.000000,296.994000,16.582,ok,0.0,
industrial-plants,plant04,nodiag,117,rastar,435,434.000000,296.994000,0.788,ok,0.0,
industrial-plants,plant04,nodiag,117,mm,935995,434.000000,296.994000,1098.715,ok,0.0,
industrial-plants,plant04,nodiag,117,bia,746,434.000000,296.994000,1.763,ok,0.0,
industrial-plants,plant04,nodiag,117,bae,746,434.000000,296.994000,3.523,ok,0.0,
industrial-plants,plant04,nodiag,117,nbs,1892164,434.000000,296.994000,2209.769,ok,0.0,
industrial-plants,plant04,nodiag,117,gbfs,746,434.000000,296.994000,1.332,subopt,0.0,
industrial-plants,plant04,nodiag,118,astar,9143,370.000000,247.669000,16.342,ok,0.0,
industrial-plants,plant04,nodiag,118,rastar,371,370.000000,247.669000,0.916,ok,0.0,
industrial-plants,plant04,nodiag,118,mm,643915,370.000000,247.669000,711.275,ok,0.0,
industrial-plants,plant04,nodiag,118,bia,424,370.000000,247.669000,0.907,ok,0.0,
industrial-plants,plant04,nodiag,118,bae,424,370.000000,247.669000,1.731,ok,0.0,
industrial-plants,plant04,nodiag,118,nbs,1393154,370.000000,247.669000,1700.735,ok,0.0,
industrial-plants,plant04,nodiag,118,gbfs,424,370.000000,247.669000,1.048,subopt,0.0,
industrial-plants,plant04,nodiag,119,astar,584,583.000000,517.283000,2.022,ok,0.0,
industrial-plants,plant04,nodiag,119,rastar,7094,583.000000,517.283000,19.364,ok,0.0,
industrial-plants,plant04,nodiag,119,mm,7093,583.000000,517.283000,16.783,ok,0.0,
industrial-plants,plant04,nodiag,119,bia,1065,583.000000,517.283000,1.340,ok,0.0,
industrial-plants,plant04,nodiag,119,bae,1065,583.000000,517.283000,1.933,ok,0.0,
industrial-plants,plant04,nodiag,119,nbs,82167,583.000000,517.283000,98.101,ok,0.0,
industrial-plants,plant04,nodiag,119,gbfs,936,601.000000,517.283000,1.730,subopt,0.0,
industrial-plants,plant04,nodiag,120,astar,6457,440.000000,364.434000,17.635,ok,0.0,
industrial-plants,plant04,nodiag,120,rastar,180693,440.000000,364.434000,179.176,ok,0.0,
industrial-plants,plant04,nodiag,120,mm,79666,440.000000,364.434000,99.084,ok,0.0,
industrial-plants,plant04,nodiag,120,bia,12787,440.000000,364.434000,21.576,ok,0.0,
industrial-plants,plant04,nodiag,120,bae,12787,440.000000,364.434000,23.043,ok,0.0,
industrial-plants,plant04,nodiag,120,nbs,52599,440.000000,364.434000,67.604,ok,0.0,
industrial-plants,plant04,nodiag,120,gbfs,13130,482.000000,364.434000,11.107,subopt,0.0,
industrial-plants,plant04,nodiag,121,astar,307,306.000000,241.794000,0.498,ok,0.0,
industrial-plants,plant04,nodiag,121,rastar,6817,306.000000,241.794000,14.733,ok,0.0,
industrial-plants,plant04,nodiag,121,mm,132436,306.000000,241.794000,137.563,ok,0.0,
industrial-plants,plant04,nodiag,121,bia,455,306.000000,241.794000,1.009,ok,0.0,
industrial-plants,plant04,nodiag,121,bae,455,306.000000,241.794000,1.934,ok,0.0,
industrial-plants,plant04,nodiag,121,nbs,282193,306.000000,241.794000,294.083,ok,0.0,
industrial-plants,plant04,nodiag,121,gbfs,456,306.000000,241.794000,1.081,subopt,0.0,
industrial-plants,plant04,nodiag,122,astar,414,413.000000,301.901000,1.348,ok,0.0,
industrial-plants,plant04,nodiag,122,rastar,414,413.000000,301.901000,1.885,ok,0.0,
industrial-plants,plant04,nodiag,122,mm,413,413.000000,301.901000,2.854,ok,0.0,
industrial-plants,plant04,nodiag,122,bia,413,413.000000,301.901000,1.980,ok,0.0,
industrial-plants,plant04,nodiag,122,bae,413,413.000000,301.901000,2.131,ok,0.0,
industrial-plants,plant04,nodiag,122,nbs,236934,413.000000,301.901000,265.394,ok,0.0,
industrial-plants,plant04,nodiag,122,gbfs,414,413.000000,301.901000,0.900,subopt,0.0,
industrial-plants,plant04,nodiag,123,astar,439,438.000000,330.179000,1.774,ok,0.0,
industrial-plants,plant04,nodiag,123,rastar,439,438.000000,330.179000,2.227,ok,0.0,
industrial-plants,plant04,nodiag,123,mm,230137,438.000000,330.179000,259.591,ok,0.0,
industrial-plants,plant04,nodiag,123,bia,438,438.000000,330.179000,0.908,ok,0.0,
industrial-plants,plant04,nodiag,123,bae,438,438.000000,330.179000,1.729,ok,0.0,
industrial-plants,plant04,nodiag,123,nbs,1200849,438.000000,330.179000,1453.900,ok,0.0,
industrial-plants,plant04,nodiag,123,gbfs,438,438.000000,330.179000,1.078,subopt,0.0,
industrial-plants,plant04,nodiag,124,astar,451,450.000000,342.446000,1.789,ok,0.0,
industrial-plants,plant04,nodiag,124,rastar,451,450.000000,342.446000,2.304,ok,0.0,
industrial-plants,plant04,nodiag,124,mm,291563,450.000000,342.446000,339.026,ok,0.0,
industrial-plants,plant04,nodiag,124,bia,450,450.000000,342.446000,0.743,ok,0.0,
industrial-plants,plant04,nodiag,124,bae,450,450.000000,342.446000,1.355,ok,0.0,
industrial-plants,plant04,nodiag,124,nbs,817512,450.000000,342.446000,952.577,ok,0.0,
industrial-plants,plant04,nodiag,124,gbfs,450,450.000000,342.446000,0.844,subopt,0.0,
industrial-plants,plant04,nodiag,125,astar,341,340.000000,277.529000,0.962,ok,0.0,
industrial-plants,plant04,nodiag,125,rastar,29051,340.000000,277.529000,35.565,ok,0.0,
industrial-plants,plant04,nodiag,125,mm,121577,340.000000,277.529000,140.928,ok,0.0,
industrial-plants,plant04,nodiag,125,bia,473,340.000000,277.529000,0.803,ok,0.0,
industrial-plants,plant04,nodiag,125,bae,473,340.000000,277.529000,1.477,ok,0.0,
industrial-plants,plant04,nodiag,125,nbs,235995,340.000000,277.529000,244.990,ok,0.0,
industrial-plants,plant04,nodiag,125,gbfs,474,340.000000,277.529000,1.135,subopt,0.0,
industrial-plants,plant04,nodiag,126,astar,578,577.000000,373.682000,2.051,ok,0.0,
industrial-plants,plant04,nodiag,126,rastar,578,577.000000,373.682000,2.854,ok,0.0,
industrial-plants,plant04,nodiag,126,mm,577,577.000000,373.682000,4.286,ok,0.0,
industrial-plants,plant04,nodiag,126,bia,577,577.000000,373.682000,2.993,ok,0.0,
industrial-plants,plant04,nodiag,126,bae,577,577.000000,373.682000,3.221,ok,0.0,
industrial-plants,plant04,nodiag,126,nbs,4880051,577.000000,373.682000,6815.689,ok,0.0,
industrial-plants,plant04,nodiag,126,gbfs,578,577.000000,373.682000,1.359,subopt,0.0,
industrial-plants,plant04,nodiag,127,astar,590,589.000000,446.862000,1.947,ok,0.0,
industrial-plants,plant04,nodiag,127,rastar,1862177,589.000000,446.862000,1706.473,ok,0.0,
industrial-plants,plant04,nodiag,127,mm,1330444,589.000000,446.862000,1703.331,ok,0.0,
industrial-plants,plant04,nodiag,127,bia,1173,589.000000,446.862000,2.612,ok,0.0,
industrial-plants,plant04,nodiag,127,bae,1173,589.000000,446.862000,4.702,ok,0.0,
industrial-plants,plant04,nodiag,127,nbs,313567,589.000000,446.862000,361.981,ok,0.0,
industrial-plants,plant04,nodiag,127,gbfs,1174,589.000000,446.862000,2.354,subopt,0.0,
industrial-plants,plant04,nodiag,128,astar,304,303.000000,248.752000,1.123,ok,0.0,
industrial-plants,plant04,nodiag,128,rastar,466687,303.000000,248.752000,399.581,ok,0.0,
industrial-plants,plant04,nodiag,128,mm,500991,303.000000,248.752000,652.915,ok,0.0,
industrial-plants,plant04,nodiag,128,bia,603,303.000000,248.752000,1.305,ok,0.0,
industrial-plants,plant04,nodiag,128,bae,603,303.000000,248.752000,2.515,ok,0.0,
industrial-plants,plant04,nodiag,128,nbs,289877,303.000000,248.752000,312.482,ok,0.0,
industrial-plants,plant04,nodiag,128,gbfs,604,303.000000,248.752000,1.008,subopt,0.0,
industrial-plants,plant04,nodiag,129,astar,485,484.000000,340.869000,1.390,ok,0.0,
industrial-plants,plant04,nodiag,129,rastar,485,484.000000,340.869000,2.610,ok,0.0,
industrial-plants,plant04,nodiag,129,mm,712881,484.000000,340.869000,876.216,ok,0.0,
industrial-plants,plant04,nodiag,129,bia,484,484.000000,340.869000,0.878,ok,0.0,
industrial-plants,plant04,nodiag,129,bae,484,484.000000,340.869000,1.709,ok,0.0,
industrial-plants,plant04,nodiag,129,nbs,2060042,484.000000,340.869000,2589.316,ok,0.0,
industrial-plants,plant04,nodiag,129,gbfs,484,484.000000,340.869000,1.250,subopt,0.0,
industrial-plants,plant04,nodiag,130,astar,17724,266.000000,236.718000,21.619,ok,17546.0,1.0101447623389948
industrial-plants,plant04,nodiag,130,rastar,156736,266.000000,236.718000,128.721,ok,17546.0,8.93286219081272
industrial-plants,plant04,nodiag,130,mm,134803,266.000000,236.718000,127.302,ok,17546.0,7.682833694289297
industrial-plants,plant04,nodiag,130,bia,35437,266.000000,236.718000,35.929,ok,17546.0,2.019662601162658
industrial-plants,plant04,nodiag,130,bae,94269,266.000000,236.718000,95.302,ok,17546.0,5.372677533340933
industrial-plants,plant04,nodiag,130,nbs,92972,266.000000,236.718000,81.344,ok,17546.0,5.298757551578707
industrial-plants,plant04,nodiag,130,gbfs,1404,266.000000,236.718000,3.325,subopt,17546.0,0.08001823777499145
industrial-plants,plant04,nodiag,131,astar,843493,994.000000,666.015000,763.211,ok,0.0,
industrial-plants,plant04,nodiag,131,rastar,995,994.000000,666.015000,2.557,ok,0.0,
industrial-plants,plant04,nodiag,131,mm,7935031,994.000000,666.015000,10765.666,ok,0.0,
industrial-plants,plant04,nodiag,131,bia,1388,994.000000,666.015000,6.780,ok,0.0,
industrial-plants,plant04,nodiag,131,bae,1388,994.000000,666.015000,6.458,ok,0.0,
industrial-plants,plant04,nodiag,131,nbs,21570891,994.000000,666.015000,39376.757,ok,0.0,
industrial-plants,plant04,nodiag,131,gbfs,1388,994.000000,666.015000,3.760,subopt,0.0,
industrial-plants,plant04,nodiag,132,astar,955,954.000000,612.639000,4.063,ok,0.0,
industrial-plants,plant04,nodiag,132,rastar,955,954.000000,612.639000,3.983,ok,0.0,
industrial-plants,plant04,nodiag,132,mm,12376291,954.000000,612.639000,17468.363,ok,0.0,
industrial-plants,plant04,nodiag,132,bia,954,954.000000,612.639000,3.227,ok,0.0,
industrial-plants,plant04,nodiag,132,bae,954,954.000000,612.639000,4.867,ok,0.0,
industrial-plants,plant04,nodiag,132,nbs,27352395,954.000000,612.639000,48751.033,ok,0.0,
industrial-plants,plant04,nodiag,132,gbfs,954,954.000000,612.639000,3.598,subopt,0.0,
industrial-plants,plant04,nodiag,133,astar,1295,594.000000,405.112000,5.533,ok,0.0,
industrial-plants,plant04,nodiag,133,rastar,595,594.000000,405.112000,2.958,ok,0.0,
industrial-plants,plant04,nodiag,133,mm,532265,594.000000,405.112000,607.741,ok,0.0,
industrial-plants,plant04,nodiag,133,bia,594,594.000000,405.112000,1.689,ok,0.0,
industrial-plants,plant04,nodiag,133,bae,594,594.000000,405.112000,3.361,ok,0.0,
industrial-plants,plant04,nodiag,133,nbs,3045815,594.000000,405.112000,4231.034,ok,0.0,
industrial-plants,plant04,nodiag,133,gbfs,594,594.000000,405.112000,1.647,subopt,0.0,
industrial-plants,plant04,nodiag,134,astar,5782,344.000000,242.511000,15.183,ok,0.0,
industrial-plants,plant04,nodiag,134,rastar,345,344.000000,242.511000,0.899,ok,0.0,
industrial-plants,plant04,nodiag,134,mm,351605,344.000000,242.511000,407.415,ok,0.0,
industrial-plants,plant04,nodiag,134,bia,470,344.000000,242.511000,1.066,ok,0.0,
industrial-plants,plant04,nodiag,134,bae,470,344.000000,242.511000,2.207,ok,0.0,
industrial-plants,plant04,nodiag,134,nbs,638860,344.000000,242.511000,696.757,ok,0.0,
industrial-plants,plant04,nodiag,134,gbfs,470,344.000000,242.511000,1.111,subopt,0.0,
industrial-plants,plant04,nodiag,135,astar,466399,495.000000,414.592000,409.350,ok,464091.0,1.0049731625909575
industrial-plants,plant04,nodiag,135,rastar,595559,495.000000,414.592000,518.502,ok,464091.0,1.2832806497001665
industrial-plants,plant04,nodiag,135,mm,915532,495.000000,414.592000,1129.629,ok,464091.0,1.9727424147419363
industrial-plants,plant04,nodiag,135,bia,928181,495.000000,414.592000,1110.810,ok,464091.0,1.9999978452501772
industrial-plants,plant04,nodiag,135,bae,931853,495.000000,414.592000,1218.083,ok,464091.0,2.0079100865993955
industrial-plants,plant04,nodiag,135,nbs,1008144,495.000000,414.592000,1183.824,ok,464091.0,2.1722981053284807
industrial-plants,plant04,nodiag,135,gbfs,1754,505.000000,414.592000,2.888,subopt,464091.0,0.003779431189141785
industrial-plants,plant04,nodiag,136,astar,443,442.000000,316.420000,2.293,ok,0.0,
industrial-plants,plant04,nodiag,136,rastar,5921,442.000000,316.420000,17.411,ok,0.0,
industrial-plants,plant04,nodiag,136,mm,518222,442.000000,316.420000,585.826,ok,0.0,
industrial-plants,plant04,nodiag,136,bia,442,442.000000,316.420000,0.936,ok,0.0,
industrial-plants,plant04,nodiag,136,bae,442,442.000000,316.420000,2.437,ok,0.0,
industrial-plants,plant04,nodiag,136,nbs,1473913,442.000000,316.420000,1891.668,ok,0.0,
industrial-plants,plant04,nodiag,136,gbfs,442,442.000000,316.420000,1.408,subopt,0.0,
industrial-plants,plant04,nodiag,137,astar,554,553.000000,406.472000,2.826,ok,0.0,
industrial-plants,plant04,nodiag,137,rastar,4806,553.000000,406.472000,16.576,ok,0.0,
industrial-plants,plant04,nodiag,137,mm,553,553.000000,406.472000,2.368,ok,0.0,
industrial-plants,plant04,nodiag,137,bia,553,553.000000,406.472000,2.962,ok,0.0,
industrial-plants,plant04,nodiag,137,bae,553,553.000000,406.472000,3.158,ok,0.0,
industrial-plants,plant04,nodiag,137,nbs,851293,553.000000,406.472000,994.719,ok,0.0,
industrial-plants,plant04,nodiag,137,gbfs,554,553.000000,406.472000,2.025,subopt,0.0,
industrial-plants,plant04,nodiag,138,astar,319496,617.000000,564.888000,301.661,ok,318918.0,1.0018123781034622
industrial-plants,plant04,nodiag,138,rastar,502547,617.000000,564.888000,459.911,ok,318918.0,1.5757875065063747
industrial-plants,plant04,nodiag,138,mm,716630,617.000000,564.888000,923.898,ok,318918.0,2.2470666440903306
industrial-plants,plant04,nodiag,138,bia,637835,617.000000,564.888000,849.683,ok,318918.0,1.9999968643977448
industrial-plants,plant04,nodiag,138,bae,697647,617.000000,564.888000,991.034,ok,318918.0,2.18754350648129
industrial-plants,plant04,nodiag,138,nbs,702462,617.000000,564.888000,839.036,ok,318918.0,2.2026414313397176
industrial-plants,plant04,nodiag,138,gbfs,4862,639.000000,564.888000,10.231,subopt,318918.0,0.01524529816441844
industrial-plants,plant04,nodiag,139,astar,1134,752.000000,561.056000,1.777,ok,0.0,
industrial-plants,plant04,nodiag,139,rastar,753,752.000000,561.056000,2.151,ok,0.0,
industrial-plants,plant04,nodiag,139,mm,1963601,752.000000,561.056000,2343.940,ok,0.0,
industrial-plants,plant04,nodiag,139,bia,822,752.000000,561.056000,2.196,ok,0.0,
industrial-plants,plant04,nodiag,139,bae,822,752.000000,561.056000,4.353,ok,0.0,
industrial-plants,plant04,nodiag,139,nbs,6208607,752.000000,561.056000,9310.055,ok,0.0,
industrial-plants,plant04,nodiag,139,gbfs,822,752.000000,561.056000,2.439,subopt,0.0,
industrial-plants,plant04,nodiag,140,astar,502,501.000000,470.889000,2.085,ok,0.0,
industrial-plants,plant04,nodiag,140,rastar,502,501.000000,470.889000,2.048,ok,0.0,
industrial-plants,plant04,nodiag,140,mm,501,501.000000,470.889000,3.151,ok,0.0,
industrial-plants,plant04,nodiag,140,bia,501,501.000000,470.889000,2.154,ok,0.0,
industrial-plants,plant04,nodiag,140,bae,501,501.000000,470.889000,2.333,ok,0.0,
industrial-plants,plant04,nodiag,140,nbs,999,501.000000,470.889000,3.707,ok,0.0,
industrial-plants,plant04,nodiag,140,gbfs,502,501.000000,470.889000,2.307,subopt,0.0,
industrial-plants,plant04,nodiag,141,astar,896,895.000000,600.279000,3.791,ok,0.0,
industrial-plants,plant04,nodiag,141,rastar,1503292,895.000000,600.279000,1682.513,ok,0.0,
industrial-plants,plant04,nodiag,141,mm,9137898,895.000000,600.279000,12348.540,ok,0.0,
industrial-plants,plant04,nodiag,141,bia,1399,895.000000,600.279000,2.677,ok,0.0,
industrial-plants,plant04,nodiag,141,bae,1399,895.000000,600.279000,6.999,ok,0.0,
industrial-plants,plant04,nodiag,141,nbs,20324284,895.000000,600.279000,34336.711,ok,0.0,
industrial-plants,plant04,nodiag,141,gbfs,1400,895.000000,600.279000,3.961,subopt,0.0,
industrial-plants,plant04,nodiag,142,astar,1376,840.000000,622.122000,6.407,ok,0.0,
industrial-plants,plant04,nodiag,142,rastar,841,840.000000,622.122000,3.879,ok,0.0,
industrial-plants,plant04,nodiag,142,mm,3514477,840.000000,622.122000,4535.865,ok,0.0,
industrial-plants,plant04,nodiag,142,bia,976,840.000000,622.122000,2.820,ok,0.0,
industrial-plants,plant04,nodiag,142,bae,976,840.000000,622.122000,4.625,ok,0.0,
industrial-plants,plant04,nodiag,142,nbs,9735623,840.000000,622.122000,14382.385,ok,0.0,
industrial-plants,plant04,nodiag,142,gbfs,976,840.000000,622.122000,3.387,subopt,0.0,
industrial-plants,plant04,nodiag,143,astar,630,629.000000,509.158000,3.029,ok,0.0,
industrial-plants,plant04,nodiag,143,rastar,630,629.000000,509.158000,2.933,ok,0.0,
industrial-plants,plant04,nodiag,143,mm,629,629.000000,509.158000,4.619,ok,0.0,
industrial-plants,plant04,nodiag,143,bia,629,629.000000,509.158000,3.186,ok,0.0,
industrial-plants,plant04,nodiag,143,bae,629,629.000000,509.158000,3.428,ok,0.0,
industrial-plants,plant04,nodiag,143,nbs,1505538,629.000000,509.158000,1733.942,ok,0.0,
industrial-plants,plant04,nodiag,143,gbfs,630,629.000000,509.158000,1.430,subopt,0.0,
industrial-plants,plant04,nodiag,144,astar,425,424.000000,340.137000,1.997,ok,0.0,
industrial-plants,plant04,nodiag,144,rastar,425,424.000000,340.137000,1.979,ok,0.0,
industrial-plants,plant04,nodiag,144,mm,44613,424.000000,340.137000,60.521,ok,0.0,
industrial-plants,plant04,nodiag,144,bia,424,424.000000,340.137000,1.547,ok,0.0,
industrial-plants,plant04,nodiag,144,bae,424,424.000000,340.137000,2.296,ok,0.0,
industrial-plants,plant04,nodiag,144,nbs,573579,424.000000,340.137000,635.530,ok,0.0,
industrial-plants,plant04,nodiag,144,gbfs,424,424.000000,340.137000,1.344,subopt,0.0,
industrial-plants,plant04,nodiag,145,astar,363,362.000000,295.990000,1.749,ok,0.0,
industrial-plants,plant04,nodiag,145,rastar,363,362.000000,295.990000,1.721,ok,0.0,
industrial-plants,plant04,nodiag,145,mm,5075,362.000000,295.990000,17.432,ok,0.0,
industrial-plants,plant04,nodiag,145,bia,362,362.000000,295.990000,0.872,ok,0.0,
industrial-plants,plant04,nodiag,145,bae,362,362.000000,295.990000,1.771,ok,0.0,
industrial-plants,plant04,nodiag,145,nbs,25421,362.000000,295.990000,39.159,ok,0.0,
industrial-plants,plant04,nodiag,145,gbfs,362,362.000000,295.990000,0.770,subopt,0.0,
industrial-plants,plant04,nodiag,146,astar,252417,552.000000,444.809000,203.041,ok,246398.0,1.0244279580191398
industrial-plants,plant04,nodiag,146,rastar,1778490,552.000000,444.809000,1853.715,ok,246398.0,7.2179563145804755
industrial-plants,plant04,nodiag,146,mm,1382244,552.000000,444.809000,1671.529,ok,246398.0,5.609802027613861
industrial-plants,plant04,nodiag,146,bia,504065,552.000000,444.809000,564.800,ok,246398.0,2.0457349491473145
industrial-plants,plant04,nodiag,146,bae,2039031,552.000000,444.809000,3261.204,ok,246398.0,8.275355319442529
industrial-plants,plant04,nodiag,146,nbs,1013548,552.000000,444.809000,1150.433,ok,246398.0,4.113458713138906
industrial-plants,plant04,nodiag,146,gbfs,32486,614.000000,444.809000,31.591,subopt,246398.0,0.13184360262664468
industrial-plants,plant04,nodiag,147,astar,646,645.000000,430.108000,1.726,ok,0.0,
industrial-plants,plant04,nodiag,147,rastar,646,645.000000,430.108000,3.030,ok,0.0,
industrial-plants,plant04,nodiag,147,mm,645,645.000000,430.108000,4.730,ok,0.0,
industrial-plants,plant04,nodiag,147,bia,645,645.000000,430.108000,3.256,ok,0.0,
industrial-plants,plant04,nodiag,147,bae,645,645.000000,430.108000,3.493,ok,0.0,
industrial-plants,plant04,nodiag,147,nbs,7184999,645.000000,430.108000,11285.600,ok,0.0,
industrial-plants,plant04,nodiag,147,gbfs,646,645.000000,430.108000,2.622,subopt,0.0,
industrial-plants,plant04,nodiag,148,astar,306,305.000000,254.428000,1.520,ok,0.0,
industrial-plants,plant04,nodiag,148,rastar,2784,305.000000,254.428000,8.204,ok,0.0,
industrial-plants,plant04,nodiag,148,mm,7589,305.000000,254.428000,18.987,ok,0.0,
industrial-plants,plant04,nodiag,148,bia,521,305.000000,254.428000,1.194,ok,0.0,
industrial-plants,plant04,nodiag,148,bae,521,305.000000,254.428000,2.442,ok,0.0,
industrial-plants,plant04,nodiag,148,nbs,28568,305.000000,254.428000,36.654,ok,0.0,
industrial-plants,plant04,nodiag,148,gbfs,522,305.000000,254.428000,1.333,subopt,0.0,
industrial-plants,plant04,nodiag,149,astar,279,278.000000,227.037000,1.354,ok,0.0,
industrial-plants,plant04,nodiag,149,rastar,279,278.000000,227.037000,1.384,ok,0.0,
industrial-plants,plant04,nodiag,149,mm,8543,278.000000,227.037000,21.766,ok,0.0,
industrial-plants,plant04,nodiag,149,bia,278,278.000000,227.037000,0.541,ok,0.0,
industrial-plants,plant04,nodiag,149,bae,278,278.000000,227.037000,1.063,ok,0.0,
industrial-plants,plant04,nodiag,149,nbs,29187,278.000000,227.037000,46.756,ok,0.0,
industrial-plants,plant04,nodiag,149,gbfs,278,278.000000,227.037000,0.901,subopt,0.0,
industrial-plants,plant04,nodiag,150,astar,777,776.000000,489.802000,3.537,ok,0.0,
industrial-plants,plant04,nodiag,150,rastar,6178,776.000000,489.802000,17.264,ok,0.0,
industrial-plants,plant04,nodiag,150,mm,7115565,776.000000,489.802000,10306.472,ok,0.0,
industrial-plants,plant04,nodiag,150,bia,878,776.000000,489.802000,1.880,ok,0.0,
industrial-plants,plant04,nodiag,150,bae,878,776.000000,489.802000,3.726,ok,0.0,
industrial-plants,plant04,nodiag,150,nbs,11467665,776.000000,489.802000,18671.333,ok,0.0,
industrial-plants,plant04,nodiag,150,gbfs,878,776.000000,489.802000,2.447,subopt,0.0,
industrial-plants,plant04,nodiag,151,astar,688,687.000000,512.022000,3.072,ok,0.0,
industrial-plants,plant04,nodiag,151,rastar,217294,687.000000,512.022000,229.991,ok,0.0,
industrial-plants,plant04,nodiag,151,mm,3215724,687.000000,512.022000,4108.625,ok,0.0,
industrial-plants,plant04,nodiag,151,bia,1149,687.000000,512.022000,2.583,ok,0.0,
industrial-plants,plant04,nodiag,151,bae,1149,687.000000,512.022000,5.212,ok,0.0,
industrial-plants,plant04,nodiag,151,nbs,6672672,687.000000,512.022000,9587.665,ok,0.0,
industrial-plants,plant04,nodiag,151,gbfs,1150,687.000000,512.022000,3.417,subopt,0.0,
industrial-plants,plant04,nodiag,152,astar,660776,690.000000,530.303000,639.639,ok,0.0,
industrial-plants,plant04,nodiag,152,rastar,18184,690.000000,530.303000,23.496,ok,0.0,
industrial-plants,plant04,nodiag,152,mm,1080583,690.000000,530.303000,1286.295,ok,0.0,
industrial-plants,plant04,nodiag,152,bia,36194,690.000000,530.303000,39.714,ok,0.0,
industrial-plants,plant04,nodiag,152,bae,36194,690.000000,530.303000,44.428,ok,0.0,
industrial-plants,plant04,nodiag,152,nbs,2130874,690.000000,530.303000,2413.751,ok,0.0,
industrial-plants,plant04,nodiag,152,gbfs,1440,696.000000,530.303000,2.281,subopt,0.0,
industrial-plants,plant04,nodiag,153,astar,146485,612.000000,446.940000,112.955,ok,0.0,
industrial-plants,plant04,nodiag,153,rastar,3261948,612.000000,446.940000,3358.028,ok,0.0,
industrial-plants,plant04,nodiag,153,mm,2270212,612.000000,446.940000,2972.712,ok,0.0,
industrial-plants,plant04,nodiag,153,bia,292965,612.000000,446.940000,321.884,ok,0.0,
industrial-plants,plant04,nodiag,153,bae,292965,612.000000,446.940000,383.409,ok,0.0,
industrial-plants,plant04,nodiag,153,nbs,904510,612.000000,446.940000,1094.949,ok,0.0,
industrial-plants,plant04,nodiag,153,gbfs,1894,648.000000,446.940000,3.713,subopt,0.0,
industrial-plants,plant04,nodiag,154,astar,410,409.000000,317.678000,1.427,ok,0.0,
industrial-plants,plant04,nodiag,154,rastar,1054,409.000000,317.678000,4.175,ok,0.0,
industrial-plants,plant04,nodiag,154,mm,409,409.000000,317.678000,2.938,ok,0.0,
industrial-plants,plant04,nodiag,154,bia,409,409.000000,317.678000,2.167,ok,0.0,
industrial-plants,plant04,nodiag,154,bae,409,409.000000,317.678000,2.346,ok,0.0,
industrial-plants,plant04,nodiag,154,nbs,779960,409.000000,317.678000,890.423,ok,0.0,
industrial-plants,plant04,nodiag,154,gbfs,410,409.000000,317.678000,0.879,subopt,0.0,
industrial-plants,plant04,nodiag,155,astar,482,481.000000,335.207000,1.590,ok,0.0,
industrial-plants,plant04,nodiag,155,rastar,14266,481.000000,335.207000,24.469,ok,0.0,
industrial-plants,plant04,nodiag,155,mm,1014684,481.000000,335.207000,1190.000,ok,0.0,
industrial-plants,plant04,nodiag,155,bia,847,481.000000,335.207000,1.499,ok,0.0,
industrial-plants,plant04,nodiag,155,bae,847,481.000000,335.207000,2.875,ok,0.0,
industrial-plants,plant04,nodiag,155,nbs,2186813,481.000000,335.207000,2597.683,ok,0.0,
industrial-plants,plant04,nodiag,155,gbfs,848,481.000000,335.207000,2.165,subopt,0.0,
industrial-plants,plant04,nodiag,156,astar,44123,512.000000,426.411000,40.930,ok,43588.0,1.0122740203725795
industrial-plants,plant04,nodiag,156,rastar,2794614,512.000000,426.411000,2911.133,ok,43588.0,64.11429751307699
industrial-plants,plant04,nodiag,156,mm,1804229,512.000000,426.411000,2089.907,ok,43588.0,41.3927915940167
industrial-plants,plant04,nodiag,156,bia,88227,512.000000,426.411000,81.235,ok,43588.0,2.0241121409562264
industrial-plants,plant04,nodiag,156,bae,2323997,512.000000,426.411000,3723.868,ok,43588.0,53.31735798843719
industrial-plants,plant04,nodiag,156,nbs,132354,512.000000,426.411000,115.869,ok,43588.0,3.0364779297054234
industrial-plants,plant04,nodiag,156,gbfs,20408,566.000000,426.411000,20.875,subopt,43588.0,0.4682022575020648
industrial-plants,plant04,nodiag,157,astar,10732,363.000000,289.335000,15.682,ok,0.0,
industrial-plants,plant04,nodiag,157,rastar,4384,363.000000,289.335000,6.935,ok,0.0,
industrial-plants,plant04,nodiag,157,mm,1741,363.000000,289.335000,4.923,ok,0.0,
industrial-plants,plant04,nodiag,157,bia,466,363.000000,289.335000,1.389,ok,0.0,
industrial-plants,plant04,nodiag,157,bae,466,363.000000,289.335000,2.599,ok,0.0,
industrial-plants,plant04,nodiag,157,nbs,78881,363.000000,289.335000,87.361,ok,0.0,
industrial-plants,plant04,nodiag,157,gbfs,466,363.000000,289.335000,0.820,subopt,0.0,
industrial-plants,plant04,nodiag,158,astar,11491,474.000000,338.759000,18.304,ok,0.0,
industrial-plants,plant04,nodiag,158,rastar,168511,474.000000,338.759000,144.897,ok,0.0,
industrial-plants,plant04,nodiag,158,mm,921806,474.000000,338.759000,1062.722,ok,0.0,
industrial-plants,plant04,nodiag,158,bia,514,474.000000,338.759000,1.143,ok,0.0,
industrial-plants,plant04,nodiag,158,bae,514,474.000000,338.759000,2.040,ok,0.0,
industrial-plants,plant04,nodiag,158,nbs,1929194,474.000000,338.759000,2310.973,ok,0.0,
industrial-plants,plant04,nodiag,158,gbfs,514,474.000000,338.759000,1.205,subopt,0.0,
industrial-plants,plant04,nodiag,159,astar,511,510.000000,389.385000,1.494,ok,0.0,
industrial-plants,plant04,nodiag,159,rastar,1726378,510.000000,389.385000,1533.239,ok,0.0,
industrial-plants,plant04,nodiag,159,mm,1060920,510.000000,389.385000,1320.170,ok,0.0,
industrial-plants,plant04,nodiag,159,bia,1017,510.000000,389.385000,1.302,ok,0.0,
industrial-plants,plant04,nodiag,159,bae,1017,510.000000,389.385000,2.434,ok,0.0,
industrial-plants,plant04,nodiag,159,nbs,196061,510.000000,389.385000,204.428,ok,0.0,
industrial-plants,plant04,nodiag,159,gbfs,1018,510.000000,389.385000,1.391,subopt,0.0,
industrial-plants,plant04,nodiag,160,astar,373,372.000000,275.256000,0.736,ok,0.0,
industrial-plants,plant04,nodiag,160,rastar,373,372.000000,275.256000,1.303,ok,0.0,
industrial-plants,plant04,nodiag,160,mm,179679,372.000000,275.256000,233.415,ok,0.0,
industrial-plants,plant04,nodiag,160,bia,372,372.000000,275.256000,0.788,ok,0.0,
industrial-plants,plant04,nodiag,160,bae,372,372.000000,275.256000,1.505,ok,0.0,
industrial-plants,plant04,nodiag,160,nbs,408304,372.000000,275.256000,436.021,ok,0.0,
industrial-plants,plant04,nodiag,160,gbfs,372,372.000000,275.256000,0.857,subopt,0.0,
industrial-plants,plant04,nodiag,161,astar,57408,373.000000,279.904000,61.910,ok,0.0,
industrial-plants,plant04,nodiag,161,rastar,374,373.000000,279.904000,0.715,ok,0.0,
industrial-plants,plant04,nodiag,161,mm,25626,373.000000,279.904000,40.493,ok,0.0,
industrial-plants,plant04,nodiag,161,bia,684,373.000000,279.904000,1.349,ok,0.0,
industrial-plants,plant04,nodiag,161,bae,684,373.000000,279.904000,2.657,ok,0.0,
industrial-plants,plant04,nodiag,161,nbs,560348,373.000000,279.904000,619.573,ok,0.0,
industrial-plants,plant04,nodiag,161,gbfs,544,377.000000,279.904000,1.349,subopt,0.0,
industrial-plants,plant04,nodiag,162,astar,521,520.000000,413.595000,2.252,ok,0.0,
industrial-plants,plant04,nodiag,162,rastar,756428,520.000000,413.595000,659.667,ok,0.0,
industrial-plants,plant04,nodiag,162,mm,602570,520.000000,413.595000,713.076,ok,0.0,
industrial-plants,plant04,nodiag,162,bia,1037,520.000000,413.595000,1.857,ok,0.0,
industrial-plants,plant04,nodiag,162,bae,1037,520.000000,413.595000,3.377,ok,0.0,
industrial-plants,plant04,nodiag,162,nbs,226363,520.000000,413.595000,239.322,ok,0.0,
industrial-plants,plant04,nodiag,162,gbfs,1038,520.000000,413.595000,2.701,subopt,0.0,
industrial-plants,plant04,nodiag,163,astar,416,415.000000,329.475000,1.814,ok,0.0,
industrial-plants,plant04,nodiag,163,rastar,416,415.000000,329.475000,1.911,ok,0.0,
industrial-plants,plant04,nodiag,163,mm,415,415.000000,329.475000,3.040,ok,0.0,
industrial-plants,plant04,nodiag,163,bia,415,415.000000,329.475000,2.137,ok,0.0,
industrial-plants,plant04,nodiag,163,bae,415,415.000000,329.475000,2.267,ok,0.0,
industrial-plants,plant04,nodiag,163,nbs,56883,415.000000,329.475000,74.779,ok,0.0,
industrial-plants,plant04,nodiag,163,gbfs,416,415.000000,329.475000,1.281,subopt,0.0,
industrial-plants,plant04,nodiag,164,astar,556,555.000000,387.356000,2.608,ok,0.0,
industrial-plants,plant04,nodiag,164,rastar,3935510,555.000000,387.356000,3603.615,ok,0.0,
industrial-plants,plant04,nodiag,164,mm,2313972,555.000000,387.356000,2977.294,ok,0.0,
industrial-plants,plant04,nodiag,164,bia,1107,555.000000,387.356000,3.120,ok,0.0,
industrial-plants,plant04,nodiag,164,bae,1107,555.000000,387.356000,5.573,ok,0.0,
industrial-plants,plant04,nodiag,164,nbs,225899,555.000000,387.356000,274.515,ok,0.0,
industrial-plants,plant04,nodiag,164,gbfs,1108,555.000000,387.356000,1.862,subopt,0.0,
industrial-plants,plant04,nodiag,165,astar,344,343.000000,269.794000,0.933,ok,0.0,
industrial-plants,plant04,nodiag,165,rastar,3107,343.000000,269.794000,11.535,ok,0.0,
industrial-plants,plant04,nodiag,165,mm,6089,343.000000,269.794000,18.255,ok,0.0,
industrial-plants,plant04,nodiag,165,bia,501,343.000000,269.794000,0.959,ok,0.0,
industrial-plants,plant04,nodiag,165,bae,501,343.000000,269.794000,1.889,ok,0.0,
industrial-plants,plant04,nodiag,165,nbs,27987,343.000000,269.794000,42.281,ok,0.0,
industrial-plants,plant04,nodiag,165,gbfs,502,343.000000,269.794000,1.052,subopt,0.0,
industrial-plants,plant04,nodiag,166,astar,741,740.000000,527.797000,2.271,ok,0.0,
industrial-plants,plant04,nodiag,166,rastar,3591,740.000000,527.797000,14.062,ok,0.0,
industrial-plants,plant04,nodiag,166,mm,532062,740.000000,527.797000,663.934,ok,0.0,
industrial-plants,plant04,nodiag,166,bia,1061,740.000000,527.797000,2.102,ok,0.0,
industrial-plants,plant04,nodiag,166,bae,1061,740.000000,527.797000,3.969,ok,0.0,
industrial-plants,plant04,nodiag,166,nbs,2481007,740.000000,527.797000,3088.673,ok,0.0,
industrial-plants,plant04,nodiag,166,gbfs,1062,740.000000,527.797000,2.188,subopt,0.0,
industrial-plants,plant04,nodiag,167,astar,13254,377.000000,296.792000,21.422,ok,0.0,
industrial-plants,plant04,nodiag,167,rastar,378,377.000000,296.792000,0.699,ok,0.0,
industrial-plants,plant04,nodiag,167,mm,5198,377.000000,296.792000,15.077,ok,0.0,
industrial-plants,plant04,nodiag,167,bia,500,377.000000,296.792000,0.803,ok,0.0,
industrial-plants,plant04,nodiag,167,bae,500,377.000000,296.792000,1.444,ok,0.0,
industrial-plants,plant04,nodiag,167,nbs,798980,377.000000,296.792000,884.797,ok,0.0,
industrial-plants,plant04,nodiag,167,gbfs,500,377.000000,296.792000,1.244,subopt,0.0,
industrial-plants,plant04,nodiag,168,astar,463,455.000000,352.822000,1.711,ok,0.0,
industrial-plants,plant04,nodiag,168,rastar,456,455.000000,352.822000,2.365,ok,0.0,
industrial-plants,plant04,nodiag,168,mm,455,455.000000,352.822000,3.435,ok,0.0,
industrial-plants,plant04,nodiag,168,bia,455,455.000000,352.822000,2.469,ok,0.0,
industrial-plants,plant04,nodiag,168,bae,455,455.000000,352.822000,2.605,ok,0.0,
industrial-plants,plant04,nodiag,168,nbs,889314,455.000000,352.822000,985.706,ok,0.0,
industrial-plants,plant04,nodiag,168,gbfs,456,455.000000,352.822000,1.107,subopt,0.0,
industrial-plants,plant04,nodiag,169,astar,537,536.000000,471.119000,1.767,ok,0.0,
industrial-plants,plant04,nodiag,169,rastar,199698,536.000000,471.119000,167.835,ok,0.0,
industrial-plants,plant04,nodiag,169,mm,451966,536.000000,471.119000,543.807,ok,0.0,
industrial-plants,plant04,nodiag,169,bia,1041,536.000000,471.119000,1.717,ok,0.0,
industrial-plants,plant04,nodiag,169,bae,1041,536.000000,471.119000,3.323,ok,0.0,
industrial-plants,plant04,nodiag,169,nbs,661159,536.000000,471.119000,754.595,ok,0.0,
industrial-plants,plant04,nodiag,169,gbfs,1042,536.000000,471.119000,1.681,subopt,0.0,
industrial-plants,plant04,nodiag,170,astar,5755,766.000000,531.125000,14.699,ok,0.0,
industrial-plants,plant04,nodiag,170,rastar,2888,766.000000,531.125000,4.588,ok,0.0,
industrial-plants,plant04,nodiag,170,mm,5131561,766.000000,531.125000,6043.503,ok,0.0,
industrial-plants,plant04,nodiag,170,bia,1011,766.000000,531.125000,1.936,ok,0.0,
industrial-plants,plant04,nodiag,170,bae,1011,766.000000,531.125000,3.589,ok,0.0,
industrial-plants,plant04,nodiag,170,nbs,11227458,766.000000,531.125000,17556.061,ok,0.0,
industrial-plants,plant04,nodiag,170,gbfs,1012,766.000000,531.125000,1.597,subopt,0.0,
industrial-plants,plant04,nodiag,171,astar,305345,919.000000,707.353000,253.097,ok,0.0,
industrial-plants,plant04,nodiag,171,rastar,920,919.000000,707.353000,1.527,ok,0.0,
industrial-plants,plant04,nodiag,171,mm,919,919.000000,707.353000,4.208,ok,0.0,
industrial-plants,plant04,nodiag,171,bia,919,919.000000,707.353000,3.303,ok,0.0,
industrial-plants,plant04,nodiag,171,bae,919,919.000000,707.353000,4.284,ok,0.0,
industrial-plants,plant04,nodiag,171,nbs,11259669,919.000000,707.353000,17838.589,ok,0.0,
industrial-plants,plant04,nodiag,171,gbfs,920,919.000000,707.353000,1.340,subopt,0.0,
industrial-plants,plant04,nodiag,172,astar,3495,597.000000,496.080000,7.050,ok,0.0,
industrial-plants,plant04,nodiag,172,rastar,416048,597.000000,496.080000,355.310,ok,0.0,
industrial-plants,plant04,nodiag,172,mm,391121,597.000000,496.080000,454.557,ok,0.0,
industrial-plants,plant04,nodiag,172,bia,6927,597.000000,496.080000,9.527,ok,0.0,
industrial-plants,plant04,nodiag,172,bae,6927,597.000000,496.080000,10.860,ok,0.0,
industrial-plants,plant04,nodiag,172,nbs,407502,597.000000,496.080000,405.147,ok,0.0,
industrial-plants,plant04,nodiag,172,gbfs,1174,605.000000,496.080000,1.705,subopt,0.0,
industrial-plants,plant04,nodiag,173,astar,323,322.000000,289.886000,0.931,ok,0.0,
industrial-plants,plant04,nodiag,173,rastar,2963,322.000000,289.886000,8.813,ok,0.0,
industrial-plants,plant04,nodiag,173,mm,22283,322.000000,289.886000,32.955,ok,0.0,
industrial-plants,plant04,nodiag,173,bia,325,322.000000,289.886000,1.000,ok,0.0,
industrial-plants,plant04,nodiag,173,bae,325,322.000000,289.886000,1.943,ok,0.0,
industrial-plants,plant04,nodiag,173,nbs,58849,322.000000,289.886000,67.138,ok,0.0,
industrial-plants,plant04,nodiag,173,gbfs,326,322.000000,289.886000,0.573,subopt,0.0,
industrial-plants,plant04,nodiag,174,astar,18718,447.000000,346.831000,29.008,ok,0.0,
industrial-plants,plant04,nodiag,174,rastar,448,447.000000,346.831000,0.616,ok,0.0,
industrial-plants,plant04,nodiag,174,mm,7062,447.000000,346.831000,18.357,ok,0.0,
industrial-plants,plant04,nodiag,174,bia,676,447.000000,346.831000,1.296,ok,0.0,
industrial-plants,plant04,nodiag,174,bae,676,447.000000,346.831000,2.839,ok,0.0,
industrial-plants,plant04,nodiag,174,nbs,275956,447.000000,346.831000,306.640,ok,0.0,
industrial-plants,plant04,nodiag,174,gbfs,676,447.000000,346.831000,1.542,subopt,0.0,
industrial-plants,plant04,nodiag,175,astar,311448,568.000000,473.993000,248.633,ok,311083.0,1.0011733203035846
industrial-plants,plant04,nodiag,175,rastar,1231493,568.000000,473.993000,1188.454,ok,311083.0,3.9587280564993907
industrial-plants,plant04,nodiag,175,mm,1084057,568.000000,473.993000,1294.417,ok,311083.0,3.484783803679404
industrial-plants,plant04,nodiag,175,bia,622287,568.000000,473.993000,707.048,ok,311083.0,2.0003889637170786
industrial-plants,plant04,nodiag,175,bae,1600609,568.000000,473.993000,2481.497,ok,311083.0,5.145279555616989
industrial-plants,plant04,nodiag,175,nbs,734420,568.000000,473.993000,873.740,ok,311083.0,2.360849033859131
industrial-plants,plant04,nodiag,175,gbfs,11626,568.000000,473.993000,16.231,subopt,311083.0,0.03737266260129933
industrial-plants,plant04,nodiag,176,astar,720,719.000000,527.827000,1.600,ok,0.0,
industrial-plants,plant04,nodiag,176,rastar,720,719.000000,527.827000,2.981,ok,0.0,
industrial-plants,plant04,nodiag,176,mm,719,719.000000,527.827000,5.077,ok,0.0,
industrial-plants,plant04,nodiag,176,bia,719,719.000000,527.827000,3.185,ok,0.0,
industrial-plants,plant04,nodiag,176,bae,719,719.000000,527.827000,3.748,ok,0.0,
industrial-plants,plant04,nodiag,176,nbs,6684343,719.000000,527.827000,9929.737,ok,0.0,
industrial-plants,plant04,nodiag,176,gbfs,720,719.000000,527.827000,1.216,subopt,0.0,
industrial-plants,plant04,nodiag,177,astar,51995,261.000000,236.983000,40.696,ok,50750.0,1.0245320197044334
industrial-plants,plant04,nodiag,177,rastar,61933,261.000000,236.983000,45.191,ok,50750.0,1.2203546798029556
industrial-plants,plant04,nodiag,177,mm,129542,261.000000,236.983000,114.128,ok,50750.0,2.552551724137931
industrial-plants,plant04,nodiag,177,bia,103933,261.000000,236.983000,85.929,ok,50750.0,2.0479408866995072
industrial-plants,plant04,nodiag,177,bae,113889,261.000000,236.983000,100.349,ok,50750.0,2.2441182266009854
industrial-plants,plant04,nodiag,177,nbs,146977,261.000000,236.983000,134.700,ok,50750.0,2.8960985221674878
industrial-plants,plant04,nodiag,177,gbfs,34954,285.000000,236.983000,32.374,subopt,50750.0,0.6887487684729064
industrial-plants,plant04,nodiag,178,astar,2481,400.000000,301.412000,2.256,ok,0.0,
industrial-plants,plant04,nodiag,178,rastar,401,400.000000,301.412000,0.831,ok,0.0,
industrial-plants,plant04,nodiag,178,mm,11050,400.000000,301.412000,22.228,ok,0.0,
industrial-plants,plant04,nodiag,178,bia,664,400.000000,301.412000,1.123,ok,0.0,
industrial-plants,plant04,nodiag,178,bae,664,400.000000,301.412000,2.141,ok,0.0,
industrial-plants,plant04,nodiag,178,nbs,38723,400.000000,301.412000,47.093,ok,0.0,
industrial-plants,plant04,nodiag,178,gbfs,664,400.000000,301.412000,1.286,subopt,0.0,
industrial-plants,plant04,nodiag,179,astar,994626,488.000000,366.313000,961.334,ok,992388.0,1.0022551663260741
industrial-plants,plant04,nodiag,179,rastar,992821,488.000000,366.313000,938.978,ok,992388.0,1.0004363212775649
industrial-plants,plant04,nodiag,179,mm,1879698,488.000000,366.313000,2443.759,ok,992388.0,1.8941160110763129
industrial-plants,plant04,nodiag,179,bia,1985356,488.000000,366.313000,3061.895,ok,992388.0,2.0005844488244517
industrial-plants,plant04,nodiag,179,bae,1988839,488.000000,366.313000,3113.944,ok,992388.0,2.004094164782323
industrial-plants,plant04,nodiag,179,nbs,1985698,488.000000,366.313000,2757.739,ok,992388.0,2.0009290720968007
industrial-plants,plant04,nodiag,179,gbfs,9408,488.000000,366.313000,13.002,subopt,992388.0,0.009480163000761798
industrial-plants,plant04,nodiag,180,astar,4101,1009.000000,731.584000,4.911,ok,0.0,
industrial-plants,plant04,nodiag,180,rastar,4918,1009.000000,731.584000,10.131,ok,0.0,
industrial-plants,plant04,nodiag,180,mm,2815,1009.000000,731.584000,5.044,ok,0.0,
industrial-plants,plant04,nodiag,180,bia,1164,1009.000000,731.584000,2.707,ok,0.0,
industrial-plants,plant04,nodiag,180,bae,1164,1009.000000,731.584000,6.477,ok,0.0,
industrial-plants,plant04,nodiag,180,nbs,21212670,1009.000000,731.584000,35850.118,ok,0.0,
industrial-plants,plant04,nodiag,180,gbfs,1164,1009.000000,731.584000,2.594,subopt,0.0,
industrial-plants,plant04,nodiag,181,astar,382,381.000000,322.043000,1.001,ok,0.0,
industrial-plants,plant04,nodiag,181,rastar,13205,381.000000,322.043000,25.773,ok,0.0,
industrial-plants,plant04,nodiag,181,mm,37191,381.000000,322.043000,45.746,ok,0.0,
industrial-plants,plant04,nodiag,181,bia,581,381.000000,322.043000,0.858,ok,0.0,
industrial-plants,plant04,nodiag,181,bae,581,381.000000,322.043000,1.998,ok,0.0,
industrial-plants,plant04,nodiag,181,nbs,96528,381.000000,322.043000,105.751,ok,0.0,
industrial-plants,plant04,nodiag,181,gbfs,582,381.000000,322.043000,0.983,subopt,0.0,
industrial-plants,plant04,nodiag,182,astar,431,430.000000,319.785000,1.213,ok,0.0,
industrial-plants,plant04,nodiag,182,rastar,26367,430.000000,319.785000,32.839,ok,0.0,
industrial-plants,plant04,nodiag,182,mm,397538,430.000000,319.785000,452.606,ok,0.0,
industrial-plants,plant04,nodiag,182,bia,535,430.000000,319.785000,0.949,ok,0.0,
industrial-plants,plant04,nodiag,182,bae,535,430.000000,319.785000,1.695,ok,0.0,
industrial-plants,plant04,nodiag,182,nbs,1277279,430.000000,319.785000,1523.996,ok,0.0,
industrial-plants,plant04,nodiag,182,gbfs,536,430.000000,319.785000,1.025,subopt,0.0,
industrial-plants,plant04,nodiag,183,astar,516,434.000000,336.523000,1.153,ok,0.0,
industrial-plants,plant04,nodiag,183,rastar,1165285,434.000000,336.523000,1033.430,ok,0.0,
industrial-plants,plant04,nodiag,183,mm,763831,434.000000,336.523000,946.950,ok,0.0,
industrial-plants,plant04,nodiag,183,bia,1027,434.000000,336.523000,1.539,ok,0.0,
industrial-plants,plant04,nodiag,183,bae,1027,434.000000,336.523000,3.122,ok,0.0,
industrial-plants,plant04,nodiag,183,nbs,152905,434.000000,336.523000,164.847,ok,0.0,
industrial-plants,plant04,nodiag,183,gbfs,2846,472.000000,336.523000,2.757,subopt,0.0,
industrial-plants,plant04,nodiag,184,astar,437,436.000000,342.624000,0.994,ok,0.0,
industrial-plants,plant04,nodiag,184,rastar,437,436.000000,342.624000,1.757,ok,0.0,
industrial-plants,plant04,nodiag,184,mm,588812,436.000000,342.624000,707.563,ok,0.0,
industrial-plants,plant04,nodiag,184,bia,436,436.000000,342.624000,1.363,ok,0.0,
industrial-plants,plant04,nodiag,184,bae,436,436.000000,342.624000,2.604,ok,0.0,
industrial-plants,plant04,nodiag,184,nbs,1407107,436.000000,342.624000,1800.149,ok,0.0,
industrial-plants,plant04,nodiag,184,gbfs,436,436.000000,342.624000,0.869,subopt,0.0,
industrial-plants,plant04,nodiag,185,astar,373,372.000000,290.621000,0.963,ok,0.0,
industrial-plants,plant04,nodiag,185,rastar,973795,372.000000,290.621000,841.224,ok,0.0,
industrial-plants,plant04,nodiag,185,mm,1001986,372.000000,290.621000,1295.940,ok,0.0,
industrial-plants,plant04,nodiag,185,bia,741,372.000000,290.621000,1.471,ok,0.0,
industrial-plants,plant04,nodiag,185,bae,741,372.000000,290.621000,2.907,ok,0.0,
industrial-plants,plant04,nodiag,185,nbs,591363,372.000000,290.621000,658.661,ok,0.0,
industrial-plants,plant04,nodiag,185,gbfs,742,372.000000,290.621000,2.092,subopt,0.0,
industrial-plants,plant04,nodiag,186,astar,368,367.000000,303.753000,1.775,ok,0.0,
industrial-plants,plant04,nodiag,186,rastar,10808,367.000000,303.753000,24.375,ok,0.0,
industrial-plants,plant04,nodiag,186,mm,24322,367.000000,303.753000,31.298,ok,0.0,
industrial-plants,plant04,nodiag,186,bia,585,367.000000,303.753000,0.873,ok,0.0,
industrial-plants,plant04,nodiag,186,bae,585,367.000000,303.753000,1.677,ok,0.0,
industrial-plants,plant04,nodiag,186,nbs,79461,367.000000,303.753000,88.330,ok,0.0,
industrial-plants,plant04,nodiag,186,gbfs,586,367.000000,303.753000,0.996,subopt,0.0,
industrial-plants,plant04,nodiag,187,astar,429,428.000000,326.564000,1.182,ok,0.0,
industrial-plants,plant04,nodiag,187,rastar,981,428.000000,326.564000,3.941,ok,0.0,
industrial-plants,plant04,nodiag,187,mm,372770,428.000000,326.564000,438.154,ok,0.0,
industrial-plants,plant04,nodiag,187,bia,524,428.000000,326.564000,1.997,ok,0.0,
industrial-plants,plant04,nodiag,187,bae,524,428.000000,326.564000,3.107,ok,0.0,
industrial-plants,plant04,nodiag,187,nbs,1186003,428.000000,326.564000,1358.402,ok,0.0,
industrial-plants,plant04,nodiag,187,gbfs,524,428.000000,326.564000,1.826,subopt,0.0,
industrial-plants,plant04,nodiag,188,astar,263,262.000000,231.250000,1.404,ok,0.0,
industrial-plants,plant04,nodiag,188,rastar,134843,262.000000,231.250000,110.239,ok,0.0,
industrial-plants,plant04,nodiag,188,mm,105191,262.000000,231.250000,111.145,ok,0.0,
industrial-plants,plant04,nodiag,188,bia,521,262.000000,231.250000,0.745,ok,0.0,
industrial-plants,plant04,nodiag,188,bae,521,262.000000,231.250000,1.415,ok,0.0,
industrial-plants,plant04,nodiag,188,nbs,63021,262.000000,231.250000,67.779,ok,0.0,
industrial-plants,plant04,nodiag,188,gbfs,522,262.000000,231.250000,0.977,subopt,0.0,
industrial-plants,plant04,nodiag,189,astar,634,633.000000,494.955000,1.960,ok,0.0,
industrial-plants,plant04,nodiag,189,rastar,634,633.000000,494.955000,2.960,ok,0.0,
industrial-plants,plant04,nodiag,189,mm,633,633.000000,494.955000,4.467,ok,0.0,
industrial-plants,plant04,nodiag,189,bia,633,633.000000,494.955000,3.101,ok,0.0,
industrial-plants,plant04,nodiag,189,bae,633,633.000000,494.955000,3.367,ok,0.0,
industrial-plants,plant04,nodiag,189,nbs,445779,633.000000,494.955000,552.854,ok,0.0,
industrial-plants,plant04,nodiag,189,gbfs,634,633.000000,494.955000,1.117,subopt,0.0,
industrial-plants,plant04,nodiag,190,astar,569,568.000000,495.168000,1.174,ok,0.0,
industrial-plants,plant04,nodiag,190,rastar,569,568.000000,495.168000,2.113,ok,0.0,
industrial-plants,plant04,nodiag,190,mm,4710,568.000000,495.168000,14.994,ok,0.0,
industrial-plants,plant04,nodiag,190,bia,568,568.000000,495.168000,0.986,ok,0.0,
industrial-plants,plant04,nodiag,190,bae,568,568.000000,495.168000,2.155,ok,0.0,
industrial-plants,plant04,nodiag,190,nbs,24499,568.000000,495.168000,39.026,ok,0.0,
industrial-plants,plant04,nodiag,190,gbfs,568,568.000000,495.168000,1.162,subopt,0.0,
industrial-plants,plant04,nodiag,191,astar,764,763.000000,544.066000,3.137,ok,0.0,
industrial-plants,plant04,nodiag,191,rastar,764,763.000000,544.066000,3.571,ok,0.0,
industrial-plants,plant04,nodiag,191,mm,763,763.000000,544.066000,5.536,ok,0.0,
industrial-plants,plant04,nodiag,191,bia,763,763.000000,544.066000,3.134,ok,0.0,
industrial-plants,plant04,nodiag,191,bae,763,763.000000,544.066000,4.119,ok,0.0,
industrial-plants,plant04,nodiag,191,nbs,11540220,763.000000,544.066000,18827.609,ok,0.0,
industrial-plants,plant04,nodiag,191,gbfs,764,763.000000,544.066000,1.790,subopt,0.0,
industrial-plants,plant04,nodiag,192,astar,934,933.000000,591.876000,2.886,ok,0.0,
industrial-plants,plant04,nodiag,192,rastar,179764,933.000000,591.876000,213.353,ok,0.0,
industrial-plants,plant04,nodiag,192,mm,11532920,933.000000,591.876000,16459.470,ok,0.0,
industrial-plants,plant04,nodiag,192,bia,1337,933.000000,591.876000,3.501,ok,0.0,
industrial-plants,plant04,nodiag,192,bae,1337,933.000000,591.876000,4.866,ok,0.0,
industrial-plants,plant04,nodiag,192,nbs,25497598,933.000000,591.876000,45418.999,ok,0.0,
industrial-plants,plant04,nodiag,192,gbfs,1338,933.000000,591.876000,2.195,subopt,0.0,
industrial-plants,plant04,nodiag,193,astar,560,559.000000,393.699000,1.499,ok,0.0,
industrial-plants,plant04,nodiag,193,rastar,4390171,559.000000,393.699000,4251.035,ok,0.0,
industrial-plants,plant04,nodiag,193,mm,2443899,559.000000,393.699000,3176.531,ok,0.0,
industrial-plants,plant04,nodiag,193,bia,1115,559.000000,393.699000,2.423,ok,0.0,
industrial-plants,plant04,nodiag,193,bae,1115,559.000000,393.699000,4.777,ok,0.0,
industrial-plants,plant04,nodiag,193,nbs,211013,559.000000,393.699000,241.310,ok,0.0,
industrial-plants,plant04,nodiag,193,gbfs,1116,559.000000,393.699000,2.852,subopt,0.0,
industrial-plants,plant04,nodiag,194,astar,321,320.000000,263.069000,1.160,ok,0.0,
industrial-plants,plant04,nodiag,194,rastar,321,320.000000,263.069000,1.479,ok,0.0,
industrial-plants,plant04,nodiag,194,mm,2880,320.000000,263.069000,11.443,ok,0.0,
industrial-plants,plant04,nodiag,194,bia,320,320.000000,263.069000,0.633,ok,0.0,
industrial-plants,plant04,nodiag,194,bae,320,320.000000,263.069000,1.502,ok,0.0,
industrial-plants,plant04,nodiag,194,nbs,19931,320.000000,263.069000,31.997,ok,0.0,
industrial-plants,plant04,nodiag,194,gbfs,320,320.000000,263.069000,0.525,subopt,0.0,
industrial-plants,plant04,nodiag,195,astar,995,562.000000,396.192000,1.944,ok,0.0,
industrial-plants,plant04,nodiag,195,rastar,563,562.000000,396.192000,2.699,ok,0.0,
industrial-plants,plant04,nodiag,195,mm,315717,562.000000,396.192000,394.428,ok,0.0,
industrial-plants,plant04,nodiag,195,bia,562,562.000000,396.192000,0.966,ok,0.0,
industrial-plants,plant04,nodiag,195,bae,562,562.000000,396.192000,1.815,ok,0.0,
industrial-plants,plant04,nodiag,195,nbs,2324335,562.000000,396.192000,3010.456,ok,0.0,
industrial-plants,plant04,nodiag,195,gbfs,562,562.000000,396.192000,1.335,subopt,0.0,
industrial-plants,plant04,nodiag,196,astar,275,274.000000,240.610000,1.000,ok,0.0,
industrial-plants,plant04,nodiag,196,rastar,275,274.000000,240.610000,1.392,ok,0.0,
industrial-plants,plant04,nodiag,196,mm,6430,274.000000,240.610000,17.967,ok,0.0,
industrial-plants,plant04,nodiag,196,bia,274,274.000000,240.610000,0.779,ok,0.0,
industrial-plants,plant04,nodiag,196,bae,274,274.000000,240.610000,1.491,ok,0.0,
industrial-plants,plant04,nodiag,196,nbs,23078,274.000000,240.610000,33.301,ok,0.0,
industrial-plants,plant04,nodiag,196,gbfs,274,274.000000,240.610000,0.829,subopt,0.0,
industrial-plants,plant04,nodiag,197,astar,538,537.000000,367.794000,2.676,ok,0.0,
industrial-plants,plant04,nodiag,197,rastar,3231541,537.000000,367.794000,3045.075,ok,0.0,
industrial-plants,plant04,nodiag,197,mm,2818451,537.000000,367.794000,3897.627,ok,0.0,
industrial-plants,plant04,nodiag,197,bia,1071,537.000000,367.794000,2.149,ok,0.0,
industrial-plants,plant04,nodiag,197,bae,1071,537.000000,367.794000,4.064,ok,0.0,
industrial-plants,plant04,nodiag,197,nbs,1599165,537.000000,367.794000,2058.631,ok,0.0,
industrial-plants,plant04,nodiag,197,gbfs,1072,537.000000,367.794000,2.518,subopt,0.0,
industrial-plants,plant04,nodiag,198,astar,432722,817.000000,547.207000,379.433,ok,0.0,
industrial-plants,plant04,nodiag,198,rastar,968,817.000000,547.207000,1.935,ok,0.0,
industrial-plants,plant04,nodiag,198,mm,13785,817.000000,547.207000,27.878,ok,0.0,
industrial-plants,plant04,nodiag,198,bia,910,817.000000,547.207000,1.338,ok,0.0,
industrial-plants,plant04,nodiag,198,bae,910,817.000000,547.207000,2.636,ok,0.0,
industrial-plants,plant04,nodiag,198,nbs,13331547,817.000000,547.207000,21784.648,ok,0.0,
industrial-plants,plant04,nodiag,198,gbfs,910,817.000000,547.207000,2.047,subopt,0.0,
industrial-plants,plant04,nodiag,199,astar,54281,694.000000,498.507000,63.750,ok,0.0,
industrial-plants,plant04,nodiag,199,rastar,18650,694.000000,498.507000,19.139,ok,0.0,
industrial-plants,plant04,nodiag,199,mm,2255497,694.000000,498.507000,2804.828,ok,0.0,
industrial-plants,plant04,nodiag,199,bia,37010,694.000000,498.507000,47.890,ok,0.0,
industrial-plants,plant04,nodiag,199,bae,37010,694.000000,498.507000,51.771,ok,0.0,
industrial-plants,plant04,nodiag,199,nbs,4061701,694.000000,498.507000,5435.194,ok,0.0,
industrial-plants,plant04,nodiag,199,gbfs,698,698.000000,498.507000,1.250,subopt,0.0,
industrial-plants,plant05,diag,0,astar,4,3.828427,3.828430,0.138,ok,0.0,
industrial-plants,plant05,diag,0,rastar,4,3.828427,3.828430,0.162,ok,0.0,
industrial-plants,plant05,diag,0,mm,3,3.828427,3.828430,0.206,ok,0.0,
industrial-plants,plant05,diag,0,bia,3,3.828427,3.828430,0.186,ok,0.0,
industrial-plants,plant05,diag,0,bae,3,3.828427,3.828430,0.174,ok,0.0,
industrial-plants,plant05,diag,0,nbs,3,3.828427,3.828430,0.098,ok,0.0,
industrial-plants,plant05,diag,0,gbfs,4,5.974691,3.828430,0.186,subopt,0.0,
industrial-plants,plant05,diag,1,astar,4,4.242641,4.242640,0.151,ok,0.0,
industrial-plants,plant05,diag,1,rastar,4,4.242641,4.242640,0.152,ok,0.0,
industrial-plants,plant05,diag,1,mm,3,4.242641,4.242640,0.157,ok,0.0,
industrial-plants,plant05,diag,1,bia,3,4.242641,4.242640,0.155,ok,0.0,
industrial-plants,plant05,diag,1,bae,3,4.242641,4.242640,0.145,ok,0.0,
industrial-plants,plant05,diag,1,nbs,3,4.242641,4.242640,0.108,ok,0.0,
industrial-plants,plant05,diag,1,gbfs,4,4.242641,4.242640,0.162,subopt,0.0,
industrial-plants,plant05,diag,2,astar,4,3.414214,3.414210,0.150,ok,0.0,
industrial-plants,plant05,diag,2,rastar,4,3.414214,3.414210,0.150,ok,0.0,
industrial-plants,plant05,diag,2,mm,3,3.414214,3.414210,0.168,ok,0.0,
industrial-plants,plant05,diag,2,bia,3,3.414214,3.414210,0.145,ok,0.0,
industrial-plants,plant05,diag,2,bae,3,3.414214,3.414210,0.147,ok,0.0,
industrial-plants,plant05,diag,2,nbs,3,3.414214,3.414210,0.086,ok,0.0,
industrial-plants,plant05,diag,2,gbfs,4,4.242641,3.414210,0.162,subopt,0.0,
industrial-plants,plant05,diag,3,astar,5,6.196152,6.196150,0.218,ok,0.0,
industrial-plants,plant05,diag,3,rastar,5,6.196152,6.196150,0.195,ok,0.0,
industrial-plants,plant05,diag,3,mm,5,6.196152,6.196150,0.227,ok,0.0,
industrial-plants,plant05,diag,3,bia,4,6.196152,6.196150,0.176,ok,0.0,
industrial-plants,plant05,diag,3,bae,4,6.196152,6.196150,0.182,ok,0.0,
industrial-plants,plant05,diag,3,nbs,5,6.196152,6.196150,0.132,ok,0.0,
industrial-plants,plant05,diag,3,gbfs,4,6.196152,6.196150,0.192,subopt,0.0,
industrial-plants,plant05,diag,4,astar,5,5.242641,5.242640,0.177,ok,0.0,
industrial-plants,plant05,diag,4,rastar,5,5.242641,5.242640,0.154,ok,0.0,
industrial-plants,plant05,diag,4,mm,5,5.242641,5.242640,0.227,ok,0.0,
industrial-plants,plant05,diag,4,bia,4,5.242641,5.242640,0.149,ok,0.0,
industrial-plants,plant05,diag,4,bae,4,5.242641,5.242640,0.152,ok,0.0,
industrial-plants,plant05,diag,4,nbs,5,5.242641,5.242640,0.097,ok,0.0,
industrial-plants,plant05,diag,4,gbfs,4,5.242641,5.242640,0.165,subopt,0.0,
industrial-plants,plant05,diag,5,astar,5,5.656854,5.656850,0.163,ok,0.0,
industrial-plants,plant05,diag,5,rastar,5,5.656854,5.656850,0.160,ok,0.0,
industrial-plants,plant05,diag,5,mm,4,5.656854,5.656850,0.203,ok,0.0,
industrial-plants,plant05,diag,5,bia,4,5.656854,5.656850,0.149,ok,0.0,
industrial-plants,plant05,diag,5,bae,4,5.656854,5.656850,0.176,ok,0.0,
industrial-plants,plant05,diag,5,nbs,4,5.656854,5.656850,0.096,ok,0.0,
industrial-plants,plant05,diag,5,gbfs,4,6.292529,5.656850,0.162,subopt,0.0,
industrial-plants,plant05,diag,6,astar,5,4.414214,4.414210,0.164,ok,0.0,
industrial-plants,plant05,diag,6,rastar,5,4.414214,4.414210,0.155,ok,0.0,
industrial-plants,plant05,diag,6,mm,5,4.414214,4.414210,0.216,ok,0.0,
industrial-plants,plant05,diag,6,bia,5,4.414214,4.414210,0.164,ok,0.0,
industrial-plants,plant05,diag,6,bae,5,4.414214,4.414210,0.163,ok,0.0,
industrial-plants,plant05,diag,6,nbs,4,4.414214,4.414210,0.094,ok,0.0,
industrial-plants,plant05,diag,6,gbfs,4,5.974691,4.414210,0.164,subopt,0.0,
industrial-plants,plant05,diag,7,astar,5,4.000000,4.000000,0.152,ok,0.0,
industrial-plants,plant05,diag,7,rastar,5,4.000000,4.000000,0.151,ok,0.0,
industrial-plants,plant05,diag,7,mm,4,4.000000,4.000000,0.162,ok,0.0,
industrial-plants,plant05,diag,7,bia,4,4.000000,4.000000,0.147,ok,0.0,
industrial-plants,plant05,diag,7,bae,4,4.000000,4.000000,0.168,ok,0.0,
industrial-plants,plant05,diag,7,nbs,4,4.000000,4.000000,0.092,ok,0.0,
industrial-plants,plant05,diag,7,gbfs,4,4.828427,4.000000,0.157,subopt,0.0,
industrial-plants,plant05,diag,8,astar,5,4.828427,4.828430,0.158,ok,0.0,
industrial-plants,plant05,diag,8,rastar,5,4.828427,4.828430,0.158,ok,0.0,
industrial-plants,plant05,diag,8,mm,5,4.828427,4.828430,0.207,ok,0.0,
industrial-plants,plant05,diag,8,bia,4,4.828427,4.828430,0.154,ok,0.0,
industrial-plants,plant05,diag,8,bae,4,4.828427,4.828430,0.177,ok,0.0,
industrial-plants,plant05,diag,8,nbs,4,4.828427,4.828430,0.094,ok,0.0,
industrial-plants,plant05,diag,8,gbfs,4,6.292529,4.828430,0.187,subopt,0.0,
industrial-plants,plant05,diag,9,astar,5,4.828427,4.828430,0.160,ok,0.0,
industrial-plants,plant05,diag,9,rastar,5,4.828427,4.828430,0.154,ok,0.0,
industrial-plants,plant05,diag,9,mm,5,4.828427,4.828430,0.206,ok,0.0,
industrial-plants,plant05,diag,9,bia,4,4.828427,4.828430,0.149,ok,0.0,
industrial-plants,plant05,diag,9,bae,4,4.828427,4.828430,0.154,ok,0.0,
industrial-plants,plant05,diag,9,nbs,4,4.828427,4.828430,0.093,ok,0.0,
industrial-plants,plant05,diag,9,gbfs,4,5.656854,4.828430,0.182,subopt,0.0,
industrial-plants,plant05,diag,10,astar,11579,838.780193,838.780000,32.636,ok,9124.0,1.2690705830775975
industrial-plants,plant05,diag,10,rastar,1851177,838.780193,838.780000,5215.408,ok,9124.0,202.89094695309075
industrial-plants,plant05,diag,10,mm,918910,838.780193,838.780000,13365.971,ok,9124.0,100.71350284962736
industrial-plants,plant05,diag,10,bia,23153,838.780193,838.780000,69.436,ok,9124.0,2.5375931608943447
industrial-plants,plant05,diag,10,bae,1540979,838.780193,838.780000,7367.641,ok,9124.0,168.8929197720298
industrial-plants,plant05,diag,10,nbs,870298,838.780193,838.780000,3027.348,ok,9124.0,95.38557650153442
industrial-plants,plant05,diag,10,gbfs,1634,896.522881,838.780000,6.911,subopt,9124.0,0.17908811924594475
industrial-plants,plant05,diag,11,astar,11580,212.404060,212.404000,23.511,ok,11461.0,1.0103830381293082
industrial-plants,plant05,diag,11,rastar,92575,212.404060,212.404000,302.823,ok,11461.0,8.07739289765291
industrial-plants,plant05,diag,11,mm,77578,212.404060,212.404000,736.436,ok,11461.0,6.768868336096327
industrial-plants,plant05,diag,11,bia,23153,212.404060,212.404000,65.020,ok,11461.0,2.0201553093098332
industrial-plants,plant05,diag,11,bae,79991,212.404060,212.404000,308.981,ok,11461.0,6.979408428583893
industrial-plants,plant05,diag,11,nbs,56458,212.404060,212.404000,120.094,ok,11461.0,4.926097199197278
industrial-plants,plant05,diag,11,gbfs,290,215.332263,212.404000,1.631,subopt,11461.0,0.025303202163860047
industrial-plants,plant05,diag,12,astar,11581,139.518409,139.518000,27.310,ok,11514.0,1.0058190029529268
industrial-plants,plant05,diag,12,rastar,12507,139.518409,139.518000,25.823,ok,11514.0,1.0862428348097968
industrial-plants,plant05,diag,12,mm,23583,139.518409,139.518000,162.204,ok,11514.0,2.0482021886399164
industrial-plants,plant05,diag,12,bia,23133,139.518409,139.518000,50.217,ok,11514.0,2.00911933298593
industrial-plants,plant05,diag,12,bae,24200,139.518409,139.518000,57.174,ok,11514.0,2.1017891262810493
industrial-plants,plant05,diag,12,nbs,23822,139.518409,139.518000,48.924,ok,11514.0,2.0689595275317005
industrial-plants,plant05,diag,12,gbfs,1172,185.483094,139.518000,2.818,subopt,11514.0,0.10178912628104916
industrial-plants,plant05,diag,13,astar,11581,884.305840,884.306000,29.083,ok,6498.0,1.7822406894429055
industrial-plants,plant05,diag,13,rastar,2716035,884.305840,884.306000,7797.163,ok,6498.0,417.9801477377655
industrial-plants,plant05,diag,13,mm,1089006,884.305840,884.306000,12315.810,ok,6498.0,167.59095106186518
industrial-plants,plant05,diag,13,bia,22923,884.305840,884.306000,71.817,ok,6498.0,3.527700831024931
industrial-plants,plant05,diag,13,bae,1127243,884.305840,884.306000,5492.350,ok,6498.0,173.47537703908895
industrial-plants,plant05,diag,13,nbs,2389684,884.305840,884.306000,14880.349,ok,6498.0,367.75684826100337
industrial-plants,plant05,diag,13,gbfs,1746,947.513359,884.306000,7.579,subopt,6498.0,0.26869806094182824
industrial-plants,plant05,diag,14,astar,11581,186.428885,186.429000,24.117,ok,11508.0,1.0063434132777198
industrial-plants,plant05,diag,14,rastar,104833,186.428885,186.429000,243.505,ok,11508.0,9.109575947167189
industrial-plants,plant05,diag,14,mm,84509,186.428885,186.429000,887.281,ok,11508.0,7.343500173792145
industrial-plants,plant05,diag,14,bia,23157,186.428885,186.429000,58.559,ok,11508.0,2.012252346193952
industrial-plants,plant05,diag,14,bae,100410,186.428885,186.429000,338.611,ok,11508.0,8.725234619395204
industrial-plants,plant05,diag,14,nbs,43110,186.428885,186.429000,92.642,ok,11508.0,3.746089676746611
industrial-plants,plant05,diag,14,gbfs,374,210.739386,186.429000,1.910,subopt,11508.0,0.03249913103927703
industrial-plants,plant05,diag,15,astar,11582,206.441078,206.441000,31.909,ok,9420.0,1.229511677282378
industrial-plants,plant05,diag,15,rastar,257643,206.441078,206.441000,1177.493,ok,9420.0,27.35063694267516
industrial-plants,plant05,diag,15,mm,173926,206.441078,206.441000,50551.880,ok,9420.0,18.46348195329087
industrial-plants,plant05,diag,15,bia,23145,206.441078,206.441000,57.827,ok,9420.0,2.4570063694267517
industrial-plants,plant05,diag,15,bae,138585,206.441078,206.441000,702.748,ok,9420.0,14.711783439490446
industrial-plants,plant05,diag,15,nbs,43820,206.441078,206.441000,98.564,ok,9420.0,4.651804670912951
industrial-plants,plant05,diag,15,gbfs,432,243.053095,206.441000,2.112,subopt,9420.0,0.045859872611464965
industrial-plants,plant05,diag,16,astar,11583,144.723064,144.723000,29.931,ok,11480.0,1.0089721254355402
industrial-plants,plant05,diag,16,rastar,103300,144.723064,144.723000,295.601,ok,11480.0,8.998257839721255
industrial-plants,plant05,diag,16,mm,93953,144.723064,144.723000,791.411,ok,11480.0,8.184059233449478
industrial-plants,plant05,diag,16,bia,23003,144.723064,144.723000,54.049,ok,11480.0,2.003745644599303
industrial-plants,plant05,diag,16,bae,68278,144.723064,144.723000,235.486,ok,11480.0,5.947560975609756
industrial-plants,plant05,diag,16,nbs,26800,144.723064,144.723000,57.631,ok,11480.0,2.3344947735191637
industrial-plants,plant05,diag,16,gbfs,260,146.379919,144.723000,1.395,subopt,11480.0,0.02264808362369338
industrial-plants,plant05,diag,17,astar,11584,338.733264,338.733000,29.013,ok,11293.0,1.0257681749756487
industrial-plants,plant05,diag,17,rastar,211183,338.733264,338.733000,573.614,ok,11293.0,18.700345346674933
industrial-plants,plant05,diag,17,mm,133102,338.733264,338.733000,1261.066,ok,11293.0,11.786239263260427
industrial-plants,plant05,diag,17,bia,23163,338.733264,338.733000,62.313,ok,11293.0,2.0510935978039493
industrial-plants,plant05,diag,17,bae,39501,338.733264,338.733000,124.701,ok,11293.0,3.4978305144779953
industrial-plants,plant05,diag,17,nbs,30418,338.733264,338.733000,64.620,ok,11293.0,2.6935269636057737
industrial-plants,plant05,diag,17,gbfs,636,341.661467,338.733000,2.894,subopt,11293.0,0.05631807314265474
industrial-plants,plant05,diag,18,astar,11588,309.703091,309.703000,27.939,ok,11414.0,1.0152444366567372
industrial-plants,plant05,diag,18,rastar,692951,309.703091,309.703000,3084.262,ok,11414.0,60.71061853863676
industrial-plants,plant05,diag,18,mm,448466,309.703091,309.703000,5492.131,ok,11414.0,39.29087086034694
industrial-plants,plant05,diag,18,bia,23171,309.703091,309.703000,63.542,ok,11414.0,2.0300508147888556
industrial-plants,plant05,diag,18,bae,565353,309.703091,309.703000,3015.168,ok,11414.0,49.53154021377256
industrial-plants,plant05,diag,18,nbs,324002,309.703091,309.703000,1065.864,ok,11414.0,28.38636761871386
industrial-plants,plant05,diag,18,gbfs,406,312.631295,309.703000,2.458,subopt,11414.0,0.035570352199053794
industrial-plants,plant05,diag,19,astar,11589,461.836241,461.836000,27.129,ok,11377.0,1.0186340863144943
industrial-plants,plant05,diag,19,rastar,2482277,461.836241,461.836000,7969.360,ok,11377.0,218.18379186077172
industrial-plants,plant05,diag,19,mm,1464529,461.836241,461.836000,23798.538,ok,11377.0,128.72716884943307
industrial-plants,plant05,diag,19,bia,23173,461.836241,461.836000,65.881,ok,11377.0,2.0368286894611938
industrial-plants,plant05,diag,19,bae,81937,461.836241,461.836000,270.123,ok,11377.0,7.201986463918432
industrial-plants,plant05,diag,19,nbs,88082,461.836241,461.836000,236.539,ok,11377.0,7.742111277138085
industrial-plants,plant05,diag,19,gbfs,738,475.336631,461.836000,5.386,subopt,11377.0,0.0648677155664938
industrial-plants,plant05,diag,20,astar,23137,226.643687,226.644000,45.049,ok,22985.0,1.0066130084837939
industrial-plants,plant05,diag,20,rastar,786948,226.643687,226.644000,3114.011,ok,22985.0,34.23745921252991
industrial-plants,plant05,diag,20,mm,616921,226.643687,226.644000,7251.465,ok,22985.0,26.840156623885143
industrial-plants,plant05,diag,20,bia,46269,226.643687,226.644000,117.706,ok,22985.0,2.0130084837937785
industrial-plants,plant05,diag,20,bae,523675,226.643687,226.644000,2699.973,ok,22985.0,22.78333695888623
industrial-plants,plant05,diag,20,nbs,57784,226.643687,226.644000,147.739,ok,22985.0,2.513987383075919
industrial-plants,plant05,diag,20,gbfs,404,232.366803,226.644000,1.561,subopt,22985.0,0.017576680443767676
industrial-plants,plant05,diag,21,astar,23138,247.484307,247.484000,48.795,ok,22945.0,1.0084114186097188
industrial-plants,plant05,diag,21,rastar,177595,247.484307,247.484000,532.204,ok,22945.0,7.74003050773589
industrial-plants,plant05,diag,21,mm,142077,247.484307,247.484000,1383.535,ok,22945.0,6.192067988668556
industrial-plants,plant05,diag,21,bia,45975,247.484307,247.484000,121.108,ok,22945.0,2.0037045107866636
industrial-plants,plant05,diag,21,bae,166081,247.484307,247.484000,633.154,ok,22945.0,7.238221834822402
industrial-plants,plant05,diag,21,nbs,71732,247.484307,247.484000,185.969,ok,22945.0,3.1262584441054697
industrial-plants,plant05,diag,21,gbfs,466,255.872000,247.484000,1.961,subopt,22945.0,0.02030943560688603
industrial-plants,plant05,diag,22,astar,23141,687.781501,687.781000,59.444,ok,11614.0,1.992509040812812
industrial-plants,plant05,diag,22,rastar,6094726,687.781501,687.781000,23970.152,ok,11614.0,524.7740657826761
industrial-plants,plant05,diag,22,mm,0,0,687.781000,60000.000,timeout,11614.0,0.0
industrial-plants,plant05,diag,22,bia,46277,687.781501,687.781000,157.974,ok,11614.0,3.9845875667298087
industrial-plants,plant05,diag,22,bae,1543161,687.781501,687.781000,7649.316,ok,11614.0,132.87075942827622
industrial-plants,plant05,diag,22,nbs,1752978,687.781501,687.781000,9408.691,ok,11614.0,150.93662820733599
industrial-plants,plant05,diag,22,gbfs,1352,695.780772,687.781000,5.811,subopt,11614.0,0.11641122782848287
industrial-plants,plant05,diag,23,astar,23145,691.793538,691.794000,46.859,ok,22459.0,1.0305445478427357
industrial-plants,plant05,diag,23,rastar,6922760,691.793538,691.794000,27866.590,ok,22459.0,308.23990382474733
industrial-plants,plant05,nodiag,0,astar,6,5.000000,3.828430,0.069,ok,0.0,
industrial-plants,plant05,nodiag,0,rastar,6,5.000000,3.828430,0.092,ok,0.0,
industrial-plants,plant05,nodiag,0,mm,5,5.000000,3.828430,0.135,ok,0.0,
industrial-plants,plant05,nodiag,0,bia,5,5.000000,3.828430,0.125,ok,0.0,
industrial-plants,plant05,nodiag,0,bae,5,5.000000,3.828430,0.129,ok,0.0,
industrial-plants,plant05,nodiag,0,nbs,7,5.000000,3.828430,0.081,ok,0.0,
industrial-plants,plant05,nodiag,0,gbfs,6,5.000000,3.828430,0.133,subopt,0.0,
industrial-plants,plant05,nodiag,1,astar,7,6.000000,4.242640,0.121,ok,0.0,
industrial-plants,plant05,nodiag,1,rastar,7,6.000000,4.242640,0.140,ok,0.0,
industrial-plants,plant05,nodiag,1,mm,9,6.000000,4.242640,0.143,ok,0.0,
industrial-plants,plant05,nodiag,1,bia,6,6.000000,4.242640,0.111,ok,0.0,
industrial-plants,plant05,nodiag,1,bae,6,6.000000,4.242640,0.115,ok,0.0,
industrial-plants,plant05,nodiag,1,nbs,8,6.000000,4.242640,0.082,ok,0.0,
industrial-plants,plant05,nodiag,1,gbfs,6,6.000000,4.242640,0.150,subopt,0.0,
industrial-plants,plant05,nodiag,2,astar,5,4.000000,3.414210,0.104,ok,0.0,
industrial-plants,plant05,nodiag,2,rastar,5,4.000000,3.414210,0.104,ok,0.0,
industrial-plants,plant05,nodiag,2,mm,5,4.000000,3.414210,0.117,ok,0.0,
industrial-plants,plant05,nodiag,2,bia,4,4.000000,3.414210,0.102,ok,0.0,
industrial-plants,plant05,nodiag,2,bae,4,4.000000,3.414210,0.106,ok,0.0,
industrial-plants,plant05,nodiag,2,nbs,4,4.000000,3.414210,0.053,ok,0.0,
industrial-plants,plant05,nodiag,2,gbfs,4,4.000000,3.414210,0.112,subopt,0.0,
industrial-plants,plant05,nodiag,3,astar,11,10.000000,6.196150,0.167,ok,0.0,
industrial-plants,plant05,nodiag,3,rastar,11,10.000000,6.196150,0.152,ok,0.0,
industrial-plants,plant05,nodiag,3,mm,38,10.000000,6.196150,0.304,ok,0.0,
industrial-plants,plant05,nodiag,3,bia,10,10.000000,6.196150,0.142,ok,0.0,
industrial-plants,plant05,nodiag,3,bae,10,10.000000,6.196150,0.147,ok,0.0,
industrial-plants,plant05,nodiag,3,nbs,43,10.000000,6.196150,0.261,ok,0.0,
industrial-plants,plant05,nodiag,3,gbfs,10,10.000000,6.196150,0.156,subopt,0.0,
industrial-plants,plant05,nodiag,4,astar,8,7.000000,5.242640,0.127,ok,0.0,
industrial-plants,plant05,nodiag,4,rastar,8,7.000000,5.242640,0.129,ok,0.0,
industrial-plants,plant05,nodiag,4,mm,7,7.000000,5.242640,0.139,ok,0.0,
industrial-plants,plant05,nodiag,4,bia,7,7.000000,5.242640,0.115,ok,0.0,
industrial-plants,plant05,nodiag,4,bae,7,7.000000,5.242640,0.119,ok,0.0,
industrial-plants,plant05,nodiag,4,nbs,13,7.000000,5.242640,0.097,ok,0.0,
industrial-plants,plant05,nodiag,4,gbfs,8,7.000000,5.242640,0.152,subopt,0.0,
industrial-plants,plant05,nodiag,5,astar,9,8.000000,5.656850,0.139,ok,0.0,
industrial-plants,plant05,nodiag,5,rastar,9,8.000000,5.656850,0.139,ok,0.0,
industrial-plants,plant05,nodiag,5,mm,14,8.000000,5.656850,0.174,ok,0.0,
industrial-plants,plant05,nodiag,5,bia,8,8.000000,5.656850,0.075,ok,0.0,
industrial-plants,plant05,nodiag,5,bae,8,8.000000,5.656850,0.134,ok,0.0,
industrial-plants,plant05,nodiag,5,nbs,14,8.000000,5.656850,0.097,ok,0.0,
industrial-plants,plant05,nodiag,5,gbfs,8,8.000000,5.656850,0.136,subopt,0.0,
industrial-plants,plant05,nodiag,6,astar,6,5.000000,4.414210,0.151,ok,0.0,
industrial-plants,plant05,nodiag,6,rastar,6,5.000000,4.414210,0.122,ok,0.0,
industrial-plants,plant05,nodiag,6,mm,5,5.000000,4.414210,0.120,ok,0.0,
industrial-plants,plant05,nodiag,6,bia,5,5.000000,4.414210,0.110,ok,0.0,
industrial-plants,plant05,nodiag,6,bae,5,5.000000,4.414210,0.112,ok,0.0,
industrial-plants,plant05,nodiag,6,nbs,7,5.000000,4.414210,0.062,ok,0.0,
industrial-plants,plant05,nodiag,6,gbfs,6,5.000000,4.414210,0.129,subopt,0.0,
industrial-plants,plant05,nodiag,7,astar,5,4.000000,4.000000,0.162,ok,0.0,
industrial-plants,plant05,nodiag,7,rastar,5,4.000000,4.000000,0.108,ok,0.0,
industrial-plants,plant05,nodiag,7,mm,4,4.000000,4.000000,0.112,ok,0.0,
industrial-plants,plant05,nodiag,7,bia,4,4.000000,4.000000,0.106,ok,0.0,
industrial-plants,plant05,nodiag,7,bae,4,4.000000,4.000000,0.107,ok,0.0,
industrial-plants,plant05,nodiag,7,nbs,4,4.000000,4.000000,0.072,ok,0.0,
industrial-plants,plant05,nodiag,7,gbfs,4,4.000000,4.000000,0.109,subopt,0.0,
industrial-plants,plant05,nodiag,8,astar,7,6.000000,4.828430,0.125,ok,0.0,
industrial-plants,plant05,nodiag,8,rastar,7,6.000000,4.828430,0.124,ok,0.0,
industrial-plants,plant05,nodiag,8,mm,9,6.000000,4.828430,0.147,ok,0.0,
industrial-plants,plant05,nodiag,8,bia,6,6.000000,4.828430,0.114,ok,0.0,
industrial-plants,plant05,nodiag,8,bae,6,6.000000,4.828430,0.116,ok,0.0,
industrial-plants,plant05,nodiag,8,nbs,8,6.000000,4.828430,0.083,ok,0.0,
industrial-plants,plant05,nodiag,8,gbfs,6,6.000000,4.828430,0.135,subopt,0.0,
industrial-plants,plant05,nodiag,9,astar,7,6.000000,4.828430,0.127,ok,0.0,
industrial-plants,plant05,nodiag,9,rastar,7,6.000000,4.828430,0.122,ok,0.0,
industrial-plants,plant05,nodiag,9,mm,9,6.000000,4.828430,0.148,ok,0.0,
industrial-plants,plant05,nodiag,9,bia,6,6.000000,4.828430,0.112,ok,0.0,
industrial-plants,plant05,nodiag,9,bae,6,6.000000,4.828430,0.137,ok,0.0,
industrial-plants,plant05,nodiag,9,nbs,8,6.000000,4.828430,0.082,ok,0.0,
industrial-plants,plant05,nodiag,9,gbfs,6,6.000000,4.828430,0.133,subopt,0.0,
industrial-plants,plant05,nodiag,10,astar,28457,1000.000000,838.780000,39.550,ok,0.0,
industrial-plants,plant05,nodiag,10,rastar,72569,1000.000000,838.780000,140.830,ok,0.0,
industrial-plants,plant05,nodiag,10,mm,233626,1000.000000,838.780000,395.352,ok,0.0,
industrial-plants,plant05,nodiag,10,bia,1563,1000.000000,838.780000,4.440,ok,0.0,
industrial-plants,plant05,nodiag,10,bae,1563,1000.000000,838.780000,5.043,ok,0.0,
industrial-plants,plant05,nodiag,10,nbs,844765,1000.000000,838.780000,1347.430,ok,0.0,
industrial-plants,plant05,nodiag,10,gbfs,1564,1000.000000,838.780000,3.701,subopt,0.0,
industrial-plants,plant05,nodiag,11,astar,311,310.000000,212.404000,0.939,ok,0.0,
industrial-plants,plant05,nodiag,11,rastar,311,310.000000,212.404000,1.601,ok,0.0,
industrial-plants,plant05,nodiag,11,mm,166070,310.000000,212.404000,266.789,ok,0.0,
industrial-plants,plant05,nodiag,11,bia,310,310.000000,212.404000,0.814,ok,0.0,
industrial-plants,plant05,nodiag,11,bae,310,310.000000,212.404000,1.716,ok,0.0,
industrial-plants,plant05,nodiag,11,nbs,360598,310.000000,212.404000,526.985,ok,0.0,
industrial-plants,plant05,nodiag,11,gbfs,310,310.000000,212.404000,0.894,subopt,0.0,
industrial-plants,plant05,nodiag,12,astar,43033,205.000000,139.518000,46.122,ok,42952.0,1.0018858260383685
industrial-plants,plant05,nodiag,12,rastar,43245,205.000000,139.518000,37.976,ok,42952.0,1.0068215682622463
industrial-plants,plant05,nodiag,12,mm,76603,205.000000,139.518000,97.931,ok,42952.0,1.7834559508288321
industrial-plants,plant05,nodiag,12,bia,86017,205.000000,139.518000,109.951,ok,42952.0,2.002630843732539
industrial-plants,plant05,nodiag,12,bae,86017,205.000000,139.518000,121.196,ok,42952.0,2.002630843732539
industrial-plants,plant05,nodiag,12,nbs,85797,205.000000,139.518000,99.330,ok,42952.0,1.9975088470851183
industrial-plants,plant05,nodiag,12,gbfs,1698,205.000000,139.518000,2.280,subopt,42952.0,0.03953250139690818
industrial-plants,plant05,nodiag,13,astar,10385,1048.000000,884.306000,17.948,ok,0.0,
industrial-plants,plant05,nodiag,13,rastar,85973,1048.000000,884.306000,158.514,ok,0.0,
industrial-plants,plant05,nodiag,13,mm,537703,1048.000000,884.306000,949.842,ok,0.0,
industrial-plants,plant05,nodiag,13,bia,1763,1048.000000,884.306000,4.172,ok,0.0,
industrial-plants,plant05,nodiag,13,bae,1763,1048.000000,884.306000,8.675,ok,0.0,
industrial-plants,plant05,nodiag,13,nbs,1968039,1048.000000,884.306000,3808.936,ok,0.0,
industrial-plants,plant05,nodiag,13,gbfs,1764,1048.000000,884.306000,5.770,subopt,0.0,
industrial-plants,plant05,nodiag,14,astar,234,233.000000,186.429000,0.563,ok,0.0,
industrial-plants,plant05,nodiag,14,rastar,234,233.000000,186.429000,1.001,ok,0.0,
industrial-plants,plant05,nodiag,14,mm,233,233.000000,186.429000,1.621,ok,0.0,
industrial-plants,plant05,nodiag,14,bia,233,233.000000,186.429000,1.136,ok,0.0,
industrial-plants,plant05,nodiag,14,bae,233,233.000000,186.429000,1.203,ok,0.0,
industrial-plants,plant05,nodiag,14,nbs,35705,233.000000,186.429000,48.240,ok,0.0,
industrial-plants,plant05,nodiag,14,gbfs,234,233.000000,186.429000,0.428,subopt,0.0,
industrial-plants,plant05,nodiag,15,astar,271,270.000000,206.441000,0.670,ok,0.0,
industrial-plants,plant05,nodiag,15,rastar,271,270.000000,206.441000,1.152,ok,0.0,
industrial-plants,plant05,nodiag,15,mm,13246,270.000000,206.441000,25.366,ok,0.0,
industrial-plants,plant05,nodiag,15,bia,270,270.000000,206.441000,0.576,ok,0.0,
industrial-plants,plant05,nodiag,15,bae,270,270.000000,206.441000,1.109,ok,0.0,
industrial-plants,plant05,nodiag,15,nbs,95065,270.000000,206.441000,113.412,ok,0.0,
industrial-plants,plant05,nodiag,15,gbfs,270,270.000000,206.441000,0.619,subopt,0.0,
industrial-plants,plant05,nodiag,16,astar,163,162.000000,144.723000,0.792,ok,0.0,
industrial-plants,plant05,nodiag,16,rastar,163,162.000000,144.723000,0.867,ok,0.0,
industrial-plants,plant05,nodiag,16,mm,4428,162.000000,144.723000,14.240,ok,0.0,
industrial-plants,plant05,nodiag,16,bia,162,162.000000,144.723000,0.606,ok,0.0,
industrial-plants,plant05,nodiag,16,bae,162,162.000000,144.723000,1.034,ok,0.0,
industrial-plants,plant05,nodiag,16,nbs,9505,162.000000,144.723000,18.805,ok,0.0,
industrial-plants,plant05,nodiag,16,gbfs,162,162.000000,144.723000,0.465,subopt,0.0,
industrial-plants,plant05,nodiag,17,astar,369,368.000000,338.733000,1.570,ok,0.0,
industrial-plants,plant05,nodiag,17,rastar,6951,368.000000,338.733000,20.868,ok,0.0,
industrial-plants,plant05,nodiag,17,mm,32736,368.000000,338.733000,46.232,ok,0.0,
industrial-plants,plant05,nodiag,17,bia,689,368.000000,338.733000,1.129,ok,0.0,
industrial-plants,plant05,nodiag,17,bae,689,368.000000,338.733000,2.115,ok,0.0,
industrial-plants,plant05,nodiag,17,nbs,74909,368.000000,338.733000,98.563,ok,0.0,
industrial-plants,plant05,nodiag,17,gbfs,690,368.000000,338.733000,1.491,subopt,0.0,
industrial-plants,plant05,nodiag,18,astar,479,478.000000,309.703000,1.734,ok,0.0,
industrial-plants,plant05,nodiag,18,rastar,479,478.000000,309.703000,2.056,ok,0.0,
industrial-plants,plant05,nodiag,18,mm,1234711,478.000000,309.703000,1935.909,ok,0.0,
industrial-plants,plant05,nodiag,18,bia,478,478.000000,309.703000,0.941,ok,0.0,
industrial-plants,plant05,nodiag,18,bae,478,478.000000,309.703000,1.834,ok,0.0,
industrial-plants,plant05,nodiag,18,nbs,3100081,478.000000,309.703000,7168.098,ok,0.0,
industrial-plants,plant05,nodiag,18,gbfs,478,478.000000,309.703000,0.855,subopt,0.0,
industrial-plants,plant05,nodiag,19,astar,643,642.000000,461.836000,1.913,ok,0.0,
industrial-plants,plant05,nodiag,19,rastar,1428461,642.000000,461.836000,1791.860,ok,0.0,
industrial-plants,plant05,nodiag,19,mm,2998311,642.000000,461.836000,5446.022,ok,0.0,
industrial-plants,plant05,nodiag,19,bia,1259,642.000000,461.836000,2.201,ok,0.0,
industrial-plants,plant05,nodiag,19,bae,1259,642.000000,461.836000,4.002,ok,0.0,
industrial-plants,plant05,nodiag,19,nbs,5103012,642.000000,461.836000,11484.997,ok,0.0,
industrial-plants,plant05,nodiag,19,gbfs,1260,642.000000,461.836000,3.210,subopt,0.0,
industrial-plants,plant05,nodiag,20,astar,265,264.000000,226.644000,1.211,ok,0.0,
industrial-plants,plant05,nodiag,20,rastar,153415,264.000000,226.644000,165.510,ok,0.0,
industrial-plants,plant05,nodiag,20,mm,124489,264.000000,226.644000,178.757,ok,0.0,
industrial-plants,plant05,nodiag,20,bia,467,264.000000,226.644000,0.813,ok,0.0,
industrial-plants,plant05,nodiag,20,bae,467,264.000000,226.644000,1.605,ok,0.0,
industrial-plants,plant05,nodiag,20,nbs,154138,264.000000,226.644000,208.291,ok,0.0,
industrial-plants,plant05,nodiag,20,gbfs,468,264.000000,226.644000,1.356,subopt,0.0,
industrial-plants,plant05,nodiag,21,astar,280,279.000000,247.484000,1.286,ok,0.0,
industrial-plants,plant05,nodiag,21,rastar,280,279.000000,247.484000,1.546,ok,0.0,
industrial-plants,plant05,nodiag,21,mm,279,279.000000,247.484000,2.244,ok,0.0,
industrial-plants,plant05,nodiag,21,bia,279,279.000000,247.484000,1.621,ok,0.0,
industrial-plants,plant05,nodiag,21,bae,279,279.000000,247.484000,1.699,ok,0.0,
industrial-plants,plant05,nodiag,21,nbs,44863,279.000000,247.484000,57.279,ok,0.0,
industrial-plants,plant05,nodiag,21,gbfs,280,279.000000,247.484000,0.826,subopt,0.0,
industrial-plants,plant05,nodiag,22,astar,13505,764.000000,687.781000,28.370,ok,0.0,
industrial-plants,plant05,nodiag,22,rastar,765,764.000000,687.781000,1.248,ok,0.0,
industrial-plants,plant05,nodiag,22,mm,758640,764.000000,687.781000,1234.097,ok,0.0,
industrial-plants,plant05,nodiag,22,bia,1280,764.000000,687.781000,3.199,ok,0.0,
industrial-plants,plant05,nodiag,22,bae,1280,764.000000,687.781000,6.974,ok,0.0,
industrial-plants,plant05,nodiag,22,nbs,2042942,764.000000,687.781000,3447.232,ok,0.0,
industrial-plants,plant05,nodiag,22,gbfs,1280,764.000000,687.781000,3.158,subopt,0.0,
industrial-plants,plant05,nodiag,23,astar,795,794.000000,691.794000,2.373,ok,0.0,
industrial-plants,plant05,nodiag,23,rastar,1833885,794.000000,691.794000,2509.433,ok,0.0,
industrial-plants,plant05,nodiag,23,mm,2520377,794.000000,691.794000,4498.146,ok,0.0,
industrial-plants,plant05,nodiag,23,bia,1499,794.000000,691.794000,3.250,ok,0.0,
industrial-plants,plant05,nodiag,23,bae,1499,794.000000,691.794000,7.765,ok,0.0,
industrial-plants,plant05,nodiag,23,nbs,3724251,794.000000,691.794000,7561.330,ok,0.0,
industrial-plants,plant05,nodiag,23,gbfs,1500,794.000000,691.794000,4.917,subopt,0.0,
industrial-plants,plant05,nodiag,24,astar,210017,1135.000000,1055.540000,270.571,ok,209138.0,1.004202966462336
industrial-plants,plant05,nodiag,24,rastar,1778727,1135.000000,1055.540000,2914.899,ok,209138.0,8.505039734529355
industrial-plants,plant05,nodiag,24,mm,1664877,1135.000000,1055.540000,3318.267,ok,209138.0,7.960662337786533
industrial-plants,plant05,nodiag,24,bia,420029,1135.000000,1055.540000,892.843,ok,209138.0,2.008382025265614
industrial-plants,plant05,nodiag,24,bae,2366302,1135.000000,1055.540000,5799.263,ok,209138.0,11.314548288689764
industrial-plants,plant05,nodiag,24,nbs,1478508,1135.000000,1055.540000,2646.940,ok,209138.0,7.0695330356032855
industrial-plants,plant05,nodiag,24,gbfs,3622,1135.000000,1055.540000,9.104,subopt,209138.0,0.017318708221365796
industrial-plants,plant05,nodiag,25,astar,453,452.000000,334.812000,0.906,ok,0.0,
industrial-plants,plant05,nodiag,25,rastar,453,452.000000,334.812000,1.564,ok,0.0,
industrial-plants,plant05,nodiag,25,mm,65490,452.000000,334.812000,105.695,ok,0.0,
industrial-plants,plant05,nodiag,25,bia,452,452.000000,334.812000,0.900,ok,0.0,
industrial-plants,plant05,nodiag,25,bae,452,452.000000,334.812000,1.644,ok,0.0,
industrial-plants,plant05,nodiag,25,nbs,158322,452.000000,334.812000,250.911,ok,0.0,
industrial-plants,plant05,nodiag,25,gbfs,452,452.000000,334.812000,0.971,subopt,0.0,
industrial-plants,plant05,nodiag,26,astar,335,334.000000,221.523000,0.943,ok,0.0,
industrial-plants,plant05,nodiag,26,rastar,21965,334.000000,221.523000,31.787,ok,0.0,
industrial-plants,plant05,nodiag,26,mm,338333,334.000000,221.523000,535.792,ok,0.0,
industrial-plants,plant05,nodiag,26,bia,387,334.000000,221.523000,0.874,ok,0.0,
industrial-plants,plant05,nodiag,26,bae,387,334.000000,221.523000,1.647,ok,0.0,
industrial-plants,plant05,nodiag,26,nbs,920023,334.000000,221.523000,1791.041,ok,0.0,
industrial-plants,plant05,nodiag,26,gbfs,388,334.000000,221.523000,1.226,subopt,0.0,
industrial-plants,plant05,nodiag,27,astar,29832,295.000000,210.358000,35.307,ok,29451.0,1.0129367423856575
industrial-plants,plant05,nodiag,27,rastar,43282,295.000000,210.358000,44.081,ok,29451.0,1.4696275168924655
industrial-plants,plant05,nodiag,27,mm,85298,295.000000,210.358000,117.305,ok,29451.0,2.8962683779837697
industrial-plants,plant05,nodiag,27,bia,59647,295.000000,210.358000,72.497,ok,29451.0,2.025296254796102
industrial-plants,plant05,nodiag,27,bae,77897,295.000000,210.358000,112.941,ok,29451.0,2.6449696105395404
industrial-plants,plant05,nodiag,27,nbs,111391,295.000000,210.358000,156.275,ok,29451.0,3.782248480526977
industrial-plants,plant05,nodiag,27,gbfs,3804,305.000000,210.358000,4.611,subopt,29451.0,0.12916369563002955
industrial-plants,plant05,nodiag,28,astar,476,475.000000,393.825000,1.119,ok,0.0,
industrial-plants,plant05,nodiag,28,rastar,284504,475.000000,393.825000,386.717,ok,0.0,
industrial-plants,plant05,nodiag,28,mm,497345,475.000000,393.825000,944.354,ok,0.0,
industrial-plants,plant05,nodiag,28,bia,917,475.000000,393.825000,1.940,ok,0.0,
industrial-plants,plant05,nodiag,28,bae,917,475.000000,393.825000,3.782,ok,0.0,
industrial-plants,plant05,nodiag,28,nbs,703310,475.000000,393.825000,1186.382,ok,0.0,
industrial-plants,plant05,nodiag,28,gbfs,916,479.000000,393.825000,1.799,subopt,0.0,
industrial-plants,plant05,nodiag,29,astar,262,261.000000,220.195000,0.960,ok,0.0,
industrial-plants,plant05,nodiag,29,rastar,84523,261.000000,220.195000,100.770,ok,0.0,
industrial-plants,plant05,nodiag,29,mm,103901,261.000000,220.195000,169.873,ok,0.0,
industrial-plants,plant05,nodiag,29,bia,511,261.000000,220.195000,1.512,ok,0.0,
industrial-plants,plant05,nodiag,29,bae,511,261.000000,220.195000,2.632,ok,0.0,
industrial-plants,plant05,nodiag,29,nbs,81503,261.000000,220.195000,111.582,ok,0.0,
industrial-plants,plant05,nodiag,29,gbfs,512,261.000000,220.195000,1.581,subopt,0.0,
industrial-plants,plant05,nodiag,30,astar,253,252.000000,178.444000,1.433,ok,0.0,
industrial-plants,plant05,nodiag,30,rastar,253,252.000000,178.444000,1.408,ok,0.0,
industrial-plants,plant05,nodiag,30,mm,86456,252.000000,178.444000,129.583,ok,0.0,
industrial-plants,plant05,nodiag,30,bia,252,252.000000,178.444000,0.911,ok,0.0,
industrial-plants,plant05,nodiag,30,bae,252,252.000000,178.444000,1.524,ok,0.0,
industrial-plants,plant05,nodiag,30,nbs,275554,252.000000,178.444000,400.100,ok,0.0,
industrial-plants,plant05,nodiag,30,gbfs,252,252.000000,178.444000,0.742,subopt,0.0,
industrial-plants,plant05,nodiag,31,astar,17734,126.000000,106.981000,20.772,ok,17632.0,1.005784936479129
industrial-plants,plant05,nodiag,31,rastar,33877,126.000000,106.981000,31.908,ok,17632.0,1.9213362068965518
industrial-plants,plant05,nodiag,31,mm,53498,126.000000,106.981000,62.044,ok,17632.0,3.0341424682395646
industrial-plants,plant05,nodiag,31,bia,35395,126.000000,106.981000,36.020,ok,17632.0,2.007429673321234
industrial-plants,plant05,nodiag,31,bae,55666,126.000000,106.981000,68.049,ok,17632.0,3.157100725952813
industrial-plants,plant05,nodiag,31,nbs,45050,126.000000,106.981000,51.942,ok,17632.0,2.555013611615245
industrial-plants,plant05,nodiag,31,gbfs,17846,156.000000,106.981000,20.250,subopt,17632.0,1.0121370235934664
industrial-plants,plant05,nodiag,32,astar,597,596.000000,440.115000,1.350,ok,0.0,
industrial-plants,plant05,nodiag,32,rastar,8610,596.000000,440.115000,21.209,ok,0.0,
industrial-plants,plant05,nodiag,32,mm,777826,596.000000,440.115000,1468.425,ok,0.0,
industrial-plants,plant05,nodiag,32,bia,687,596.000000,440.115000,1.556,ok,0.0,
industrial-plants,plant05,nodiag,32,bae,687,596.000000,440.115000,3.152,ok,0.0,
industrial-plants,plant05,nodiag,32,nbs,1694941,596.000000,440.115000,3215.640,ok,0.0,
industrial-plants,plant05,nodiag,32,gbfs,688,596.000000,440.115000,2.353,subopt,0.0,
industrial-plants,plant05,nodiag,33,astar,363,362.000000,246.749000,1.556,ok,0.0,
industrial-plants,plant05,nodiag,33,rastar,363,362.000000,246.749000,1.725,ok,0.0,
industrial-plants,plant05,nodiag,33,mm,308468,362.000000,246.749000,449.595,ok,0.0,
industrial-plants,plant05,nodiag,33,bia,362,362.000000,246.749000,0.662,ok,0.0,
industrial-plants,plant05,nodiag,33,bae,362,362.000000,246.749000,1.228,ok,0.0,
industrial-plants,plant05,nodiag,33,nbs,732425,362.000000,246.749000,1304.151,ok,0.0,
industrial-plants,plant05,nodiag,33,gbfs,362,362.000000,246.749000,1.172,subopt,0.0,
industrial-plants,plant05,nodiag,34,astar,6398,241.000000,185.341000,12.707,ok,0.0,
industrial-plants,plant05,nodiag,34,rastar,242,241.000000,185.341000,0.466,ok,0.0,
industrial-plants,plant05,nodiag,34,mm,7894,241.000000,185.341000,14.520,ok,0.0,
industrial-plants,plant05,nodiag,34,bia,358,241.000000,185.341000,1.022,ok,0.0,
industrial-plants,plant05,nodiag,34,bae,358,241.000000,185.341000,2.008,ok,0.0,
industrial-plants,plant05,nodiag,34,nbs,168705,241.000000,185.341000,238.577,ok,0.0,
industrial-plants,plant05,nodiag,34,gbfs,358,241.000000,185.341000,0.707,subopt,0.0,
industrial-plants,plant05,nodiag,35,astar,285,284.000000,241.236000,0.693,ok,0.0,
industrial-plants,plant05,nodiag,35,rastar,35985,284.000000,241.236000,41.335,ok,0.0,
industrial-plants,plant05,nodiag,35,mm,76065,284.000000,241.236000,103.322,ok,0.0,
industrial-plants,plant05,nodiag,35,bia,539,284.000000,241.236000,0.943,ok,0.0,
industrial-plants,plant05,nodiag,35,bae,539,284.000000,241.236000,1.802,ok,0.0,
industrial-plants,plant05,nodiag,35,nbs,118553,284.000000,241.236000,154.132,ok,0.0,
industrial-plants,plant05,nodiag,35,gbfs,540,284.000000,241.236000,1.247,subopt,0.0,
industrial-plants,plant05,nodiag,36,astar,400,399.000000,293.870000,1.753,ok,0.0,
industrial-plants,plant05,nodiag,36,rastar,18576,399.000000,293.870000,27.270,ok,0.0,
industrial-plants,plant05,nodiag,36,mm,114708,399.000000,293.870000,200.178,ok,0.0,
industrial-plants,plant05,nodiag,36,bia,495,399.000000,293.870000,0.872,ok,0.0,
industrial-plants,plant05,nodiag,36,bae,495,399.000000,293.870000,1.597,ok,0.0,
industrial-plants,plant05,nodiag,36,nbs,177382,399.000000,293.870000,247.928,ok,0.0,
industrial-plants,plant05,nodiag,36,gbfs,496,399.000000,293.870000,1.078,subopt,0.0,
industrial-plants,plant05,nodiag,37,astar,783,782.000000,690.209000,2.716,ok,0.0,
industrial-plants,plant05,nodiag,37,rastar,783,782.000000,690.209000,3.592,ok,0.0,
industrial-plants,plant05,nodiag,37,mm,344726,782.000000,690.209000,589.887,ok,0.0,
industrial-plants,plant05,nodiag,37,bia,782,782.000000,690.209000,1.734,ok,0.0,
industrial-plants,plant05,nodiag,37,bae,782,782.000000,690.209000,3.446,ok,0.0,
industrial-plants,plant05,nodiag,37,nbs,771166,782.000000,690.209000,1271.499,ok,0.0,
industrial-plants,plant05,nodiag,37,gbfs,782,782.000000,690.209000,1.979,subopt,0.0,
industrial-plants,plant05,nodiag,38,astar,350,349.000000,277.386000,1.515,ok,0.0,
industrial-plants,plant05,nodiag,38,rastar,350,349.000000,277.386000,1.733,ok,0.0,
industrial-plants,plant05,nodiag,38,mm,349,349.000000,277.386000,2.626,ok,0.0,
industrial-plants,plant05,nodiag,38,bia,349,349.000000,277.386000,1.851,ok,0.0,
industrial-plants,plant05,nodiag,38,bae,349,349.000000,277.386000,1.981,ok,0.0,
industrial-plants,plant05,nodiag,38,nbs,227129,349.000000,277.386000,284.448,ok,0.0,
industrial-plants,plant05,nodiag,38,gbfs,350,349.000000,277.386000,0.909,subopt,0.0,
industrial-plants,plant05,nodiag,39,astar,1044,459.000000,353.116000,3.523,ok,0.0,
industrial-plants,plant05,nodiag,39,rastar,460,459.000000,353.116000,2.117,ok,0.0,
industrial-plants,plant05,nodiag,39,mm,459,459.000000,353.116000,3.242,ok,0.0,
industrial-plants,plant05,nodiag,39,bia,459,459.000000,353.116000,2.288,ok,0.0,
industrial-plants,plant05,nodiag,39,bae,459,459.000000,353.116000,2.429,ok,0.0,
industrial-plants,plant05,nodiag,39,nbs,317767,459.000000,353.116000,498.134,ok,0.0,
industrial-plants,plant05,nodiag,39,gbfs,460,459.000000,353.116000,1.510,subopt,0.0,
industrial-plants,plant05,nodiag,40,astar,691,513.000000,343.390000,3.234,ok,0.0,
industrial-plants,plant05,nodiag,40,rastar,514,513.000000,343.390000,2.706,ok,0.0,
industrial-plants,plant05,nodiag,40,mm,513,513.000000,343.390000,3.951,ok,0.0,
industrial-plants,plant05,nodiag,40,bia,513,513.000000,343.390000,2.815,ok,0.0,
industrial-plants,plant05,nodiag,40,bae,513,513.000000,343.390000,3.033,ok,0.0,
industrial-plants,plant05,nodiag,40,nbs,2976013,513.000000,343.390000,6725.781,ok,0.0,
industrial-plants,plant05,nodiag,40,gbfs,514,513.000000,343.390000,1.974,subopt,0.0,
industrial-plants,plant05,nodiag,41,astar,781,780.000000,668.226000,3.704,ok,0.0,
industrial-plants,plant05,nodiag,41,rastar,89655,780.000000,668.226000,139.303,ok,0.0,
industrial-plants,plant05,nodiag,41,mm,231824,780.000000,668.226000,407.210,ok,0.0,
industrial-plants,plant05,nodiag,41,bia,1539,780.000000,668.226000,3.285,ok,0.0,
industrial-plants,plant05,nodiag,41,bae,1539,780.000000,668.226000,6.308,ok,0.0,
industrial-plants,plant05,nodiag,41,nbs,382519,780.000000,668.226000,524.008,ok,0.0,
industrial-plants,plant05,nodiag,41,gbfs,1448,784.000000,668.226000,2.588,subopt,0.0,
industrial-plants,plant05,nodiag,42,astar,17106,321.000000,254.123000,22.503,ok,0.0,
industrial-plants,plant05,nodiag,42,rastar,141190,321.000000,254.123000,146.412,ok,0.0,
industrial-plants,plant05,nodiag,42,mm,252327,321.000000,254.123000,407.454,ok,0.0,
industrial-plants,plant05,nodiag,42,bia,34153,321.000000,254.123000,55.668,ok,0.0,
industrial-plants,plant05,nodiag,42,bae,34153,321.000000,254.123000,60.350,ok,0.0,
industrial-plants,plant05,nodiag,42,nbs,331777,321.000000,254.123000,495.375,ok,0.0,
industrial-plants,plant05,nodiag,42,gbfs,622,325.000000,254.123000,1.209,subopt,0.0,
industrial-plants,plant05,nodiag,43,astar,212160,681.000000,631.007000,267.429,ok,48718.0,4.35485857383308
industrial-plants,plant05,nodiag,43,rastar,889676,681.000000,631.007000,1204.700,ok,48718.0,18.26175130341968
industrial-plants,plant05,nodiag,43,mm,811580,681.000000,631.007000,1336.843,ok,48718.0,16.658729832915967
industrial-plants,plant05,nodiag,43,bia,420455,681.000000,631.007000,777.523,ok,48718.0,8.630383020649452
industrial-plants,plant05,nodiag,43,bae,1139326,681.000000,631.007000,2307.536,ok,48718.0,23.386140646167743
industrial-plants,plant05,nodiag,43,nbs,664378,681.000000,631.007000,1034.421,ok,48718.0,13.63721827661234
industrial-plants,plant05,nodiag,43,gbfs,16270,683.000000,631.007000,17.370,subopt,48718.0,0.3339628063549407
industrial-plants,plant05,nodiag,44,astar,24989,628.000000,459.505000,41.237,ok,0.0,
industrial-plants,plant05,nodiag,44,rastar,629,628.000000,459.505000,1.394,ok,0.0,
industrial-plants,plant05,nodiag,44,mm,226024,628.000000,459.505000,386.695,ok,0.0,
industrial-plants,plant05,nodiag,44,bia,830,628.000000,459.505000,2.101,ok,0.0,
industrial-plants,plant05,nodiag,44,bae,830,628.000000,459.505000,4.175,ok,0.0,
industrial-plants,plant05,nodiag,44,nbs,293437,628.000000,459.505000,319.617,ok,0.0,
industrial-plants,plant05,nodiag,44,gbfs,830,628.000000,459.505000,2.638,subopt,0.0,
industrial-plants,plant05,nodiag,45,astar,47998,961.000000,938.162000,52.101,ok,47726.0,1.0056991995977036
industrial-plants,plant05,nodiag,45,rastar,77814,961.000000,938.162000,66.624,ok,47726.0,1.6304320496165612
industrial-plants,plant05,nodiag,45,mm,131650,961.000000,938.162000,170.406,ok,47726.0,2.758454511167917
industrial-plants,plant05,nodiag,45,bia,95451,961.000000,938.162000,88.652,ok,47726.0,1.9999790470603025
industrial-plants,plant05,nodiag,45,bae,101341,961.000000,938.162000,101.122,ok,47726.0,2.1233918618782215
industrial-plants,plant05,nodiag,45,nbs,119640,961.000000,938.162000,130.794,ok,47726.0,2.506809705401668
industrial-plants,plant05,nodiag,45,gbfs,1408,965.000000,938.162000,2.897,subopt,47726.0,0.029501739093994887
industrial-plants,plant05,nodiag,46,astar,38439,977.000000,953.865000,44.568,ok,37679.0,1.020170386687545
industrial-plants,plant05,nodiag,46,rastar,222451,977.000000,953.865000,289.510,ok,37679.0,5.903845643461875
industrial-plants,plant05,nodiag,46,mm,190100,977.000000,953.865000,262.390,ok,37679.0,5.045250670134558
industrial-plants,plant05,nodiag,46,bia,76873,977.000000,953.865000,122.794,ok,37679.0,2.0402080734626713
industrial-plants,plant05,nodiag,46,bae,167843,977.000000,953.865000,270.461,ok,37679.0,4.454550279996815
industrial-plants,plant05,nodiag,46,nbs,115258,977.000000,953.865000,143.239,ok,37679.0,3.0589453010961014
industrial-plants,plant05,nodiag,46,gbfs,2148,977.000000,953.865000,2.881,subopt,37679.0,0.05700788237479763
industrial-plants,plant05,nodiag,47,astar,85201,286.000000,234.627000,76.261,ok,52003.0,1.6383862469472914
industrial-plants,plant05,nodiag,47,rastar,154377,286.000000,234.627000,153.203,ok,52003.0,2.9686171951618174
industrial-plants,plant05,nodiag,47,mm,164101,286.000000,234.627000,210.364,ok,52003.0,3.1556064073226544
industrial-plants,plant05,nodiag,47,bia,142133,286.000000,234.627000,192.205,ok,52003.0,2.73316924023614
industrial-plants,plant05,nodiag,47,bae,203831,286.000000,234.627000,310.928,ok,52003.0,3.919600792261985
industrial-plants,plant05,nodiag,47,nbs,169508,286.000000,234.627000,207.467,ok,52003.0,3.259581178008961
industrial-plants,plant05,nodiag,47,gbfs,6186,298.000000,234.627000,7.891,subopt,52003.0,0.11895467569178701
industrial-plants,plant05,nodiag,48,astar,58381,410.000000,379.666000,60.654,ok,58094.0,1.0049402692188523
industrial-plants,plant05,nodiag,48,rastar,91435,410.000000,379.666000,107.577,ok,58094.0,1.5739146899851963
industrial-plants,plant05,nodiag,48,mm,120113,410.000000,379.666000,180.179,ok,58094.0,2.0675629152752437
industrial-plants,plant05,nodiag,48,bia,116751,410.000000,379.666000,178.437,ok,58094.0,2.0096911901401175
industrial-plants,plant05,nodiag,48,bae,129787,410.000000,379.666000,206.304,ok,58094.0,2.2340861362619204
industrial-plants,plant05,nodiag,48,nbs,130441,410.000000,379.666000,196.759,ok,58094.0,2.245343753227528
industrial-plants,plant05,nodiag,48,gbfs,1158,410.000000,379.666000,2.333,subopt,58094.0,0.019933211691396703
industrial-plants,plant05,nodiag,49,astar,197,196.000000,166.149000,0.800,ok,0.0,
industrial-plants,plant05,nodiag,49,rastar,197,196.000000,166.149000,0.981,ok,0.0,
industrial-plants,plant05,nodiag,49,mm,2248,196.000000,166.149000,10.207,ok,0.0,
industrial-plants,plant05,nodiag,49,bia,196,196.000000,166.149000,0.504,ok,0.0,
industrial-plants,plant05,nodiag,49,bae,196,196.000000,166.149000,1.046,ok,0.0,
industrial-plants,plant05,nodiag,49,nbs,4254,196.000000,166.149000,12.086,ok,0.0,
industrial-plants,plant05,nodiag,49,gbfs,196,196.000000,166.149000,0.840,subopt,0.0,
industrial-plants,plant05,nodiag,50,astar,371,298.000000,238.376000,1.983,ok,0.0,
industrial-plants,plant05,nodiag,50,rastar,299,298.000000,238.376000,1.576,ok,0.0,
industrial-plants,plant05,nodiag,50,mm,109929,298.000000,238.376000,161.176,ok,0.0,
industrial-plants,plant05,nodiag,50,bia,370,298.000000,238.376000,0.899,ok,0.0,
industrial-plants,plant05,nodiag,50,bae,370,298.000000,238.376000,1.660,ok,0.0,
industrial-plants,plant05,nodiag,50,nbs,230311,298.000000,238.376000,315.359,ok,0.0,
industrial-plants,plant05,nodiag,50,gbfs,300,300.000000,238.376000,0.831,subopt,0.0,
industrial-plants,plant05,nodiag,51,astar,67865,551.000000,522.215000,78.531,ok,67419.0,1.0066153458223943
industrial-plants,plant05,nodiag,51,rastar,396768,551.000000,522.215000,573.468,ok,67419.0,5.885106572331242
industrial-plants,plant05,nodiag,51,mm,341316,551.000000,522.215000,524.549,ok,67419.0,5.0626084634895205
industrial-plants,plant05,nodiag,51,bia,133851,551.000000,522.215000,200.039,ok,67419.0,1.9853602100298136
industrial-plants,plant05,nodiag,51,bae,362844,551.000000,522.215000,670.063,ok,67419.0,5.381924976638633
industrial-plants,plant05,nodiag,51,nbs,193774,551.000000,522.215000,265.399,ok,67419.0,2.8741749358489446
industrial-plants,plant05,nodiag,51,gbfs,5206,573.000000,522.215000,6.905,subopt,67419.0,0.0772185882318041
industrial-plants,plant05,nodiag,52,astar,372,371.000000,313.675000,0.795,ok,0.0,
industrial-plants,plant05,nodiag,52,rastar,372,371.000000,313.675000,1.616,ok,0.0,
industrial-plants,plant05,nodiag,52,mm,371,371.000000,313.675000,2.873,ok,0.0,
industrial-plants,plant05,nodiag,52,bia,371,371.000000,313.675000,1.910,ok,0.0,
industrial-plants,plant05,nodiag,52,bae,371,371.000000,313.675000,1.975,ok,0.0,
industrial-plants,plant05,nodiag,52,nbs,159901,371.000000,313.675000,205.092,ok,0.0,
industrial-plants,plant05,nodiag,52,gbfs,372,371.000000,313.675000,0.996,subopt,0.0,
industrial-plants,plant05,nodiag,53,astar,484,483.000000,405.826000,2.326,ok,0.0,
industrial-plants,plant05,nodiag,53,rastar,6690,483.000000,405.826000,18.927,ok,0.0,
industrial-plants,plant05,nodiag,53,mm,18298,483.000000,405.826000,28.163,ok,0.0,
industrial-plants,plant05,nodiag,53,bia,491,483.000000,405.826000,0.842,ok,0.0,
industrial-plants,plant05,nodiag,53,bae,491,483.000000,405.826000,1.551,ok,0.0,
industrial-plants,plant05,nodiag,53,nbs,77694,483.000000,405.826000,113.437,ok,0.0,
industrial-plants,plant05,nodiag,53,gbfs,492,483.000000,405.826000,1.144,subopt,0.0,
industrial-plants,plant05,nodiag,54,astar,169,168.000000,153.941000,0.693,ok,0.0,
industrial-plants,plant05,nodiag,54,rastar,169,168.000000,153.941000,0.905,ok,0.0,
industrial-plants,plant05,nodiag,54,mm,1884,168.000000,153.941000,7.368,ok,0.0,
industrial-plants,plant05,nodiag,54,bia,168,168.000000,153.941000,0.823,ok,0.0,
industrial-plants,plant05,nodiag,54,bae,168,168.000000,153.941000,0.973,ok,0.0,
industrial-plants,plant05,nodiag,54,nbs,4901,168.000000,153.941000,15.409,ok,0.0,
industrial-plants,plant05,nodiag,54,gbfs,168,168.000000,153.941000,0.647,subopt,0.0,
industrial-plants,plant05,nodiag,55,astar,140291,382.000000,307.658000,204.468,ok,0.0,
industrial-plants,plant05,nodiag,55,rastar,101510,382.000000,307.658000,105.264,ok,0.0,
industrial-plants,plant05,nodiag,55,mm,354439,382.000000,307.658000,549.951,ok,0.0,
industrial-plants,plant05,nodiag,55,bia,202956,382.000000,307.658000,362.155,ok,0.0,
industrial-plants,plant05,nodiag,55,bae,202956,382.000000,307.658000,380.200,ok,0.0,
industrial-plants,plant05,nodiag,55,nbs,602136,382.000000,307.658000,966.654,ok,0.0,
industrial-plants,plant05,nodiag,55,gbfs,3378,406.000000,307.658000,5.802,subopt,0.0,
industrial-plants,plant05,nodiag,56,astar,255,254.000000,207.639000,0.551,ok,0.0,
industrial-plants,plant05,nodiag,56,rastar,1705,254.000000,207.639000,6.266,ok,0.0,
industrial-plants,plant05,nodiag,56,mm,29226,254.000000,207.639000,42.333,ok,0.0,
industrial-plants,plant05,nodiag,56,bia,437,254.000000,207.639000,0.863,ok,0.0,
industrial-plants,plant05,nodiag,56,bae,437,254.000000,207.639000,2.003,ok,0.0,
industrial-plants,plant05,nodiag,56,nbs,72073,254.000000,207.639000,89.128,ok,0.0,
industrial-plants,plant05,nodiag,56,gbfs,438,254.000000,207.639000,1.263,subopt,0.0,
industrial-plants,plant05,nodiag,57,astar,263,262.000000,179.588000,1.512,ok,0.0,
industrial-plants,plant05,nodiag,57,rastar,263,262.000000,179.588000,1.490,ok,0.0,
industrial-plants,plant05,nodiag,57,mm,121136,262.000000,179.588000,175.055,ok,0.0,
industrial-plants,plant05,nodiag,57,bia,262,262.000000,179.588000,0.629,ok,0.0,
industrial-plants,plant05,nodiag,57,bae,262,262.000000,179.588000,1.134,ok,0.0,
industrial-plants,plant05,nodiag,57,nbs,271709,262.000000,179.588000,399.328,ok,0.0,
industrial-plants,plant05,nodiag,57,gbfs,262,262.000000,179.588000,0.597,subopt,0.0,
industrial-plants,plant05,nodiag,58,astar,43546,192.000000,139.784000,45.952,ok,43381.0,1.0038035084483992
industrial-plants,plant05,nodiag,58,rastar,67153,192.000000,139.784000,53.939,ok,43381.0,1.547981835365713
industrial-plants,plant05,nodiag,58,mm,102404,192.000000,139.784000,123.392,ok,43381.0,2.3605726009082315
industrial-plants,plant05,nodiag,58,bia,87051,192.000000,139.784000,105.606,ok,43381.0,2.006661902676287
industrial-plants,plant05,nodiag,58,bae,125692,192.000000,139.784000,179.438,ok,43381.0,2.897397478158641
industrial-plants,plant05,nodiag,58,nbs,100082,192.000000,139.784000,120.465,ok,43381.0,2.3070468638343975
industrial-plants,plant05,nodiag,58,gbfs,3306,192.000000,139.784000,4.149,subopt,43381.0,0.07620847836610498
industrial-plants,plant05,nodiag,59,astar,456,455.000000,318.260000,1.215,ok,0.0,
industrial-plants,plant05,nodiag,59,rastar,456,455.000000,318.260000,2.169,ok,0.0,
industrial-plants,plant05,nodiag,59,mm,455,455.000000,318.260000,3.448,ok,0.0,
industrial-plants,plant05,nodiag,59,bia,455,455.000000,318.260000,2.475,ok,0.0,
industrial-plants,plant05,nodiag,59,bae,455,455.000000,318.260000,2.638,ok,0.0,
industrial-plants,plant05,nodiag,59,nbs,1359150,455.000000,318.260000,2801.240,ok,0.0,
industrial-plants,plant05,nodiag,59,gbfs,456,455.000000,318.260000,0.919,subopt,0.0,
industrial-plants,plant05,nodiag,60,astar,240,239.000000,171.132000,0.642,ok,0.0,
industrial-plants,plant05,nodiag,60,rastar,130090,239.000000,171.132000,152.522,ok,0.0,
industrial-plants,plant05,nodiag,60,mm,175396,239.000000,171.132000,287.728,ok,0.0,
industrial-plants,plant05,nodiag,60,bia,465,239.000000,171.132000,1.410,ok,0.0,
industrial-plants,plant05,nodiag,60,bae,465,239.000000,171.132000,2.267,ok,0.0,
industrial-plants,plant05,nodiag,60,nbs,174111,239.000000,171.132000,228.301,ok,0.0,
industrial-plants,plant05,nodiag,60,gbfs,466,239.000000,171.132000,1.104,subopt,0.0,
industrial-plants,plant05,nodiag,61,astar,23027,142.000000,116.522000,26.797,ok,22009.0,1.046253805261484
industrial-plants,plant05,nodiag,61,rastar,29917,142.000000,116.522000,27.124,ok,22009.0,1.3593075559998182
industrial-plants,plant05,nodiag,61,mm,54932,142.000000,116.522000,63.531,ok,22009.0,2.495888045799446
industrial-plants,plant05,nodiag,61,bia,45989,142.000000,116.522000,48.969,ok,22009.0,2.0895542732518515
industrial-plants,plant05,nodiag,61,bae,53462,142.000000,116.522000,61.987,ok,22009.0,2.429097187514199
industrial-plants,plant05,nodiag,61,nbs,54762,142.000000,116.522000,62.538,ok,22009.0,2.488163932936526
industrial-plants,plant05,nodiag,61,gbfs,3248,142.000000,116.522000,4.116,subopt,22009.0,0.14757599163978372
industrial-plants,plant05,nodiag,62,astar,24599,758.000000,627.819000,28.722,ok,0.0,
industrial-plants,plant05,nodiag,62,rastar,759,758.000000,627.819000,1.583,ok,0.0,
industrial-plants,plant05,nodiag,62,mm,32794,758.000000,627.819000,55.989,ok,0.0,
industrial-plants,plant05,nodiag,62,bia,758,758.000000,627.819000,2.225,ok,0.0,
industrial-plants,plant05,nodiag,62,bae,758,758.000000,627.819000,4.007,ok,0.0,
industrial-plants,plant05,nodiag,62,nbs,207212,758.000000,627.819000,308.509,ok,0.0,
industrial-plants,plant05,nodiag,62,gbfs,758,758.000000,627.819000,2.186,subopt,0.0,
industrial-plants,plant05,nodiag,63,astar,83895,543.000000,512.072000,103.161,ok,83495.0,1.0047907060303012
industrial-plants,plant05,nodiag,63,rastar,121905,543.000000,512.072000,134.873,ok,83495.0,1.4600275465596741
industrial-plants,plant05,nodiag,63,mm,204815,543.000000,512.072000,321.496,ok,83495.0,2.453021138990359
industrial-plants,plant05,nodiag,63,bia,167281,543.000000,512.072000,262.953,ok,83495.0,2.0034852386370443
industrial-plants,plant05,nodiag,63,bae,213777,543.000000,512.072000,347.508,ok,83495.0,2.5603569075992576
industrial-plants,plant05,nodiag,63,nbs,234488,543.000000,512.072000,330.360,ok,83495.0,2.808407689083179
industrial-plants,plant05,nodiag,63,gbfs,1192,543.000000,512.072000,3.911,subopt,83495.0,0.014276303970297622
industrial-plants,plant05,nodiag,64,astar,112771,396.000000,299.056000,138.962,ok,9736.0,11.582888249794577
industrial-plants,plant05,nodiag,64,rastar,9918,396.000000,299.056000,11.225,ok,9736.0,1.0186935086277733
industrial-plants,plant05,nodiag,64,mm,106681,396.000000,299.056000,156.243,ok,9736.0,10.957374691865242
industrial-plants,plant05,nodiag,64,bia,19832,396.000000,299.056000,29.273,ok,9736.0,2.036976170912079
industrial-plants,plant05,nodiag,64,bae,190039,396.000000,299.056000,349.653,ok,9736.0,19.519207066557108
industrial-plants,plant05,nodiag,64,nbs,176181,396.000000,299.056000,233.958,ok,9736.0,18.095829909613805
industrial-plants,plant05,nodiag,64,gbfs,834,396.000000,299.056000,2.440,subopt,9736.0,0.08566146261298274
industrial-plants,plant05,nodiag,65,astar,248468,445.000000,346.255000,314.599,ok,234050.0,1.0616022217474899
industrial-plants,plant05,nodiag,65,rastar,566237,445.000000,346.255000,732.388,ok,234050.0,2.419299295022431
industrial-plants,plant05,nodiag,65,mm,759294,445.000000,346.255000,1305.774,ok,234050.0,3.2441529587694937
industrial-plants,plant05,nodiag,65,bia,496563,445.000000,346.255000,936.139,ok,234050.0,2.121610766930143
industrial-plants,plant05,nodiag,65,bae,928017,445.000000,346.255000,1826.998,ok,234050.0,3.9650373851741083
industrial-plants,plant05,nodiag,65,nbs,659350,445.000000,346.255000,1077.808,ok,234050.0,2.8171330912198247
industrial-plants,plant05,nodiag,65,gbfs,19978,485.000000,346.255000,22.040,subopt,234050.0,0.08535782952360607
industrial-plants,plant05,nodiag,66,astar,549,548.000000,421.582000,1.257,ok,0.0,
industrial-plants,plant05,nodiag,66,rastar,549,548.000000,421.582000,2.337,ok,0.0,
industrial-plants,plant05,nodiag,66,mm,342027,548.000000,421.582000,644.397,ok,0.0,
industrial-plants,plant05,nodiag,66,bia,548,548.000000,421.582000,1.086,ok,0.0,
industrial-plants,plant05,nodiag,66,bae,548,548.000000,421.582000,2.003,ok,0.0,
industrial-plants,plant05,nodiag,66,nbs,614170,548.000000,421.582000,1003.123,ok,0.0,
industrial-plants,plant05,nodiag,66,gbfs,548,548.000000,421.582000,1.810,subopt,0.0,
industrial-plants,plant05,nodiag,67,astar,143601,968.000000,912.646000,163.815,ok,143151.0,1.0031435337510741
industrial-plants,plant05,nodiag,67,rastar,1141538,968.000000,912.646000,1648.984,ok,143151.0,7.974362735852352
industrial-plants,plant05,nodiag,67,mm,1194734,968.000000,912.646000,2042.713,ok,143151.0,8.34597033901265
industrial-plants,plant05,nodiag,67,bia,287197,968.000000,912.646000,522.686,ok,143151.0,2.006252139349358
industrial-plants,plant05,nodiag,67,bae,1392534,968.000000,912.646000,3207.715,ok,143151.0,9.72772806337364
industrial-plants,plant05,nodiag,67,nbs,369772,968.000000,912.646000,618.786,ok,143151.0,2.5830905826714448
industrial-plants,plant05,nodiag,67,gbfs,6580,968.000000,912.646000,7.458,subopt,143151.0,0.04596544907126042
industrial-plants,plant05,nodiag,68,astar,183,182.000000,142.459000,0.368,ok,0.0,
industrial-plants,plant05,nodiag,68,rastar,183,182.000000,142.459000,0.640,ok,0.0,
industrial-plants,plant05,nodiag,68,mm,17824,182.000000,142.459000,32.065,ok,0.0,
industrial-plants,plant05,nodiag,68,bia,200,182.000000,142.459000,0.381,ok,0.0,
industrial-plants,plant05,nodiag,68,bae,200,182.000000,142.459000,0.682,ok,0.0,
industrial-plants,plant05,nodiag,68,nbs,45912,182.000000,142.459000,60.328,ok,0.0,
industrial-plants,plant05,nodiag,68,gbfs,200,182.000000,142.459000,0.505,subopt,0.0,
industrial-plants,plant05,nodiag,69,astar,29831,834.000000,806.001000,33.613,ok,28880.0,1.0329293628808864
industrial-plants,plant05,nodiag,69,rastar,1083611,834.000000,806.001000,1462.584,ok,28880.0,37.52115650969529
industrial-plants,plant05,nodiag,69,mm,643903,834.000000,806.001000,1000.867,ok,28880.0,22.29581024930748
industrial-plants,plant05,nodiag,69,bia,59657,834.000000,806.001000,82.314,ok,28880.0,2.0656855955678672
industrial-plants,plant05,nodiag,69,bae,696929,834.000000,806.001000,1577.877,ok,28880.0,24.131890581717453
industrial-plants,plant05,nodiag,69,nbs,295740,834.000000,806.001000,408.207,ok,28880.0,10.240304709141274
industrial-plants,plant05,nodiag,69,gbfs,12542,834.000000,806.001000,15.486,subopt,28880.0,0.4342797783933518
industrial-plants,plant05,nodiag,70,astar,21522,728.000000,642.579000,38.798,ok,0.0,
industrial-plants,plant05,nodiag,70,rastar,1802,728.000000,642.579000,3.342,ok,0.0,
industrial-plants,plant05,nodiag,70,mm,103547,728.000000,642.579000,186.569,ok,0.0,
industrial-plants,plant05,nodiag,70,bia,3544,728.000000,642.579000,5.121,ok,0.0,
industrial-plants,plant05,nodiag,70,bae,3544,728.000000,642.579000,7.401,ok,0.0,
industrial-plants,plant05,nodiag,70,nbs,235175,728.000000,642.579000,327.990,ok,0.0,
industrial-plants,plant05,nodiag,70,gbfs,13696,772.000000,642.579000,17.948,subopt,0.0,
industrial-plants,plant05,nodiag,71,astar,167562,443.000000,386.624000,216.421,ok,167273.0,1.0017277145743784
industrial-plants,plant05,nodiag,71,rastar,425689,443.000000,386.624000,535.869,ok,167273.0,2.5448757420504204
industrial-plants,plant05,nodiag,71,mm,610482,443.000000,386.624000,1001.267,ok,167273.0,3.6496147017151603
industrial-plants,plant05,nodiag,71,bia,335111,443.000000,386.624000,649.358,ok,167273.0,2.0033777118841654
industrial-plants,plant05,nodiag,71,bae,634219,443.000000,386.624000,1272.445,ok,167273.0,3.7915204486079643
industrial-plants,plant05,nodiag,71,nbs,475758,443.000000,386.624000,813.577,ok,167273.0,2.8442007974987
industrial-plants,plant05,nodiag,71,gbfs,7738,443.000000,386.624000,10.461,subopt,167273.0,0.04625970718526003
industrial-plants,plant05,nodiag,72,astar,259518,642.000000,395.202000,378.043,ok,0.0,
industrial-plants,plant05,nodiag,72,rastar,643,642.000000,395.202000,1.474,ok,0.0,
industrial-plants,plant05,nodiag,72,mm,3897196,642.000000,395.202000,6948.483,ok,0.0,
industrial-plants,plant05,nodiag,72,bia,1248,642.000000,395.202000,3.332,ok,0.0,
industrial-plants,plant05,nodiag,72,bae,1248,642.000000,395.202000,4.416,ok,0.0,
industrial-plants,plant05,nodiag,72,nbs,7952034,642.000000,395.202000,18630.770,ok,0.0,
industrial-plants,plant05,nodiag,72,gbfs,1248,642.000000,395.202000,3.092,subopt,0.0,
industrial-plants,plant05,nodiag,73,astar,495,494.000000,359.545000,1.789,ok,0.0,
industrial-plants,plant05,nodiag,73,rastar,96264,494.000000,359.545000,106.257,ok,0.0,
industrial-plants,plant05,nodiag,73,mm,379822,494.000000,359.545000,648.388,ok,0.0,
industrial-plants,plant05,nodiag,73,bia,629,494.000000,359.545000,3.258,ok,0.0,
industrial-plants,plant05,nodiag,73,bae,629,494.000000,359.545000,3.666,ok,0.0,
industrial-plants,plant05,nodiag,73,nbs,787210,494.000000,359.545000,1323.061,ok,0.0,
industrial-plants,plant05,nodiag,73,gbfs,630,494.000000,359.545000,1.292,subopt,0.0,
industrial-plants,plant05,nodiag,74,astar,611,610.000000,432.952000,1.616,ok,0.0,
industrial-plants,plant05,nodiag,74,rastar,18863,610.000000,432.952000,39.313,ok,0.0,
industrial-plants,plant05,nodiag,74,mm,775841,610.000000,432.952000,1438.999,ok,0.0,
industrial-plants,plant05,nodiag,74,bia,723,610.000000,432.952000,1.620,ok,0.0,
industrial-plants,plant05,nodiag,74,bae,723,610.000000,432.952000,3.786,ok,0.0,
industrial-plants,plant05,nodiag,74,nbs,1563005,610.000000,432.952000,3022.025,ok,0.0,
industrial-plants,plant05,nodiag,74,gbfs,724,610.000000,432.952000,1.633,subopt,0.0,
industrial-plants,plant05,nodiag,75,astar,470,469.000000,396.481000,1.835,ok,0.0,
industrial-plants,plant05,nodiag,75,rastar,91982,469.000000,396.481000,100.197,ok,0.0,
industrial-plants,plant05,nodiag,75,mm,469,469.000000,396.481000,1.260,ok,0.0,
industrial-plants,plant05,nodiag,75,bia,469,469.000000,396.481000,1.806,ok,0.0,
industrial-plants,plant05,nodiag,75,bae,469,469.000000,396.481000,2.656,ok,0.0,
industrial-plants,plant05,nodiag,75,nbs,233017,469.000000,396.481000,294.621,ok,0.0,
industrial-plants,plant05,nodiag,75,gbfs,470,469.000000,396.481000,0.977,subopt,0.0,
industrial-plants,plant05,nodiag,76,astar,529,528.000000,391.579000,1.269,ok,0.0,
industrial-plants,plant05,nodiag,76,rastar,529,528.000000,391.579000,2.484,ok,0.0,
industrial-plants,plant05,nodiag,76,mm,96341,528.000000,391.579000,182.678,ok,0.0,
industrial-plants,plant05,nodiag,76,bia,528,528.000000,391.579000,1.048,ok,0.0,
industrial-plants,plant05,nodiag,76,bae,528,528.000000,391.579000,1.909,ok,0.0,
industrial-plants,plant05,nodiag,76,nbs,197885,528.000000,391.579000,276.873,ok,0.0,
industrial-plants,plant05,nodiag,76,gbfs,528,528.000000,391.579000,1.827,subopt,0.0,
industrial-plants,plant05,nodiag,77,astar,602,490.000000,377.960000,3.031,ok,0.0,
industrial-plants,plant05,nodiag,77,rastar,1732,490.000000,377.960000,7.259,ok,0.0,
industrial-plants,plant05,nodiag,77,mm,743135,490.000000,377.960000,1315.984,ok,0.0,
industrial-plants,plant05,nodiag,77,bia,635,490.000000,377.960000,1.539,ok,0.0,
industrial-plants,plant05,nodiag,77,bae,635,490.000000,377.960000,2.899,ok,0.0,
industrial-plants,plant05,nodiag,77,nbs,1249661,490.000000,377.960000,2468.139,ok,0.0,
industrial-plants,plant05,nodiag,77,gbfs,636,494.000000,377.960000,1.763,subopt,0.0,
industrial-plants,plant05,nodiag,78,astar,70036,961.000000,917.066000,91.767,ok,69314.0,1.0104163661020862
industrial-plants,plant05,nodiag,78,rastar,272991,961.000000,917.066000,385.136,ok,69314.0,3.9384684190783967
industrial-plants,plant05,nodiag,78,mm,232036,961.000000,917.066000,388.695,ok,69314.0,3.3476065441324985
industrial-plants,plant05,nodiag,78,bia,139717,961.000000,917.066000,274.684,ok,69314.0,2.0157111117523154
industrial-plants,plant05,nodiag,78,bae,219007,961.000000,917.066000,427.028,ok,69314.0,3.159635859999423
industrial-plants,plant05,nodiag,78,nbs,174543,961.000000,917.066000,317.421,ok,69314.0,2.518149291629397
industrial-plants,plant05,nodiag,78,gbfs,2074,961.000000,917.066000,5.925,subopt,69314.0,0.02992180511873503
industrial-plants,plant05,nodiag,79,astar,595,594.000000,431.122000,1.736,ok,0.0,
industrial-plants,plant05,nodiag,79,rastar,595,594.000000,431.122000,2.991,ok,0.0,
industrial-plants,plant05,nodiag,79,mm,160253,594.000000,431.122000,266.867,ok,0.0,
industrial-plants,plant05,nodiag,79,bia,594,594.000000,431.122000,1.616,ok,0.0,
industrial-plants,plant05,nodiag,79,bae,594,594.000000,431.122000,3.007,ok,0.0,
industrial-plants,plant05,nodiag,79,nbs,393931,594.000000,431.122000,595.319,ok,0.0,
industrial-plants,plant05,nodiag,79,gbfs,594,594.000000,431.122000,2.158,subopt,0.0,
industrial-plants,plant05,nodiag,80,astar,235,234.000000,204.679000,1.159,ok,0.0,
industrial-plants,plant05,nodiag,80,rastar,2679,234.000000,204.679000,8.682,ok,0.0,
industrial-plants,plant05,nodiag,80,mm,26757,234.000000,204.679000,40.940,ok,0.0,
industrial-plants,plant05,nodiag,80,bia,465,234.000000,204.679000,1.028,ok,0.0,
industrial-plants,plant05,nodiag,80,bae,465,234.000000,204.679000,1.911,ok,0.0,
industrial-plants,plant05,nodiag,80,nbs,54085,234.000000,204.679000,71.393,ok,0.0,
industrial-plants,plant05,nodiag,80,gbfs,466,234.000000,204.679000,1.468,subopt,0.0,
industrial-plants,plant05,nodiag,81,astar,190,189.000000,179.338000,1.007,ok,0.0,
industrial-plants,plant05,nodiag,81,rastar,446,189.000000,179.338000,1.735,ok,0.0,
industrial-plants,plant05,nodiag,81,mm,1952,189.000000,179.338000,7.427,ok,0.0,
industrial-plants,plant05,nodiag,81,bia,317,189.000000,179.338000,1.413,ok,0.0,
industrial-plants,plant05,nodiag,81,bae,317,189.000000,179.338000,1.575,ok,0.0,
industrial-plants,plant05,nodiag,81,nbs,5681,189.000000,179.338000,15.621,ok,0.0,
industrial-plants,plant05,nodiag,81,gbfs,318,189.000000,179.338000,1.074,subopt,0.0,
industrial-plants,plant05,nodiag,82,astar,203,202.000000,168.054000,1.010,ok,0.0,
industrial-plants,plant05,nodiag,82,rastar,3983,202.000000,168.054000,9.681,ok,0.0,
industrial-plants,plant05,nodiag,82,mm,27830,202.000000,168.054000,39.351,ok,0.0,
industrial-plants,plant05,nodiag,82,bia,203,202.000000,168.054000,0.477,ok,0.0,
industrial-plants,plant05,nodiag,82,bae,203,202.000000,168.054000,0.959,ok,0.0,
industrial-plants,plant05,nodiag,82,nbs,73862,202.000000,168.054000,103.754,ok,0.0,
industrial-plants,plant05,nodiag,82,gbfs,204,202.000000,168.054000,0.419,subopt,0.0,
industrial-plants,plant05,nodiag,83,astar,323,322.000000,219.274000,1.015,ok,0.0,
industrial-plants,plant05,nodiag,83,rastar,323,322.000000,219.274000,1.637,ok,0.0,
industrial-plants,plant05,nodiag,83,mm,249212,322.000000,219.274000,391.457,ok,0.0,
industrial-plants,plant05,nodiag,83,bia,322,322.000000,219.274000,0.657,ok,0.0,
industrial-plants,plant05,nodiag,83,bae,322,322.000000,219.274000,1.166,ok,0.0,
industrial-plants,plant05,nodiag,83,nbs,641799,322.000000,219.274000,1150.226,ok,0.0,
industrial-plants,plant05,nodiag,83,gbfs,322,322.000000,219.274000,0.686,subopt,0.0,
industrial-plants,plant05,nodiag,84,astar,177065,360.000000,270.205000,270.535,ok,176824.0,1.0013629371578519
industrial-plants,plant05,nodiag,84,rastar,343148,360.000000,270.205000,468.336,ok,176824.0,1.9406189205085282
industrial-plants,plant05,nodiag,84,mm,360554,360.000000,270.205000,573.762,ok,176824.0,2.0390557842826764
industrial-plants,plant05,nodiag,84,bia,354125,360.000000,270.205000,676.203,ok,176824.0,2.002697597611184
industrial-plants,plant05,nodiag,84,bae,516259,360.000000,270.205000,1011.357,ok,176824.0,2.919620639732163
industrial-plants,plant05,nodiag,84,nbs,365770,360.000000,270.205000,556.993,ok,176824.0,2.068554042437678
industrial-plants,plant05,nodiag,84,gbfs,1024,366.000000,270.205000,2.296,subopt,176824.0,0.005791069085644483
industrial-plants,plant05,nodiag,85,astar,218,203.000000,181.333000,0.894,ok,0.0,
industrial-plants,plant05,nodiag,85,rastar,204,203.000000,181.333000,1.172,ok,0.0,
industrial-plants,plant05,nodiag,85,mm,203,203.000000,181.333000,1.545,ok,0.0,
industrial-plants,plant05,nodiag,85,bia,203,203.000000,181.333000,1.051,ok,0.0,
industrial-plants,plant05,nodiag,85,bae,203,203.000000,181.333000,1.110,ok,0.0,
industrial-plants,plant05,nodiag,85,nbs,20890,203.000000,181.333000,31.626,ok,0.0,
industrial-plants,plant05,nodiag,85,gbfs,204,203.000000,181.333000,0.382,subopt,0.0,
industrial-plants,plant05,nodiag,86,astar,253,252.000000,225.017000,0.811,ok,0.0,
industrial-plants,plant05,nodiag,86,rastar,1457,252.000000,225.017000,5.808,ok,0.0,
industrial-plants,plant05,nodiag,86,mm,4368,252.000000,225.017000,11.633,ok,0.0,
industrial-plants,plant05,nodiag,86,bia,381,252.000000,225.017000,0.672,ok,0.0,
industrial-plants,plant05,nodiag,86,bae,381,252.000000,225.017000,1.349,ok,0.0,
industrial-plants,plant05,nodiag,86,nbs,15235,252.000000,225.017000,25.811,ok,0.0,
industrial-plants,plant05,nodiag,86,gbfs,382,252.000000,225.017000,0.908,subopt,0.0,
industrial-plants,plant05,nodiag,87,astar,405,404.000000,296.498000,1.646,ok,0.0,
industrial-plants,plant05,nodiag,87,rastar,405,404.000000,296.498000,2.013,ok,0.0,
industrial-plants,plant05,nodiag,87,mm,156036,404.000000,296.498000,234.291,ok,0.0,
industrial-plants,plant05,nodiag,87,bia,404,404.000000,296.498000,1.003,ok,0.0,
industrial-plants,plant05,nodiag,87,bae,404,404.000000,296.498000,1.928,ok,0.0,
industrial-plants,plant05,nodiag,87,nbs,398168,404.000000,296.498000,580.479,ok,0.0,
industrial-plants,plant05,nodiag,87,gbfs,404,404.000000,296.498000,0.858,subopt,0.0,
industrial-plants,plant05,nodiag,88,astar,323647,525.000000,426.618000,454.160,ok,323411.0,1.0007297216235689
industrial-plants,plant05,nodiag,88,rastar,367699,525.000000,426.618000,508.163,ok,323411.0,1.1369403019687023
industrial-plants,plant05,nodiag,88,mm,710251,525.000000,426.618000,1213.652,ok,323411.0,2.1961250544972186
industrial-plants,plant05,nodiag,88,bia,647059,525.000000,426.618000,1294.185,ok,323411.0,2.0007328136643467
industrial-plants,plant05,nodiag,88,bae,706071,525.000000,426.618000,1449.397,ok,323411.0,2.1832003240458735
industrial-plants,plant05,nodiag,88,nbs,730469,525.000000,426.618000,1356.336,ok,323411.0,2.258639934943462
industrial-plants,plant05,nodiag,88,gbfs,2952,525.000000,426.618000,4.487,subopt,323411.0,0.009127704376165313
industrial-plants,plant05,nodiag,89,astar,1198,1197.000000,1098.720000,3.428,ok,0.0,
industrial-plants,plant05,nodiag,89,rastar,157318,1197.000000,1098.720000,285.745,ok,0.0,
industrial-plants,plant05,nodiag,89,mm,165509,1197.000000,1098.720000,410.441,ok,0.0,
industrial-plants,plant05,nodiag,89,bia,2331,1197.000000,1098.720000,4.561,ok,0.0,
industrial-plants,plant05,nodiag,89,bae,2331,1197.000000,1098.720000,5.324,ok,0.0,
industrial-plants,plant05,nodiag,89,nbs,133919,1197.000000,1098.720000,247.956,ok,0.0,
industrial-plants,plant05,nodiag,89,gbfs,2332,1197.000000,1098.720000,5.437,subopt,0.0,
industrial-plants,plant05,nodiag,90,astar,119768,385.000000,348.615000,131.723,ok,119542.0,1.00189054892841
industrial-plants,plant05,nodiag,90,rastar,143924,385.000000,348.615000,167.801,ok,119542.0,1.2039617874889161
industrial-plants,plant05,nodiag,90,mm,247481,385.000000,348.615000,380.283,ok,119542.0,2.070243094477255
industrial-plants,plant05,nodiag,90,bia,239139,385.000000,348.615000,394.219,ok,119542.0,2.0004600893409847
industrial-plants,plant05,nodiag,90,bae,251735,385.000000,348.615000,439.366,ok,119542.0,2.1058289136872395
industrial-plants,plant05,nodiag,90,nbs,252390,385.000000,348.615000,409.624,ok,119542.0,2.111308159475331
industrial-plants,plant05,nodiag,90,gbfs,6268,385.000000,348.615000,10.244,subopt,119542.0,0.05243345435077211
industrial-plants,plant05,nodiag,91,astar,130454,385.000000,288.345000,142.949,ok,130088.0,1.0028134801057746
industrial-plants,plant05,nodiag,91,rastar,130790,385.000000,288.345000,143.638,ok,130088.0,1.0053963470881249
industrial-plants,plant05,nodiag,91,mm,216307,385.000000,288.345000,324.289,ok,130088.0,1.6627744296168747
industrial-plants,plant05,nodiag,91,bia,260859,385.000000,288.345000,396.441,ok,130088.0,2.0052502921099564
industrial-plants,plant05,nodiag,91,bae,260451,385.000000,288.345000,421.622,ok,130088.0,2.002113953631388
industrial-plants,plant05,nodiag,91,nbs,247251,385.000000,288.345000,399.463,ok,130088.0,1.9006441793247648
industrial-plants,plant05,nodiag,91,gbfs,17424,385.000000,288.345000,22.384,subopt,130088.0,0.13394010208474263
industrial-plants,plant05,nodiag,92,astar,627,626.000000,508.479000,1.399,ok,0.0,
industrial-plants,plant05,nodiag,92,rastar,627,626.000000,508.479000,2.627,ok,0.0,
industrial-plants,plant05,nodiag,92,mm,85908,626.000000,508.479000,132.251,ok,0.0,
industrial-plants,plant05,nodiag,92,bia,626,626.000000,508.479000,1.673,ok,0.0,
industrial-plants,plant05,nodiag,92,bae,626,626.000000,508.479000,3.114,ok,0.0,
industrial-plants,plant05,nodiag,92,nbs,542595,626.000000,508.479000,844.624,ok,0.0,
industrial-plants,plant05,nodiag,92,gbfs,626,626.000000,508.479000,1.253,subopt,0.0,
industrial-plants,plant05,nodiag,93,astar,248190,543.000000,448.036000,284.071,ok,247907.0,1.0011415571161766
industrial-plants,plant05,nodiag,93,rastar,477138,543.000000,448.036000,685.803,ok,247907.0,1.9246652978737995
industrial-plants,plant05,nodiag,93,mm,728409,543.000000,448.036000,1370.545,ok,247907.0,2.9382349026046057
industrial-plants,plant05,nodiag,93,bia,496375,543.000000,448.036000,913.447,ok,247907.0,2.0022629453787104
industrial-plants,plant05,nodiag,93,bae,549461,543.000000,448.036000,1091.563,ok,247907.0,2.2163996982739493
industrial-plants,plant05,nodiag,93,nbs,620752,543.000000,448.036000,1032.603,ok,247907.0,2.503971247282247
industrial-plants,plant05,nodiag,93,gbfs,1096,543.000000,448.036000,2.477,subopt,247907.0,0.004421012718479107
industrial-plants,plant05,nodiag,94,astar,580496,588.000000,451.602000,776.167,ok,515424.0,1.1262494567579313
industrial-plants,plant05,nodiag,94,rastar,1150700,588.000000,451.602000,1625.663,ok,515424.0,2.232530887191904
industrial-plants,plant05,nodiag,94,mm,1545826,588.000000,451.602000,2683.881,ok,515424.0,2.999134692990625
industrial-plants,plant05,nodiag,94,bia,1126769,588.000000,451.602000,2183.443,ok,515424.0,2.1861011516731854
industrial-plants,plant05,nodiag,94,bae,1853894,588.000000,451.602000,3904.605,ok,515424.0,3.5968328987396783
industrial-plants,plant05,nodiag,94,nbs,1595636,588.000000,451.602000,2735.321,ok,515424.0,3.09577357670578
industrial-plants,plant05,nodiag,94,gbfs,48682,588.000000,451.602000,54.438,subopt,515424.0,0.09445039423852983
industrial-plants,plant05,nodiag,95,astar,1168,435.000000,304.645000,2.604,ok,0.0,
industrial-plants,plant05,nodiag,95,rastar,436,435.000000,304.645000,1.802,ok,0.0,
industrial-plants,plant05,nodiag,95,mm,435,435.000000,304.645000,3.246,ok,0.0,
industrial-plants,plant05,nodiag,95,bia,435,435.000000,304.645000,2.300,ok,0.0,
industrial-plants,plant05,nodiag,95,bae,435,435.000000,304.645000,2.472,ok,0.0,
industrial-plants,plant05,nodiag,95,nbs,1824739,435.000000,304.645000,3808.762,ok,0.0,
industrial-plants,plant05,nodiag,95,gbfs,436,435.000000,304.645000,2.666,subopt,0.0,
industrial-plants,plant05,nodiag,96,astar,17667,656.000000,527.543000,26.111,ok,0.0,
industrial-plants,plant05,nodiag,96,rastar,657,656.000000,527.543000,0.956,ok,0.0,
industrial-plants,plant05,nodiag,96,mm,392056,656.000000,527.543000,621.028,ok,0.0,
industrial-plants,plant05,nodiag,96,bia,698,656.000000,527.543000,1.322,ok,0.0,
industrial-plants,plant05,nodiag,96,bae,698,656.000000,527.543000,2.570,ok,0.0,
industrial-plants,plant05,nodiag,96,nbs,887235,656.000000,527.543000,1384.031,ok,0.0,
industrial-plants,plant05,nodiag,96,gbfs,698,656.000000,527.543000,1.423,subopt,0.0,
industrial-plants,plant05,nodiag,97,astar,1339,1338.000000,1167.840000,5.964,ok,0.0,
industrial-plants,plant05,nodiag,97,rastar,658576,1338.000000,1167.840000,1077.680,ok,0.0,
industrial-plants,plant05,nodiag,97,mm,1195955,1338.000000,1167.840000,2178.044,ok,0.0,
industrial-plants,plant05,nodiag,97,bia,2399,1338.000000,1167.840000,3.710,ok,0.0,
industrial-plants,plant05,nodiag,97,bae,2399,1338.000000,1167.840000,5.098,ok,0.0,
industrial-plants,plant05,nodiag,97,nbs,1836519,1338.000000,1167.840000,3035.239,ok,0.0,
industrial-plants,plant05,nodiag,97,gbfs,2400,1338.000000,1167.840000,5.587,subopt,0.0,
industrial-plants,plant05,nodiag,98,astar,395,394.000000,329.082000,1.248,ok,0.0,
industrial-plants,plant05,nodiag,98,rastar,19367,394.000000,329.082000,28.609,ok,0.0,
industrial-plants,plant05,nodiag,98,mm,32738,394.000000,329.082000,46.756,ok,0.0,
industrial-plants,plant05,nodiag,98,bia,445,394.000000,329.082000,1.415,ok,0.0,
industrial-plants,plant05,nodiag,98,bae,445,394.000000,329.082000,2.523,ok,0.0,
industrial-plants,plant05,nodiag,98,nbs,124090,394.000000,329.082000,164.593,ok,0.0,
industrial-plants,plant05,nodiag,98,gbfs,446,394.000000,329.082000,0.886,subopt,0.0,
industrial-plants,plant05,nodiag,99,astar,421,420.000000,326.771000,1.233,ok,0.0,
industrial-plants,plant05,nodiag,99,rastar,421,420.000000,326.771000,2.155,ok,0.0,
industrial-plants,plant05,nodiag,99,mm,83678,420.000000,326.771000,131.530,ok,0.0,
industrial-plants,plant05,nodiag,99,bia,420,420.000000,326.771000,1.221,ok,0.0,
industrial-plants,plant05,nodiag,99,bae,420,420.000000,326.771000,2.384,ok,0.0,
industrial-plants,plant05,nodiag,99,nbs,183547,420.000000,326.771000,248.551,ok,0.0,
industrial-plants,plant05,nodiag,99,gbfs,420,420.000000,326.771000,1.069,subopt,0.0,
industrial-plants,plant05,nodiag,100,astar,280042,537.000000,443.500000,353.979,ok,279818.0,1.0008005203382198
industrial-plants,plant05,nodiag,100,rastar,425706,537.000000,443.500000,595.760,ok,279818.0,1.521367460277752
industrial-plants,plant05,nodiag,100,mm,701174,537.000000,443.500000,1194.210,ok,279818.0,2.5058216412096432
industrial-plants,plant05,nodiag,100,bia,560071,537.000000,443.500000,1031.840,ok,279818.0,2.001554581906811
industrial-plants,plant05,nodiag,100,bae,685809,537.000000,443.500000,1370.772,ok,279818.0,2.450910949259876
industrial-plants,plant05,nodiag,100,nbs,614682,537.000000,443.500000,1035.570,ok,279818.0,2.1967207256145067
industrial-plants,plant05,nodiag,100,gbfs,2674,537.000000,443.500000,4.247,subopt,279818.0,0.009556211537499375
industrial-plants,plant05,nodiag,101,astar,259,258.000000,209.780000,0.625,ok,0.0,
industrial-plants,plant05,nodiag,101,rastar,675,258.000000,209.780000,2.948,ok,0.0,
industrial-plants,plant05,nodiag,101,mm,39918,258.000000,209.780000,61.456,ok,0.0,
industrial-plants,plant05,nodiag,101,bia,401,258.000000,209.780000,0.841,ok,0.0,
industrial-plants,plant05,nodiag,101,bae,401,258.000000,209.780000,1.300,ok,0.0,
industrial-plants,plant05,nodiag,101,nbs,91209,258.000000,209.780000,121.254,ok,0.0,
industrial-plants,plant05,nodiag,101,gbfs,402,258.000000,209.780000,0.854,subopt,0.0,
industrial-plants,plant05,nodiag,102,astar,709,708.000000,536.182000,3.054,ok,0.0,
industrial-plants,plant05,nodiag,102,rastar,166693,708.000000,536.182000,233.610,ok,0.0,
industrial-plants,plant05,nodiag,102,mm,404054,708.000000,536.182000,720.905,ok,0.0,
industrial-plants,plant05,nodiag,102,bia,708,708.000000,536.182000,1.670,ok,0.0,
industrial-plants,plant05,nodiag,102,bae,708,708.000000,536.182000,3.326,ok,0.0,
industrial-plants,plant05,nodiag,102,nbs,923734,708.000000,536.182000,1561.910,ok,0.0,
industrial-plants,plant05,nodiag,102,gbfs,708,708.000000,536.182000,1.841,subopt,0.0,
industrial-plants,plant05,nodiag,103,astar,438,437.000000,313.444000,2.143,ok,0.0,
industrial-plants,plant05,nodiag,103,rastar,438,437.000000,313.444000,2.439,ok,0.0,
industrial-plants,plant05,nodiag,103,mm,437,437.000000,313.444000,3.534,ok,0.0,
industrial-plants,plant05,nodiag,103,bia,437,437.000000,313.444000,2.562,ok,0.0,
industrial-plants,plant05,nodiag,103,bae,437,437.000000,313.444000,2.741,ok,0.0,
industrial-plants,plant05,nodiag,103,nbs,848456,437.000000,313.444000,1487.512,ok,0.0,
industrial-plants,plant05,nodiag,103,gbfs,438,437.000000,313.444000,1.315,subopt,0.0,
industrial-plants,plant05,nodiag,104,astar,239,238.000000,199.585000,0.930,ok,0.0,
industrial-plants,plant05,nodiag,104,rastar,1499,238.000000,199.585000,5.816,ok,0.0,
industrial-plants,plant05,nodiag,104,mm,5808,238.000000,199.585000,17.832,ok,0.0,
industrial-plants,plant05,nodiag,104,bia,351,238.000000,199.585000,0.797,ok,0.0,
industrial-plants,plant05,nodiag,104,bae,351,238.000000,199.585000,1.562,ok,0.0,
industrial-plants,plant05,nodiag,104,nbs,17844,238.000000,199.585000,30.970,ok,0.0,
industrial-plants,plant05,nodiag,104,gbfs,352,238.000000,199.585000,1.113,subopt,0.0,
industrial-plants,plant05,nodiag,105,astar,705,484.000000,430.171000,3.122,ok,0.0,
industrial-plants,plant05,nodiag,105,rastar,485,484.000000,430.171000,2.474,ok,0.0,
industrial-plants,plant05,nodiag,105,mm,55272,484.000000,430.171000,90.734,ok,0.0,
industrial-plants,plant05,nodiag,105,bia,774,484.000000,430.171000,1.690,ok,0.0,
industrial-plants,plant05,nodiag,105,bae,776,484.000000,430.171000,3.546,ok,0.0,
industrial-plants,plant05,nodiag,105,nbs,103791,484.000000,430.171000,149.393,ok,0.0,
industrial-plants,plant05,nodiag,105,gbfs,498,488.000000,430.171000,1.356,subopt,0.0,
industrial-plants,plant05,nodiag,106,astar,118860,429.000000,383.643000,140.822,ok,118614.0,1.0020739541706714
industrial-plants,plant05,nodiag,106,rastar,238760,429.000000,383.643000,302.941,ok,118614.0,2.0129158446726354
industrial-plants,plant05,nodiag,106,mm,331921,429.000000,383.643000,520.166,ok,118614.0,2.798329033672248
industrial-plants,plant05,nodiag,106,bia,237481,429.000000,383.643000,380.951,ok,118614.0,2.0021329691267473
industrial-plants,plant05,nodiag,106,bae,300313,429.000000,383.643000,523.790,ok,118614.0,2.5318512148650245
industrial-plants,plant05,nodiag,106,nbs,258909,429.000000,383.643000,421.913,ok,118614.0,2.1827861803834288
industrial-plants,plant05,nodiag,106,gbfs,2456,429.000000,383.643000,2.750,subopt,118614.0,0.020705818874669095
industrial-plants,plant05,nodiag,107,astar,199488,352.000000,283.034000,239.125,ok,108658.0,1.8359255646155828
industrial-plants,plant05,nodiag,107,rastar,147372,352.000000,283.034000,144.838,ok,108658.0,1.3562922196248781
industrial-plants,plant05,nodiag,107,mm,313900,352.000000,283.034000,498.878,ok,108658.0,2.8888807082773473
industrial-plants,plant05,nodiag,107,bia,277812,352.000000,283.034000,452.298,ok,108658.0,2.556756060299288
industrial-plants,plant05,nodiag,107,bae,333867,352.000000,283.034000,617.519,ok,108658.0,3.07264076276022
industrial-plants,plant05,nodiag,107,nbs,302453,352.000000,283.034000,406.782,ok,108658.0,2.783531815420862
industrial-plants,plant05,nodiag,107,gbfs,9070,352.000000,283.034000,12.063,subopt,108658.0,0.08347291501776215
industrial-plants,plant05,nodiag,108,astar,444,443.000000,349.482000,0.683,ok,0.0,
industrial-plants,plant05,nodiag,108,rastar,2574,443.000000,349.482000,4.860,ok,0.0,
industrial-plants,plant05,nodiag,108,mm,443,443.000000,349.482000,1.794,ok,0.0,
industrial-plants,plant05,nodiag,108,bia,443,443.000000,349.482000,2.109,ok,0.0,
industrial-plants,plant05,nodiag,108,bae,443,443.000000,349.482000,2.261,ok,0.0,
industrial-plants,plant05,nodiag,108,nbs,181713,443.000000,349.482000,249.322,ok,0.0,
industrial-plants,plant05,nodiag,108,gbfs,444,443.000000,349.482000,0.996,subopt,0.0,
industrial-plants,plant05,nodiag,109,astar,524,523.000000,370.406000,2.260,ok,0.0,
industrial-plants,plant05,nodiag,109,rastar,524,523.000000,370.406000,2.768,ok,0.0,
industrial-plants,plant05,nodiag,109,mm,523,523.000000,370.406000,4.021,ok,0.0,
industrial-plants,plant05,nodiag,109,bia,523,523.000000,370.406000,2.905,ok,0.0,
industrial-plants,plant05,nodiag,109,bae,523,523.000000,370.406000,3.124,ok,0.0,
industrial-plants,plant05,nodiag,109,nbs,2141481,523.000000,370.406000,4263.494,ok,0.0,
industrial-plants,plant05,nodiag,109,gbfs,524,523.000000,370.406000,1.122,subopt,0.0,
industrial-plants,plant05,nodiag,110,astar,16654,419.000000,318.638000,23.235,ok,14950.0,1.113979933110368
industrial-plants,plant05,nodiag,110,rastar,359901,419.000000,318.638000,465.772,ok,14950.0,24.073645484949832
industrial-plants,plant05,nodiag,110,mm,278169,419.000000,318.638000,440.632,ok,14950.0,18.606622073578595
industrial-plants,plant05,nodiag,110,bia,33303,419.000000,318.638000,47.906,ok,14950.0,2.227625418060201
industrial-plants,plant05,nodiag,110,bae,52129,419.000000,318.638000,79.131,ok,14950.0,3.4868896321070233
industrial-plants,plant05,nodiag,110,nbs,124612,419.000000,318.638000,177.521,ok,14950.0,8.335250836120402
industrial-plants,plant05,nodiag,110,gbfs,1438,433.000000,318.638000,1.958,subopt,14950.0,0.09618729096989967
industrial-plants,plant05,nodiag,111,astar,530,529.000000,413.608000,1.652,ok,0.0,
industrial-plants,plant05,nodiag,111,rastar,530,529.000000,413.608000,2.718,ok,0.0,
industrial-plants,plant05,nodiag,111,mm,529,529.000000,413.608000,4.088,ok,0.0,
industrial-plants,plant05,nodiag,111,bia,529,529.000000,413.608000,2.796,ok,0.0,
industrial-plants,plant05,nodiag,111,bae,529,529.000000,413.608000,3.444,ok,0.0,
industrial-plants,plant05,nodiag,111,nbs,434373,529.000000,413.608000,645.440,ok,0.0,
industrial-plants,plant05,nodiag,111,gbfs,530,529.000000,413.608000,1.451,subopt,0.0,
industrial-plants,plant05,nodiag,112,astar,146028,888.000000,682.697000,186.386,ok,0.0,
industrial-plants,plant05,nodiag,112,rastar,889,888.000000,682.697000,1.465,ok,0.0,
industrial-plants,plant05,nodiag,112,mm,644113,888.000000,682.697000,1233.559,ok,0.0,
industrial-plants,plant05,nodiag,112,bia,928,888.000000,682.697000,1.599,ok,0.0,
industrial-plants,plant05,nodiag,112,bae,928,888.000000,682.697000,3.664,ok,0.0,
industrial-plants,plant05,nodiag,112,nbs,1372163,888.000000,682.697000,2532.164,ok,0.0,
industrial-plants,plant05,nodiag,112,gbfs,928,888.000000,682.697000,2.308,subopt,0.0,
industrial-plants,plant05,nodiag,113,astar,418,417.000000,313.623000,1.579,ok,0.0,
industrial-plants,plant05,nodiag,113,rastar,69041,417.000000,313.623000,83.199,ok,0.0,
industrial-plants,plant05,nodiag,113,mm,222147,417.000000,313.623000,350.602,ok,0.0,
industrial-plants,plant05,nodiag,113,bia,485,417.000000,313.623000,1.264,ok,0.0,
industrial-plants,plant05,nodiag,113,bae,485,417.000000,313.623000,2.389,ok,0.0,
industrial-plants,plant05,nodiag,113,nbs,713115,417.000000,313.623000,1257.939,ok,0.0,
industrial-plants,plant05,nodiag,113,gbfs,486,417.000000,313.623000,1.404,subopt,0.0,
industrial-plants,plant05,nodiag,114,astar,404,268.000000,185.872000,1.547,ok,0.0,
industrial-plants,plant05,nodiag,114,rastar,269,268.000000,185.872000,1.470,ok,0.0,
industrial-plants,plant05,nodiag,114,mm,185599,268.000000,185.872000,287.128,ok,0.0,
industrial-plants,plant05,nodiag,114,bia,268,268.000000,185.872000,0.959,ok,0.0,
industrial-plants,plant05,nodiag,114,bae,268,268.000000,185.872000,1.630,ok,0.0,
industrial-plants,plant05,nodiag,114,nbs,471330,268.000000,185.872000,748.031,ok,0.0,
industrial-plants,plant05,nodiag,114,gbfs,268,268.000000,185.872000,0.802,subopt,0.0,
industrial-plants,plant05,nodiag,115,astar,318050,613.000000,382.292000,479.277,ok,0.0,
industrial-plants,plant05,nodiag,115,rastar,614,613.000000,382.292000,1.433,ok,0.0,
industrial-plants,plant05,nodiag,115,mm,56855,613.000000,382.292000,89.604,ok,0.0,
industrial-plants,plant05,nodiag,115,bia,830,613.000000,382.292000,1.440,ok,0.0,
industrial-plants,plant05,nodiag,115,bae,830,613.000000,382.292000,2.141,ok,0.0,
industrial-plants,plant05,nodiag,115,nbs,7185700,613.000000,382.292000,17626.839,ok,0.0,
industrial-plants,plant05,nodiag,115,gbfs,830,613.000000,382.292000,1.596,subopt,0.0,
industrial-plants,plant05,nodiag,116,astar,304,303.000000,218.021000,0.622,ok,0.0,
industrial-plants,plant05,nodiag,116,rastar,4862,303.000000,218.021000,12.731,ok,0.0,
industrial-plants,plant05,nodiag,116,mm,77985,303.000000,218.021000,105.254,ok,0.0,
industrial-plants,plant05,nodiag,116,bia,399,303.000000,218.021000,0.702,ok,0.0,
industrial-plants,plant05,nodiag,116,bae,399,303.000000,218.021000,1.550,ok,0.0,
industrial-plants,plant05,nodiag,116,nbs,175933,303.000000,218.021000,249.313,ok,0.0,
industrial-plants,plant05,nodiag,116,gbfs,400,303.000000,218.021000,0.738,subopt,0.0,
industrial-plants,plant05,nodiag,117,astar,478,477.000000,356.024000,1.529,ok,0.0,
industrial-plants,plant05,nodiag,117,rastar,1378,477.000000,356.024000,6.068,ok,0.0,
industrial-plants,plant05,nodiag,117,mm,477,477.000000,356.024000,2.670,ok,0.0,
industrial-plants,plant05,nodiag,117,bia,477,477.000000,356.024000,2.658,ok,0.0,
industrial-plants,plant05,nodiag,117,bae,477,477.000000,356.024000,2.912,ok,0.0,
industrial-plants,plant05,nodiag,117,nbs,628457,477.000000,356.024000,959.469,ok,0.0,
industrial-plants,plant05,nodiag,117,gbfs,478,477.000000,356.024000,1.807,subopt,0.0,
industrial-plants,plant05,nodiag,118,astar,445,444.000000,296.094000,1.847,ok,0.0,
industrial-plants,plant05,nodiag,118,rastar,1019,444.000000,296.094000,4.009,ok,0.0,
industrial-plants,plant05,nodiag,118,mm,805034,444.000000,296.094000,1379.320,ok,0.0,
industrial-plants,plant05,nodiag,118,bia,677,444.000000,296.094000,1.908,ok,0.0,
industrial-plants,plant05,nodiag,118,bae,677,444.000000,296.094000,3.374,ok,0.0,
industrial-plants,plant05,nodiag,118,nbs,1721576,444.000000,296.094000,3689.624,ok,0.0,
industrial-plants,plant05,nodiag,118,gbfs,678,444.000000,296.094000,1.573,subopt,0.0,
industrial-plants,plant05,nodiag,119,astar,545,544.000000,450.953000,2.404,ok,0.0,
industrial-plants,plant05,nodiag,119,rastar,16118,544.000000,450.953000,32.951,ok,0.0,
industrial-plants,plant05,nodiag,119,mm,35520,544.000000,450.953000,85.868,ok,0.0,
industrial-plants,plant05,nodiag,119,bia,999,544.000000,450.953000,2.313,ok,0.0,
industrial-plants,plant05,nodiag,119,bae,999,544.000000,450.953000,3.741,ok,0.0,
industrial-plants,plant05,nodiag,119,nbs,47917,544.000000,450.953000,117.213,ok,0.0,
industrial-plants,plant05,nodiag,119,gbfs,1000,544.000000,450.953000,2.453,subopt,0.0,
industrial-plants,plant05,nodiag,120,astar,533,532.000000,397.277000,1.935,ok,0.0,
industrial-plants,plant05,nodiag,120,rastar,4129,532.000000,397.277000,12.356,ok,0.0,
industrial-plants,plant05,nodiag,120,mm,128342,532.000000,397.277000,206.867,ok,0.0,
industrial-plants,plant05,nodiag,120,bia,871,532.000000,397.277000,2.727,ok,0.0,
industrial-plants,plant05,nodiag,120,bae,871,532.000000,397.277000,3.592,ok,0.0,
industrial-plants,plant05,nodiag,120,nbs,304889,532.000000,397.277000,460.211,ok,0.0,
industrial-plants,plant05,nodiag,120,gbfs,872,532.000000,397.277000,1.567,subopt,0.0,
industrial-plants,plant05,nodiag,121,astar,181275,673.000000,601.438000,238.531,ok,173294.0,1.046054681639295
industrial-plants,plant05,nodiag,121,rastar,602329,673.000000,601.438000,853.307,ok,173294.0,3.4757637310004963
industrial-plants,plant05,nodiag,121,mm,614565,673.000000,601.438000,1029.720,ok,173294.0,3.546372061352384
industrial-plants,plant05,nodiag,121,bia,362195,673.000000,601.438000,678.304,ok,173294.0,2.090060821494108
industrial-plants,plant05,nodiag,121,bae,574255,673.000000,601.438000,1101.789,ok,173294.0,3.313761584359528
industrial-plants,plant05,nodiag,121,nbs,450634,673.000000,601.438000,735.641,ok,173294.0,2.6004016296005634
industrial-plants,plant05,nodiag,121,gbfs,2938,673.000000,601.438000,4.047,subopt,173294.0,0.01695384721917666
industrial-plants,plant05,nodiag,122,astar,52952,663.000000,641.919000,59.827,ok,32096.0,1.6498005982053838
industrial-plants,plant05,nodiag,122,rastar,34126,663.000000,641.919000,34.670,ok,32096.0,1.0632477567298106
industrial-plants,plant05,nodiag,122,mm,71323,663.000000,641.919000,96.874,ok,32096.0,2.222177218344965
industrial-plants,plant05,nodiag,122,bia,67308,663.000000,641.919000,83.310,ok,32096.0,2.0970837487537386
industrial-plants,plant05,nodiag,122,bae,77194,663.000000,641.919000,98.561,ok,32096.0,2.405097208374875
industrial-plants,plant05,nodiag,122,nbs,114358,663.000000,641.919000,137.337,ok,32096.0,3.5629985044865404
industrial-plants,plant05,nodiag,122,gbfs,1180,663.000000,641.919000,2.120,subopt,32096.0,0.03676470588235294
industrial-plants,plant05,nodiag,123,astar,629,628.000000,472.374000,2.392,ok,0.0,
industrial-plants,plant05,nodiag,123,rastar,629,628.000000,472.374000,3.113,ok,0.0,
industrial-plants,plant05,nodiag,123,mm,684288,628.000000,472.374000,1075.146,ok,0.0,
industrial-plants,plant05,nodiag,123,bia,628,628.000000,472.374000,1.138,ok,0.0,
industrial-plants,plant05,nodiag,123,bae,628,628.000000,472.374000,2.653,ok,0.0,
industrial-plants,plant05,nodiag,123,nbs,1330318,628.000000,472.374000,1817.309,ok,0.0,
industrial-plants,plant05,nodiag,123,gbfs,628,628.000000,472.374000,1.184,subopt,0.0,
industrial-plants,plant05,nodiag,124,astar,13954,250.000000,234.480000,16.682,ok,13560.0,1.0290560471976402
industrial-plants,plant05,nodiag,124,rastar,19405,250.000000,234.480000,19.858,ok,13560.0,1.431047197640118
industrial-plants,plant05,nodiag,124,mm,42457,250.000000,234.480000,46.555,ok,13560.0,3.131047197640118
industrial-plants,plant05,nodiag,124,bia,27875,250.000000,234.480000,25.220,ok,13560.0,2.0556784660766962
industrial-plants,plant05,nodiag,124,bae,33555,250.000000,234.480000,33.227,ok,13560.0,2.474557522123894
industrial-plants,plant05,nodiag,124,nbs,48571,250.000000,234.480000,49.846,ok,13560.0,3.5819321533923305
industrial-plants,plant05,nodiag,124,gbfs,8868,250.000000,234.480000,8.196,subopt,13560.0,0.6539823008849558
industrial-plants,plant05,nodiag,125,astar,495,494.000000,327.676000,0.725,ok,0.0,
industrial-plants,plant05,nodiag,125,rastar,460275,494.000000,327.676000,537.859,ok,0.0,
industrial-plants,plant05,nodiag,125,mm,1069348,494.000000,327.676000,1661.026,ok,0.0,
industrial-plants,plant05,nodiag,125,bia,669,494.000000,327.676000,1.850,ok,0.0,
industrial-plants,plant05,nodiag,125,bae,669,494.000000,327.676000,3.375,ok,0.0,
industrial-plants,plant05,nodiag,125,nbs,2904620,494.000000,327.676000,6654.460,ok,0.0,
industrial-plants,plant05,nodiag,125,gbfs,670,494.000000,327.676000,1.451,subopt,0.0,
industrial-plants,plant05,nodiag,126,astar,337615,744.000000,448.434000,433.885,ok,0.0,
industrial-plants,plant05,nodiag,126,rastar,745,744.000000,448.434000,1.575,ok,0.0,
industrial-plants,plant05,nodiag,126,mm,6114718,744.000000,448.434000,10638.683,ok,0.0,
industrial-plants,plant05,nodiag,126,bia,974,744.000000,448.434000,2.003,ok,0.0,
industrial-plants,plant05,nodiag,126,bae,974,744.000000,448.434000,4.097,ok,0.0,
industrial-plants,plant05,nodiag,126,nbs,11799730,744.000000,448.434000,29926.067,ok,0.0,
industrial-plants,plant05,nodiag,126,gbfs,974,744.000000,448.434000,3.177,subopt,0.0,
industrial-plants,plant05,nodiag,127,astar,309,308.000000,251.764000,1.275,ok,0.0,
industrial-plants,plant05,nodiag,127,rastar,309,308.000000,251.764000,1.609,ok,0.0,
industrial-plants,plant05,nodiag,127,mm,7305,308.000000,251.764000,23.814,ok,0.0,
industrial-plants,plant05,nodiag,127,bia,308,308.000000,251.764000,0.851,ok,0.0,
industrial-plants,plant05,nodiag,127,bae,308,308.000000,251.764000,1.567,ok,0.0,
industrial-plants,plant05,nodiag,127,nbs,13906,308.000000,251.764000,41.862,ok,0.0,
industrial-plants,plant05,nodiag,127,gbfs,308,308.000000,251.764000,0.927,subopt,0.0,
industrial-plants,plant05,nodiag,128,astar,634,633.000000,465.494000,2.576,ok,0.0,
industrial-plants,plant05,nodiag,128,rastar,669282,633.000000,465.494000,1188.754,ok,0.0,
industrial-plants,plant05,nodiag,128,mm,970822,633.000000,465.494000,1988.662,ok,0.0,
industrial-plants,plant05,nodiag,128,bia,1163,633.000000,465.494000,2.771,ok,0.0,
industrial-plants,plant05,nodiag,128,bae,1163,633.000000,465.494000,4.187,ok,0.0,
industrial-plants,plant05,nodiag,128,nbs,1022476,633.000000,465.494000,2003.007,ok,0.0,
industrial-plants,plant05,nodiag,128,gbfs,1164,633.000000,465.494000,2.613,subopt,0.0,
industrial-plants,plant05,nodiag,129,astar,250739,493.000000,409.909000,339.022,ok,250532.0,1.00082624175754
industrial-plants,plant05,nodiag,129,rastar,368726,493.000000,409.909000,598.600,ok,250532.0,1.471772069037089
industrial-plants,plant05,nodiag,129,mm,604360,493.000000,409.909000,1163.425,ok,250532.0,2.4123066115306626
industrial-plants,plant05,nodiag,129,bia,501467,493.000000,409.909000,1115.828,ok,250532.0,2.001608576948254
industrial-plants,plant05,nodiag,129,bae,608321,493.000000,409.909000,1423.810,ok,250532.0,2.428116967094024
industrial-plants,plant05,nodiag,129,nbs,542476,493.000000,409.909000,966.242,ok,250532.0,2.165296249580892
industrial-plants,plant05,nodiag,129,gbfs,2056,507.000000,409.909000,2.808,subopt,250532.0,0.008206536490348538
industrial-plants,plant05,nodiag,130,astar,166671,479.000000,429.416000,233.141,ok,166137.0,1.0032142147745535
industrial-plants,plant05,nodiag,130,rastar,332137,479.000000,429.416000,516.286,ok,166137.0,1.999175379355592
industrial-plants,plant05,nodiag,130,mm,500157,479.000000,429.416000,994.592,ok,166137.0,3.0105093988696074
industrial-plants,plant05,nodiag,130,bia,333271,479.000000,429.416000,771.923,ok,166137.0,2.006001071404925
industrial-plants,plant05,nodiag,130,bae,437523,479.000000,429.416000,911.931,ok,166137.0,2.633507286155402
industrial-plants,plant05,nodiag,130,nbs,349692,479.000000,429.416000,576.906,ok,166137.0,2.1048411852868414
industrial-plants,plant05,nodiag,130,gbfs,34222,521.000000,429.416000,38.188,subopt,166137.0,0.20598662549582572
industrial-plants,plant05,nodiag,131,astar,431,430.000000,320.222000,1.134,ok,0.0,
industrial-plants,plant05,nodiag,131,rastar,431,430.000000,320.222000,2.017,ok,0.0,
industrial-plants,plant05,nodiag,131,mm,661016,430.000000,320.222000,1077.863,ok,0.0,
industrial-plants,plant05,nodiag,131,bia,677,430.000000,320.222000,1.175,ok,0.0,
industrial-plants,plant05,nodiag,131,bae,677,430.000000,320.222000,2.148,ok,0.0,
industrial-plants,plant05,nodiag,131,nbs,1364267,430.000000,320.222000,3040.989,ok,0.0,
industrial-plants,plant05,nodiag,131,gbfs,678,430.000000,320.222000,3.215,subopt,0.0,
industrial-plants,plant05,nodiag,132,astar,170072,1098.000000,1039.340000,219.316,ok,169074.0,1.0059027408117156
industrial-plants,plant05,nodiag,132,rastar,1307314,1098.000000,1039.340000,2097.742,ok,169074.0,7.732200101730603
industrial-plants,plant05,nodiag,132,mm,989711,1098.000000,1039.340000,1895.095,ok,169074.0,5.853714941386611
industrial-plants,plant05,nodiag,132,bia,340121,1098.000000,1039.340000,651.621,ok,169074.0,2.011669446514544
industrial-plants,plant05,nodiag,132,bae,1475578,1098.000000,1039.340000,3634.377,ok,169074.0,8.727409300069793
industrial-plants,plant05,nodiag,132,nbs,1023374,1098.000000,1039.340000,1700.941,ok,169074.0,6.052817109667956
industrial-plants,plant05,nodiag,132,gbfs,31840,1116.000000,1039.340000,34.248,subopt,169074.0,0.18831990725954315
industrial-plants,plant05,nodiag,133,astar,546,545.000000,416.033000,1.319,ok,0.0,
industrial-plants,plant05,nodiag,133,rastar,1764,545.000000,416.033000,5.771,ok,0.0,
industrial-plants,plant05,nodiag,133,mm,545,545.000000,416.033000,3.823,ok,0.0,
industrial-plants,plant05,nodiag,133,bia,545,545.000000,416.033000,2.918,ok,0.0,
industrial-plants,plant05,nodiag,133,bae,545,545.000000,416.033000,3.244,ok,0.0,
industrial-plants,plant05,nodiag,133,nbs,126241,545.000000,416.033000,240.308,ok,0.0,
industrial-plants,plant05,nodiag,133,gbfs,546,545.000000,416.033000,1.145,subopt,0.0,
industrial-plants,plant05,nodiag,134,astar,613,612.000000,446.344000,1.907,ok,0.0,
industrial-plants,plant05,nodiag,134,rastar,24343,612.000000,446.344000,50.639,ok,0.0,
industrial-plants,plant05,nodiag,134,mm,127086,612.000000,446.344000,216.937,ok,0.0,
industrial-plants,plant05,nodiag,134,bia,761,612.000000,446.344000,1.474,ok,0.0,
industrial-plants,plant05,nodiag,134,bae,761,612.000000,446.344000,2.634,ok,0.0,
industrial-plants,plant05,nodiag,134,nbs,401454,612.000000,446.344000,641.620,ok,0.0,
industrial-plants,plant05,nodiag,134,gbfs,762,612.000000,446.344000,1.999,subopt,0.0,
industrial-plants,plant05,nodiag,135,astar,10610,251.000000,238.995000,15.545,ok,10340.0,1.0261121856866537
industrial-plants,plant05,nodiag,135,rastar,17050,251.000000,238.995000,24.794,ok,10340.0,1.648936170212766
industrial-plants,plant05,nodiag,135,mm,32580,251.000000,238.995000,40.842,ok,10340.0,3.150870406189555
industrial-plants,plant05,nodiag,135,bia,21201,251.000000,238.995000,22.044,ok,10340.0,2.050386847195358
industrial-plants,plant05,nodiag,135,bae,27667,251.000000,238.995000,32.396,ok,10340.0,2.675725338491296
industrial-plants,plant05,nodiag,135,nbs,35926,251.000000,238.995000,45.701,ok,10340.0,3.474468085106383
industrial-plants,plant05,nodiag,135,gbfs,2504,251.000000,238.995000,3.473,subopt,10340.0,0.24216634429400385
industrial-plants,plant05,nodiag,136,astar,3271,215.000000,168.642000,6.068,ok,0.0,
industrial-plants,plant05,nodiag,136,rastar,216,215.000000,168.642000,0.523,ok,0.0,
industrial-plants,plant05,nodiag,136,mm,3306,215.000000,168.642000,10.793,ok,0.0,
industrial-plants,plant05,nodiag,136,bia,326,215.000000,168.642000,0.795,ok,0.0,
industrial-plants,plant05,nodiag,136,bae,326,215.000000,168.642000,1.492,ok,0.0,
industrial-plants,plant05,nodiag,136,nbs,55386,215.000000,168.642000,76.866,ok,0.0,
industrial-plants,plant05,nodiag,136,gbfs,326,215.000000,168.642000,0.902,subopt,0.0,
industrial-plants,plant05,nodiag,137,astar,179983,1021.000000,943.973000,243.251,ok,173583.0,1.0368699699855402
industrial-plants,plant05,nodiag,137,rastar,624903,1021.000000,943.973000,1144.991,ok,173583.0,3.600024195917803
industrial-plants,plant05,nodiag,137,mm,549392,1021.000000,943.973000,1196.633,ok,173583.0,3.1650103984837226
industrial-plants,plant05,nodiag,137,bia,358833,1021.000000,943.973000,818.135,ok,173583.0,2.0672128030970773
industrial-plants,plant05,nodiag,137,bae,468645,1021.000000,943.973000,1108.662,ok,173583.0,2.699832356855222
industrial-plants,plant05,nodiag,137,nbs,404912,1021.000000,943.973000,835.134,ok,173583.0,2.3326708260601556
industrial-plants,plant05,nodiag,137,gbfs,2268,1025.000000,943.973000,8.965,subopt,173583.0,0.013065795613625758
industrial-plants,plant05,nodiag,138,astar,99054,874.000000,833.789000,115.085,ok,97757.0,1.013267592090592
industrial-plants,plant05,nodiag,138,rastar,404742,874.000000,833.789000,677.081,ok,97757.0,4.1402866290905
industrial-plants,plant05,nodiag,138,mm,326021,874.000000,833.789000,742.957,ok,97757.0,3.335014372372311
industrial-plants,plant05,nodiag,138,bia,195513,874.000000,833.789000,342.065,ok,97757.0,1.9999897705535155
industrial-plants,plant05,nodiag,138,bae,209017,874.000000,833.789000,395.440,ok,97757.0,2.138128215882239
industrial-plants,plant05,nodiag,138,nbs,304008,874.000000,833.789000,504.115,ok,97757.0,3.109833566905695
industrial-plants,plant05,nodiag,138,gbfs,2520,888.000000,833.789000,6.575,subopt,97757.0,0.0257782051413198
industrial-plants,plant05,nodiag,139,astar,985,472.000000,373.284000,1.943,ok,0.0,
industrial-plants,plant05,nodiag,139,rastar,13288,472.000000,373.284000,28.017,ok,0.0,
industrial-plants,plant05,nodiag,139,mm,72551,472.000000,373.284000,123.241,ok,0.0,
industrial-plants,plant05,nodiag,139,bia,831,472.000000,373.284000,1.851,ok,0.0,
industrial-plants,plant05,nodiag,139,bae,831,472.000000,373.284000,3.570,ok,0.0,
industrial-plants,plant05,nodiag,139,nbs,154365,472.000000,373.284000,237.224,ok,0.0,
industrial-plants,plant05,nodiag,139,gbfs,832,472.000000,373.284000,2.595,subopt,0.0,
industrial-plants,plant05,nodiag,140,astar,385,384.000000,293.486000,1.875,ok,0.0,
industrial-plants,plant05,nodiag,140,rastar,385,384.000000,293.486000,1.834,ok,0.0,
industrial-plants,plant05,nodiag,140,mm,301866,384.000000,293.486000,565.733,ok,0.0,
industrial-plants,plant05,nodiag,140,bia,384,384.000000,293.486000,1.155,ok,0.0,
industrial-plants,plant05,nodiag,140,bae,384,384.000000,293.486000,2.113,ok,0.0,
industrial-plants,plant05,nodiag,140,nbs,816121,384.000000,293.486000,1815.661,ok,0.0,
industrial-plants,plant05,nodiag,140,gbfs,384,384.000000,293.486000,1.023,subopt,0.0,
industrial-plants,plant05,nodiag,141,astar,728387,607.000000,474.391000,1148.345,ok,673894.0,1.0808628656732364
industrial-plants,plant05,nodiag,141,rastar,1164572,607.000000,474.391000,1845.682,ok,673894.0,1.728123414068088
industrial-plants,plant05,nodiag,141,mm,1789650,607.000000,474.391000,3570.458,ok,673894.0,2.655684721929562
industrial-plants,plant05,nodiag,141,bia,1418519,607.000000,474.391000,3224.220,ok,673894.0,2.1049586433474703
industrial-plants,plant05,nodiag,141,bae,1993691,607.000000,474.391000,4861.392,ok,673894.0,2.958463794009147
industrial-plants,plant05,nodiag,141,nbs,1739052,607.000000,474.391000,3353.371,ok,673894.0,2.5806016970027925
industrial-plants,plant05,nodiag,141,gbfs,34246,611.000000,474.391000,43.281,subopt,673894.0,0.05081808118190695
industrial-plants,plant05,nodiag,142,astar,480,479.000000,371.580000,2.052,ok,0.0,
industrial-plants,plant05,nodiag,142,rastar,109099,479.000000,371.580000,134.046,ok,0.0,
industrial-plants,plant05,nodiag,142,mm,187689,479.000000,371.580000,361.318,ok,0.0,
industrial-plants,plant05,nodiag,142,bia,651,479.000000,371.580000,3.308,ok,0.0,
industrial-plants,plant05,nodiag,142,bae,651,479.000000,371.580000,3.541,ok,0.0,
industrial-plants,plant05,nodiag,142,nbs,279783,479.000000,371.580000,437.134,ok,0.0,
industrial-plants,plant05,nodiag,142,gbfs,652,479.000000,371.580000,1.839,subopt,0.0,
industrial-plants,plant05,nodiag,143,astar,478,477.000000,391.384000,2.532,ok,0.0,
industrial-plants,plant05,nodiag,143,rastar,11852,477.000000,391.384000,22.902,ok,0.0,
industrial-plants,plant05,nodiag,143,mm,20801,477.000000,391.384000,43.235,ok,0.0,
industrial-plants,plant05,nodiag,143,bia,519,477.000000,391.384000,1.179,ok,0.0,
industrial-plants,plant05,nodiag,143,bae,519,477.000000,391.384000,2.617,ok,0.0,
industrial-plants,plant05,nodiag,143,nbs,56618,477.000000,391.384000,107.976,ok,0.0,
industrial-plants,plant05,nodiag,143,gbfs,520,477.000000,391.384000,1.763,subopt,0.0,
industrial-plants,plant05,nodiag,144,astar,385,384.000000,272.326000,1.929,ok,0.0,
industrial-plants,plant05,nodiag,144,rastar,385,384.000000,272.326000,1.912,ok,0.0,
industrial-plants,plant05,nodiag,144,mm,43763,384.000000,272.326000,76.402,ok,0.0,
industrial-plants,plant05,nodiag,144,bia,384,384.000000,272.326000,1.196,ok,0.0,
industrial-plants,plant05,nodiag,144,bae,384,384.000000,272.326000,2.174,ok,0.0,
industrial-plants,plant05,nodiag,144,nbs,115555,384.000000,272.326000,182.110,ok,0.0,
industrial-plants,plant05,nodiag,144,gbfs,384,384.000000,272.326000,1.055,subopt,0.0,
industrial-plants,plant05,nodiag,145,astar,586,585.000000,454.259000,2.922,ok,0.0,
industrial-plants,plant05,nodiag,145,rastar,586,585.000000,454.259000,3.025,ok,0.0,
industrial-plants,plant05,nodiag,145,mm,585,585.000000,454.259000,4.600,ok,0.0,
industrial-plants,plant05,nodiag,145,bia,585,585.000000,454.259000,3.334,ok,0.0,
industrial-plants,plant05,nodiag,145,bae,585,585.000000,454.259000,3.493,ok,0.0,
industrial-plants,plant05,nodiag,145,nbs,676514,585.000000,454.259000,1155.615,ok,0.0,
industrial-plants,plant05,nodiag,145,gbfs,586,585.000000,454.259000,1.485,subopt,0.0,
industrial-plants,plant05,nodiag,146,astar,600,599.000000,452.341000,2.420,ok,0.0,
industrial-plants,plant05,nodiag,146,rastar,7110,599.000000,452.341000,20.831,ok,0.0,
industrial-plants,plant05,nodiag,146,mm,4631,599.000000,452.341000,7.858,ok,0.0,
industrial-plants,plant05,nodiag,146,bia,652,599.000000,452.341000,1.414,ok,0.0,
industrial-plants,plant05,nodiag,146,bae,652,599.000000,452.341000,2.535,ok,0.0,
industrial-plants,plant05,nodiag,146,nbs,831934,599.000000,452.341000,1592.942,ok,0.0,
industrial-plants,plant05,nodiag,146,gbfs,652,599.000000,452.341000,1.488,subopt,0.0,
industrial-plants,plant05,nodiag,147,astar,25512,847.000000,805.335000,29.205,ok,23763.0,1.0736018179522788
industrial-plants,plant05,nodiag,147,rastar,920817,847.000000,805.335000,1362.297,ok,23763.0,38.750031561671506
industrial-plants,plant05,nodiag,147,mm,633140,847.000000,805.335000,1086.307,ok,23763.0,26.643942263182257
industrial-plants,plant05,nodiag,147,bia,51019,847.000000,805.335000,72.972,ok,23763.0,2.146993224761183
industrial-plants,plant05,nodiag,147,bae,670605,847.000000,805.335000,1668.123,ok,23763.0,28.22055296048479
industrial-plants,plant05,nodiag,147,nbs,581776,847.000000,805.335000,934.194,ok,23763.0,24.48243066952826
industrial-plants,plant05,nodiag,147,gbfs,45564,979.000000,805.335000,57.365,subopt,23763.0,1.9174346673399822
industrial-plants,plant05,nodiag,148,astar,420,419.000000,314.575000,0.949,ok,0.0,
industrial-plants,plant05,nodiag,148,rastar,109808,419.000000,314.575000,113.505,ok,0.0,
industrial-plants,plant05,nodiag,148,mm,282731,419.000000,314.575000,488.445,ok,0.0,
industrial-plants,plant05,nodiag,148,bia,743,419.000000,314.575000,1.504,ok,0.0,
industrial-plants,plant05,nodiag,148,bae,743,419.000000,314.575000,2.998,ok,0.0,
industrial-plants,plant05,nodiag,148,nbs,449543,419.000000,314.575000,717.211,ok,0.0,
industrial-plants,plant05,nodiag,148,gbfs,744,419.000000,314.575000,2.484,subopt,0.0,
industrial-plants,plant05,nodiag,149,astar,453,452.000000,346.356000,2.389,ok,0.0,
industrial-plants,plant05,nodiag,149,rastar,453,452.000000,346.356000,2.353,ok,0.0,
industrial-plants,plant05,nodiag,149,mm,400393,452.000000,346.356000,746.730,ok,0.0,
industrial-plants,plant05,nodiag,149,bia,452,452.000000,346.356000,0.900,ok,0.0,
industrial-plants,plant05,nodiag,149,bae,452,452.000000,346.356000,1.717,ok,0.0,
industrial-plants,plant05,nodiag,149,nbs,534952,452.000000,346.356000,985.202,ok,0.0,
industrial-plants,plant05,nodiag,149,gbfs,452,452.000000,346.356000,1.199,subopt,0.0,
industrial-plants,plant05,nodiag,150,astar,534,533.000000,338.395000,2.102,ok,0.0,
industrial-plants,plant05,nodiag,150,rastar,168546,533.000000,338.395000,244.412,ok,0.0,
industrial-plants,plant05,nodiag,150,mm,1924437,533.000000,338.395000,3522.377,ok,0.0,
industrial-plants,plant05,nodiag,150,bia,551,533.000000,338.395000,2.336,ok,0.0,
industrial-plants,plant05,nodiag,150,bae,551,533.000000,338.395000,2.871,ok,0.0,
industrial-plants,plant05,nodiag,150,nbs,4209775,533.000000,338.395000,11053.816,ok,0.0,
industrial-plants,plant05,nodiag,150,gbfs,552,533.000000,338.395000,2.267,subopt,0.0,
industrial-plants,plant05,nodiag,151,astar,345,344.000000,272.031000,1.675,ok,0.0,
industrial-plants,plant05,nodiag,151,rastar,345,344.000000,272.031000,1.638,ok,0.0,
industrial-plants,plant05,nodiag,151,mm,170870,344.000000,272.031000,286.081,ok,0.0,
industrial-plants,plant05,nodiag,151,bia,344,344.000000,272.031000,0.833,ok,0.0,
industrial-plants,plant05,nodiag,151,bae,344,344.000000,272.031000,1.608,ok,0.0,
industrial-plants,plant05,nodiag,151,nbs,470414,344.000000,272.031000,798.684,ok,0.0,
industrial-plants,plant05,nodiag,151,gbfs,344,344.000000,272.031000,0.897,subopt,0.0,
industrial-plants,plant05,nodiag,152,astar,215,214.000000,163.756000,0.910,ok,0.0,
industrial-plants,plant05,nodiag,152,rastar,792,214.000000,163.756000,3.253,ok,0.0,
industrial-plants,plant05,nodiag,152,mm,108679,214.000000,163.756000,157.733,ok,0.0,
industrial-plants,plant05,nodiag,152,bia,245,214.000000,163.756000,0.669,ok,0.0,
industrial-plants,plant05,nodiag,152,bae,245,214.000000,163.756000,1.282,ok,0.0,
industrial-plants,plant05,nodiag,152,nbs,222368,214.000000,163.756000,343.305,ok,0.0,
industrial-plants,plant05,nodiag,152,gbfs,246,214.000000,163.756000,0.968,subopt,0.0,
industrial-plants,plant05,nodiag,153,astar,419001,524.000000,398.582000,670.334,ok,245740.0,1.7050581915846017
industrial-plants,plant05,nodiag,153,rastar,245846,524.000000,398.582000,347.539,ok,245740.0,1.0004313502075364
industrial-plants,plant05,nodiag,153,mm,477730,524.000000,398.582000,877.052,ok,245740.0,1.9440465532676814
industrial-plants,plant05,nodiag,153,bia,491684,524.000000,398.582000,1128.912,ok,245740.0,2.0008301456824285
industrial-plants,plant05,nodiag,153,bae,628665,524.000000,398.582000,1587.774,ok,245740.0,2.5582526247253194
industrial-plants,plant05,nodiag,153,nbs,512690,524.000000,398.582000,928.866,ok,245740.0,2.0863107349230896
industrial-plants,plant05,nodiag,153,gbfs,2194,524.000000,398.582000,3.857,subopt,245740.0,0.0089281354276878
industrial-plants,plant05,nodiag,154,astar,683,682.000000,523.269000,1.851,ok,0.0,
industrial-plants,plant05,nodiag,154,rastar,62783,682.000000,523.269000,84.873,ok,0.0,
industrial-plants,plant05,nodiag,154,mm,163052,682.000000,523.269000,295.745,ok,0.0,
industrial-plants,plant05,nodiag,154,bia,682,682.000000,523.269000,1.337,ok,0.0,
industrial-plants,plant05,nodiag,154,bae,682,682.000000,523.269000,2.482,ok,0.0,
industrial-plants,plant05,nodiag,154,nbs,358656,682.000000,523.269000,588.513,ok,0.0,
industrial-plants,plant05,nodiag,154,gbfs,682,682.000000,523.269000,1.994,subopt,0.0,
industrial-plants,plant05,nodiag,155,astar,571,570.000000,434.715000,2.858,ok,0.0,
industrial-plants,plant05,nodiag,155,rastar,571,570.000000,434.715000,2.908,ok,0.0,
industrial-plants,plant05,nodiag,155,mm,411045,570.000000,434.715000,800.274,ok,0.0,
industrial-plants,plant05,nodiag,155,bia,570,570.000000,434.715000,1.918,ok,0.0,
industrial-plants,plant05,nodiag,155,bae,570,570.000000,434.715000,3.396,ok,0.0,
industrial-plants,plant05,nodiag,155,nbs,738772,570.000000,434.715000,1282.874,ok,0.0,
industrial-plants,plant05,nodiag,155,gbfs,570,570.000000,434.715000,2.074,subopt,0.0,
industrial-plants,plant05,nodiag,156,astar,289612,569.000000,501.784000,414.205,ok,289240.0,1.0012861291660904
industrial-plants,plant05,nodiag,156,rastar,639591,569.000000,501.784000,995.697,ok,289240.0,2.211281288895035
industrial-plants,plant05,nodiag,156,mm,820133,569.000000,501.784000,1619.922,ok,289240.0,2.8354757294979946
industrial-plants,plant05,nodiag,156,bia,579219,569.000000,501.784000,1254.721,ok,289240.0,2.002554971649841
industrial-plants,plant05,nodiag,156,bae,996051,569.000000,501.784000,2201.425,ok,289240.0,3.4436834462729915
industrial-plants,plant05,nodiag,156,nbs,710238,569.000000,501.784000,1356.464,ok,289240.0,2.455531738348776
industrial-plants,plant05,nodiag,156,gbfs,1478,569.000000,501.784000,2.406,subopt,289240.0,0.005109943299681925
industrial-plants,plant05,nodiag,157,astar,570,569.000000,434.455000,1.621,ok,0.0,
industrial-plants,plant05,nodiag,157,rastar,570,569.000000,434.455000,3.023,ok,0.0,
industrial-plants,plant05,nodiag,157,mm,569,569.000000,434.455000,4.551,ok,0.0,
industrial-plants,plant05,nodiag,157,bia,569,569.000000,434.455000,3.192,ok,0.0,
industrial-plants,plant05,nodiag,157,bae,569,569.000000,434.455000,3.399,ok,0.0,
industrial-plants,plant05,nodiag,157,nbs,747136,569.000000,434.455000,1349.569,ok,0.0,
industrial-plants,plant05,nodiag,157,gbfs,570,569.000000,434.455000,2.071,subopt,0.0,
industrial-plants,plant05,nodiag,158,astar,622810,649.000000,486.007000,943.739,ok,622560.0,1.0004015677203804
industrial-plants,plant05,nodiag,158,rastar,1220145,649.000000,486.007000,1982.984,ok,622560.0,1.9598833847340016
industrial-plants,plant05,nodiag,158,mm,1671229,649.000000,486.007000,3426.289,ok,622560.0,2.6844464790542277
industrial-plants,plant05,nodiag,158,bia,1245611,649.000000,486.007000,2795.455,ok,622560.0,2.000788679002827
industrial-plants,plant05,nodiag,158,bae,1840779,649.000000,486.007000,4712.554,ok,622560.0,2.956789707016191
industrial-plants,plant05,nodiag,158,nbs,1330746,649.000000,486.007000,2702.867,ok,622560.0,2.1375385505011564
industrial-plants,plant05,nodiag,158,gbfs,4350,649.000000,486.007000,7.039,subopt,622560.0,0.00698727833461835
industrial-plants,plant05,nodiag,159,astar,268798,618.000000,552.518000,364.942,ok,261066.0,1.029617031708457
industrial-plants,plant05,nodiag,159,rastar,488635,618.000000,552.518000,726.488,ok,261066.0,1.8716914496717305
industrial-plants,plant05,nodiag,159,mm,693994,618.000000,552.518000,1446.969,ok,261066.0,2.6583086269372496
industrial-plants,plant05,nodiag,159,bia,537591,618.000000,552.518000,1237.295,ok,261066.0,2.0592149111718876
industrial-plants,plant05,nodiag,159,bae,651505,618.000000,552.518000,1621.276,ok,261066.0,2.4955566791539305
industrial-plants,plant05,nodiag,159,nbs,787625,618.000000,552.518000,1371.729,ok,261066.0,3.0169573977461637
industrial-plants,plant05,nodiag,159,gbfs,992,618.000000,552.518000,2.100,subopt,261066.0,0.003799805413190534
industrial-plants,plant05,nodiag,160,astar,362,361.000000,289.485000,1.443,ok,0.0,
industrial-plants,plant05,nodiag,160,rastar,6662,361.000000,289.485000,14.600,ok,0.0,
industrial-plants,plant05,nodiag,160,mm,14486,361.000000,289.485000,23.008,ok,0.0,
industrial-plants,plant05,nodiag,160,bia,497,361.000000,289.485000,1.198,ok,0.0,
industrial-plants,plant05,nodiag,160,bae,497,361.000000,289.485000,2.339,ok,0.0,
industrial-plants,plant05,nodiag,160,nbs,31082,361.000000,289.485000,50.434,ok,0.0,
industrial-plants,plant05,nodiag,160,gbfs,498,361.000000,289.485000,1.009,subopt,0.0,
industrial-plants,plant05,nodiag,161,astar,725305,855.000000,766.629000,1131.429,ok,702895.0,1.0318824290968067
industrial-plants,plant05,nodiag,161,rastar,1559298,855.000000,766.629000,2407.508,ok,702895.0,2.218393927969327
industrial-plants,plant05,nodiag,161,mm,1685271,855.000000,766.629000,3049.403,ok,702895.0,2.3976141528962365
industrial-plants,plant05,nodiag,161,bia,1230085,855.000000,766.629000,2791.671,ok,702895.0,1.750026675392484
industrial-plants,plant05,nodiag,161,bae,1945371,855.000000,766.629000,4725.600,ok,702895.0,2.7676551974334718
industrial-plants,plant05,nodiag,161,nbs,1864525,855.000000,766.629000,3599.293,ok,702895.0,2.652636595793113
industrial-plants,plant05,nodiag,161,gbfs,59240,911.000000,766.629000,79.244,subopt,702895.0,0.08428001337326343
industrial-plants,plant05,nodiag,162,astar,203352,627.000000,548.127000,263.642,ok,202958.0,1.001941288345372
industrial-plants,plant05,nodiag,162,rastar,569342,627.000000,548.127000,878.334,ok,202958.0,2.8052207845958277
industrial-plants,plant05,nodiag,162,mm,699841,627.000000,548.127000,1321.308,ok,202958.0,3.448206032775254
industrial-plants,plant05,nodiag,162,bia,406699,627.000000,548.127000,886.527,ok,202958.0,2.003857941051843
industrial-plants,plant05,nodiag,162,bae,769533,627.000000,548.127000,1748.912,ok,202958.0,3.791587422028203
industrial-plants,plant05,nodiag,162,nbs,467538,627.000000,548.127000,774.779,ok,202958.0,2.303619468067285
industrial-plants,plant05,nodiag,162,gbfs,2750,627.000000,548.127000,6.039,subopt,202958.0,0.013549601395362588
industrial-plants,plant05,nodiag,163,astar,388,387.000000,302.114000,0.924,ok,0.0,
industrial-plants,plant05,nodiag,163,rastar,184600,387.000000,302.114000,259.595,ok,0.0,
industrial-plants,plant05,nodiag,163,mm,220737,387.000000,302.114000,354.140,ok,0.0,
industrial-plants,plant05,nodiag,163,bia,455,387.000000,302.114000,1.270,ok,0.0,
industrial-plants,plant05,nodiag,163,bae,455,387.000000,302.114000,2.524,ok,0.0,
industrial-plants,plant05,nodiag,163,nbs,806381,387.000000,302.114000,1655.502,ok,0.0,
industrial-plants,plant05,nodiag,163,gbfs,456,387.000000,302.114000,0.825,subopt,0.0,
industrial-plants,plant05,nodiag,164,astar,206010,1274.000000,1233.900000,255.748,ok,204936.0,1.0052406604988875
industrial-plants,plant05,nodiag,164,rastar,649085,1274.000000,1233.900000,936.692,ok,204936.0,3.1672570948979195
industrial-plants,plant05,nodiag,164,mm,878747,1274.000000,1233.900000,1681.859,ok,204936.0,4.2879093961041495
industrial-plants,plant05,nodiag,164,bia,412015,1274.000000,1233.900000,902.981,ok,204936.0,2.0104569231369793
industrial-plants,plant05,nodiag,164,bae,856618,1274.000000,1233.900000,2181.339,ok,204936.0,4.179929343795136
industrial-plants,plant05,nodiag,164,nbs,593662,1274.000000,1233.900000,998.876,ok,204936.0,2.8968165671233947
industrial-plants,plant05,nodiag,164,gbfs,3522,1274.000000,1233.900000,5.457,subopt,204936.0,0.017185853144396298
industrial-plants,plant05,nodiag,165,astar,172663,381.000000,337.823000,210.837,ok,172376.0,1.0016649649603193
industrial-plants,plant05,nodiag,165,rastar,706323,381.000000,337.823000,1037.649,ok,172376.0,4.0975715876920225
industrial-plants,plant05,nodiag,165,mm,870485,381.000000,337.823000,1612.367,ok,172376.0,5.049919942451385
industrial-plants,plant05,nodiag,165,bia,345025,381.000000,337.823000,703.503,ok,172376.0,2.001583747157377
industrial-plants,plant05,nodiag,165,bae,899472,381.000000,337.823000,2021.241,ok,172376.0,5.218081403443635
industrial-plants,plant05,nodiag,165,nbs,436094,381.000000,337.823000,792.554,ok,172376.0,2.5298997540260824
industrial-plants,plant05,nodiag,165,gbfs,135308,459.000000,337.823000,229.777,subopt,172376.0,0.7849584628950665
industrial-plants,plant05,nodiag,166,astar,582,581.000000,409.619000,0.998,ok,0.0,
industrial-plants,plant05,nodiag,166,rastar,582,581.000000,409.619000,1.691,ok,0.0,
industrial-plants,plant05,nodiag,166,mm,581,581.000000,409.619000,4.133,ok,0.0,
industrial-plants,plant05,nodiag,166,bia,581,581.000000,409.619000,3.242,ok,0.0,
industrial-plants,plant05,nodiag,166,bae,581,581.000000,409.619000,3.166,ok,0.0,
industrial-plants,plant05,nodiag,166,nbs,4983175,581.000000,409.619000,13825.841,ok,0.0,
industrial-plants,plant05,nodiag,166,gbfs,582,581.000000,409.619000,1.230,subopt,0.0,
industrial-plants,plant05,nodiag,167,astar,219,218.000000,213.656000,0.748,ok,0.0,
industrial-plants,plant05,nodiag,167,rastar,219,218.000000,213.656000,1.046,ok,0.0,
industrial-plants,plant05,nodiag,167,mm,644,218.000000,213.656000,3.455,ok,0.0,
industrial-plants,plant05,nodiag,167,bia,218,218.000000,213.656000,1.121,ok,0.0,
industrial-plants,plant05,nodiag,167,bae,218,218.000000,213.656000,1.186,ok,0.0,
industrial-plants,plant05,nodiag,167,nbs,1651,218.000000,213.656000,5.902,ok,0.0,
industrial-plants,plant05,nodiag,167,gbfs,218,218.000000,213.656000,1.084,subopt,0.0,
industrial-plants,plant05,nodiag,168,astar,586485,964.000000,878.061000,911.161,ok,566202.0,1.0358229041932032
industrial-plants,plant05,nodiag,168,rastar,1911960,964.000000,878.061000,3066.031,ok,566202.0,3.3768160479828753
industrial-plants,plant05,nodiag,168,mm,1912304,964.000000,878.061000,3888.607,ok,566202.0,3.3774236050031616
industrial-plants,plant05,nodiag,168,bia,1164497,964.000000,878.061000,2564.510,ok,566202.0,2.056681184453605
industrial-plants,plant05,nodiag,168,bae,2045521,964.000000,878.061000,4586.252,ok,566202.0,3.612705359571319
industrial-plants,plant05,nodiag,168,nbs,2035280,964.000000,878.061000,3407.790,ok,566202.0,3.594618175138908
industrial-plants,plant05,nodiag,168,gbfs,62150,1018.000000,878.061000,93.203,subopt,566202.0,0.1097664791010982
industrial-plants,plant05,nodiag,169,astar,126912,741.000000,678.947000,150.056,ok,126500.0,1.0032569169960475
industrial-plants,plant05,nodiag,169,rastar,426584,741.000000,678.947000,625.898,ok,126500.0,3.372205533596838
industrial-plants,plant05,nodiag,169,mm,359921,741.000000,678.947000,683.578,ok,126500.0,2.845225296442688
industrial-plants,plant05,nodiag,169,bia,252999,741.000000,678.947000,397.551,ok,126500.0,1.99999209486166
industrial-plants,plant05,nodiag,169,bae,271225,741.000000,678.947000,451.861,ok,126500.0,2.1440711462450595
industrial-plants,plant05,nodiag,169,nbs,306337,741.000000,678.947000,463.340,ok,126500.0,2.4216363636363636
industrial-plants,plant05,nodiag,169,gbfs,2938,759.000000,678.947000,6.291,subopt,126500.0,0.023225296442687747
industrial-plants,plant05,nodiag,170,astar,215441,1181.000000,1137.080000,262.764,ok,214399.0,1.00486009729523
industrial-plants,plant05,nodiag,170,rastar,916052,1181.000000,1137.080000,1315.157,ok,214399.0,4.272650525422227
industrial-plants,plant05,nodiag,170,mm,1113248,1181.000000,1137.080000,2141.896,ok,214399.0,5.192412278042341
industrial-plants,plant05,nodiag,170,bia,430865,1181.000000,1137.080000,864.486,ok,214399.0,2.009640903175854
industrial-plants,plant05,nodiag,170,bae,1123018,1181.000000,1137.080000,2516.330,ok,214399.0,5.237981520436196
industrial-plants,plant05,nodiag,170,nbs,697000,1181.000000,1137.080000,1359.453,ok,214399.0,3.2509479988246213
industrial-plants,plant05,nodiag,170,gbfs,26420,1181.000000,1137.080000,31.283,subopt,214399.0,0.12322818669863199
industrial-plants,plant05,nodiag,171,astar,36334,333.000000,247.224000,35.718,ok,0.0,
industrial-plants,plant05,nodiag,171,rastar,334,333.000000,247.224000,1.109,ok,0.0,
industrial-plants,plant05,nodiag,171,mm,38814,333.000000,247.224000,61.632,ok,0.0,
industrial-plants,plant05,nodiag,171,bia,508,333.000000,247.224000,2.309,ok,0.0,
industrial-plants,plant05,nodiag,171,bae,508,333.000000,247.224000,2.858,ok,0.0,
industrial-plants,plant05,nodiag,171,nbs,588217,333.000000,247.224000,1162.149,ok,0.0,
industrial-plants,plant05,nodiag,171,gbfs,508,333.000000,247.224000,1.091,subopt,0.0,
industrial-plants,plant05,nodiag,172,astar,2995,278.000000,204.028000,6.559,ok,0.0,
industrial-plants,plant05,nodiag,172,rastar,279,278.000000,204.028000,0.902,ok,0.0,
industrial-plants,plant05,nodiag,172,mm,132453,278.000000,204.028000,216.785,ok,0.0,
industrial-plants,plant05,nodiag,172,bia,378,278.000000,204.028000,0.683,ok,0.0,
industrial-plants,plant05,nodiag,172,bae,378,278.000000,204.028000,1.223,ok,0.0,
industrial-plants,plant05,nodiag,172,nbs,286209,278.000000,204.028000,459.770,ok,0.0,
industrial-plants,plant05,nodiag,172,gbfs,378,278.000000,204.028000,1.265,subopt,0.0,
industrial-plants,plant05,nodiag,173,astar,255304,986.000000,930.588000,353.605,ok,254469.0,1.0032813427175806
industrial-plants,plant05,nodiag,173,rastar,1464487,986.000000,930.588000,2408.236,ok,254469.0,5.7550703622052195
industrial-plants,plant05,nodiag,173,mm,1203454,986.000000,930.588000,2200.857,ok,254469.0,4.729275471668455
industrial-plants,plant05,nodiag,173,bia,510597,986.000000,930.588000,976.149,ok,254469.0,2.006519458165828
industrial-plants,plant05,nodiag,173,bae,1617323,986.000000,930.588000,3576.901,ok,254469.0,6.355677901826942
industrial-plants,plant05,nodiag,173,nbs,1093034,986.000000,930.588000,2023.638,ok,254469.0,4.295352282596308
industrial-plants,plant05,nodiag,173,gbfs,13452,986.000000,930.588000,19.437,subopt,254469.0,0.05286302064298598
industrial-plants,plant05,nodiag,174,astar,566,565.000000,441.542000,1.385,ok,0.0,
industrial-plants,plant05,nodiag,174,rastar,566,565.000000,441.542000,2.362,ok,0.0,
industrial-plants,plant05,nodiag,174,mm,565,565.000000,441.542000,4.134,ok,0.0,
industrial-plants,plant05,nodiag,174,bia,565,565.000000,441.542000,2.994,ok,0.0,
industrial-plants,plant05,nodiag,174,bae,565,565.000000,441.542000,3.237,ok,0.0,
industrial-plants,plant05,nodiag,174,nbs,224670,565.000000,441.542000,342.282,ok,0.0,
industrial-plants,plant05,nodiag,174,gbfs,566,565.000000,441.542000,2.185,subopt,0.0,
industrial-plants,plant05,nodiag,175,astar,978,578.000000,468.392000,4.070,ok,0.0,
industrial-plants,plant05,nodiag,175,rastar,579,578.000000,468.392000,2.950,ok,0.0,
industrial-plants,plant05,nodiag,175,mm,1018913,578.000000,468.392000,1895.884,ok,0.0,
industrial-plants,plant05,nodiag,175,bia,854,578.000000,468.392000,2.469,ok,0.0,
industrial-plants,plant05,nodiag,175,bae,854,578.000000,468.392000,4.275,ok,0.0,
industrial-plants,plant05,nodiag,175,nbs,2446857,578.000000,468.392000,6012.505,ok,0.0,
industrial-plants,plant05,nodiag,175,gbfs,854,578.000000,468.392000,1.874,subopt,0.0,
industrial-plants,plant05,nodiag,176,astar,107890,1009.000000,939.203000,141.040,ok,107114.0,1.00724461788375
industrial-plants,plant05,nodiag,176,rastar,841153,1009.000000,939.203000,1561.813,ok,107114.0,7.852876374703587
industrial-plants,plant05,nodiag,176,mm,581090,1009.000000,939.203000,1249.857,ok,107114.0,5.42496779132513
industrial-plants,plant05,nodiag,176,bia,215775,1009.000000,939.203000,487.681,ok,107114.0,2.014442556528558
industrial-plants,plant05,nodiag,176,bae,406031,1009.000000,939.203000,911.703,ok,107114.0,3.790643613346528
industrial-plants,plant05,nodiag,176,nbs,287190,1009.000000,939.203000,450.460,ok,107114.0,2.6811621263326924
industrial-plants,plant05,nodiag,176,gbfs,2228,1009.000000,939.203000,4.630,subopt,107114.0,0.020800268872416303
industrial-plants,plant05,nodiag,177,astar,35800,645.000000,558.307000,46.993,ok,0.0,
industrial-plants,plant05,nodiag,177,rastar,646,645.000000,558.307000,1.999,ok,0.0,
industrial-plants,plant05,nodiag,177,mm,645,645.000000,558.307000,4.549,ok,0.0,
industrial-plants,plant05,nodiag,177,bia,645,645.000000,558.307000,3.256,ok,0.0,
industrial-plants,plant05,nodiag,177,bae,645,645.000000,558.307000,3.539,ok,0.0,
industrial-plants,plant05,nodiag,177,nbs,88668,645.000000,558.307000,124.314,ok,0.0,
industrial-plants,plant05,nodiag,177,gbfs,646,645.000000,558.307000,2.092,subopt,0.0,
industrial-plants,plant05,nodiag,178,astar,422,421.000000,347.201000,2.095,ok,0.0,
industrial-plants,plant05,nodiag,178,rastar,80774,421.000000,347.201000,97.408,ok,0.0,
industrial-plants,plant05,nodiag,178,mm,75492,421.000000,347.201000,114.909,ok,0.0,
industrial-plants,plant05,nodiag,178,bia,505,421.000000,347.201000,1.281,ok,0.0,
industrial-plants,plant05,nodiag,178,bae,505,421.000000,347.201000,2.955,ok,0.0,
industrial-plants,plant05,nodiag,178,nbs,335862,421.000000,347.201000,580.142,ok,0.0,
industrial-plants,plant05,nodiag,178,gbfs,506,421.000000,347.201000,2.634,subopt,0.0,
industrial-plants,plant05,nodiag,179,astar,206662,491.000000,449.810000,277.492,ok,206163.0,1.0024204149144125
industrial-plants,plant05,nodiag,179,rastar,283017,491.000000,449.810000,397.116,ok,206163.0,1.3727827010666318
industrial-plants,plant05,nodiag,179,mm,490335,491.000000,449.810000,872.257,ok,206163.0,2.3783850642452817
industrial-plants,plant05,nodiag,179,bia,412893,491.000000,449.810000,864.693,ok,206163.0,2.0027502510149735
industrial-plants,plant05,nodiag,179,bae,503115,491.000000,449.810000,1116.123,ok,206163.0,2.440374849027226
industrial-plants,plant05,nodiag,179,nbs,455346,491.000000,449.810000,872.012,ok,206163.0,2.208669838913869
industrial-plants,plant05,nodiag,179,gbfs,25156,491.000000,449.810000,29.512,subopt,206163.0,0.12201995508408395
industrial-plants,plant05,nodiag,180,astar,1020,1019.000000,936.041000,4.252,ok,0.0,
industrial-plants,plant05,nodiag,180,rastar,1230709,1019.000000,936.041000,1996.396,ok,0.0,
industrial-plants,plant05,nodiag,180,mm,1105519,1019.000000,936.041000,2562.722,ok,0.0,
industrial-plants,plant05,nodiag,180,bia,2035,1019.000000,936.041000,5.728,ok,0.0,
industrial-plants,plant05,nodiag,180,bae,2035,1019.000000,936.041000,8.811,ok,0.0,
industrial-plants,plant05,nodiag,180,nbs,845429,1019.000000,936.041000,1483.648,ok,0.0,
industrial-plants,plant05,nodiag,180,gbfs,2036,1019.000000,936.041000,3.499,subopt,0.0,
industrial-plants,plant05,nodiag,181,astar,221938,517.000000,475.536000,328.022,ok,70874.0,3.131444535372633
industrial-plants,plant05,nodiag,181,rastar,84192,517.000000,475.536000,100.745,ok,70874.0,1.187910940542371
industrial-plants,plant05,nodiag,181,mm,210212,517.000000,475.536000,367.796,ok,70874.0,2.9659959928887885
industrial-plants,plant05,nodiag,181,bia,167350,517.000000,475.536000,305.210,ok,70874.0,2.361232609983915
industrial-plants,plant05,nodiag,181,bae,297459,517.000000,475.536000,577.304,ok,70874.0,4.197011598047239
industrial-plants,plant05,nodiag,181,nbs,247174,517.000000,475.536000,404.449,ok,70874.0,3.4875130513305304
industrial-plants,plant05,nodiag,181,gbfs,5372,517.000000,475.536000,9.249,subopt,70874.0,0.07579648390100742
industrial-plants,plant05,nodiag,182,astar,634,633.000000,399.467000,1.970,ok,0.0,
industrial-plants,plant05,nodiag,182,rastar,533053,633.000000,399.467000,856.232,ok,0.0,
industrial-plants,plant05,nodiag,182,mm,3249530,633.000000,399.467000,6236.381,ok,0.0,
industrial-plants,plant05,nodiag,182,bia,879,633.000000,399.467000,2.640,ok,0.0,
industrial-plants,plant05,nodiag,182,bae,879,633.000000,399.467000,4.377,ok,0.0,
industrial-plants,plant05,nodiag,182,nbs,6622670,633.000000,399.467000,18714.209,ok,0.0,
industrial-plants,plant05,nodiag,182,gbfs,880,633.000000,399.467000,1.707,subopt,0.0,
industrial-plants,plant05,nodiag,183,astar,647,646.000000,532.387000,1.706,ok,0.0,
industrial-plants,plant05,nodiag,183,rastar,11523,646.000000,532.387000,25.761,ok,0.0,
industrial-plants,plant05,nodiag,183,mm,49478,646.000000,532.387000,78.774,ok,0.0,
industrial-plants,plant05,nodiag,183,bia,983,646.000000,532.387000,1.997,ok,0.0,
industrial-plants,plant05,nodiag,183,bae,983,646.000000,532.387000,3.650,ok,0.0,
industrial-plants,plant05,nodiag,183,nbs,115639,646.000000,532.387000,165.699,ok,0.0,
industrial-plants,plant05,nodiag,183,gbfs,870,650.000000,532.387000,2.353,subopt,0.0,
industrial-plants,plant05,nodiag,184,astar,464096,917.000000,814.893000,614.229,ok,451992.0,1.0267792350307086
industrial-plants,plant05,nodiag,184,rastar,2226981,917.000000,814.893000,3727.666,ok,451992.0,4.927036319226889
industrial-plants,plant05,nodiag,184,mm,1851407,917.000000,814.893000,3549.081,ok,451992.0,4.09610568328643
industrial-plants,plant05,nodiag,184,bia,927937,917.000000,814.893000,1871.413,ok,451992.0,2.0529943007840847
industrial-plants,plant05,nodiag,184,bae,2627994,917.000000,814.893000,5934.933,ok,451992.0,5.81424892475973
industrial-plants,plant05,nodiag,184,nbs,1896086,917.000000,814.893000,3377.700,ok,451992.0,4.194954777960672
industrial-plants,plant05,nodiag,184,gbfs,8776,933.000000,814.893000,16.415,subopt,451992.0,0.019416272854386803
industrial-plants,plant05,nodiag,185,astar,217642,716.000000,681.832000,319.927,ok,95572.0,2.277256937178253
industrial-plants,plant05,nodiag,185,rastar,96971,716.000000,681.832000,123.626,ok,95572.0,1.0146381785460177
industrial-plants,plant05,nodiag,185,mm,333842,716.000000,681.832000,593.855,ok,95572.0,3.4930942116938017
industrial-plants,plant05,nodiag,185,bia,193870,716.000000,681.832000,370.336,ok,95572.0,2.028522998367723
industrial-plants,plant05,nodiag,185,bae,303341,716.000000,681.832000,607.084,ok,95572.0,3.1739526221068934
industrial-plants,plant05,nodiag,185,nbs,279409,716.000000,681.832000,450.332,ok,95572.0,2.9235445527978907
industrial-plants,plant05,nodiag,185,gbfs,4106,716.000000,681.832000,7.800,subopt,95572.0,0.04296237391704683
industrial-plants,plant05,nodiag,186,astar,411105,503.000000,430.912000,571.947,ok,327533.0,1.2551559690168623
industrial-plants,plant05,nodiag,186,rastar,328459,503.000000,430.912000,417.960,ok,327533.0,1.0028271960382618
industrial-plants,plant05,nodiag,186,mm,746085,503.000000,430.912000,1337.165,ok,327533.0,2.2778926092943306
industrial-plants,plant05,nodiag,186,bia,656848,503.000000,430.912000,1435.693,ok,327533.0,2.005440673153545
industrial-plants,plant05,nodiag,186,bae,748305,503.000000,430.912000,1636.718,ok,327533.0,2.2846705522802284
industrial-plants,plant05,nodiag,186,nbs,769594,503.000000,430.912000,1338.885,ok,327533.0,2.3496685830130093
industrial-plants,plant05,nodiag,186,gbfs,2640,507.000000,430.912000,6.709,subopt,327533.0,0.008060256523770125
industrial-plants,plant05,nodiag,187,astar,347847,519.000000,443.293000,479.007,ok,347438.0,1.001177188448011
industrial-plants,plant05,nodiag,187,rastar,624296,519.000000,443.293000,803.845,ok,347438.0,1.7968558419056062
industrial-plants,plant05,nodiag,187,mm,978978,519.000000,443.293000,1589.960,ok,347438.0,2.8177056050288107
industrial-plants,plant05,nodiag,187,bia,695637,519.000000,443.293000,1332.652,ok,347438.0,2.002190318848255
industrial-plants,plant05,nodiag,187,bae,1029197,519.000000,443.293000,2439.800,ok,347438.0,2.9622465015340866
industrial-plants,plant05,nodiag,187,nbs,901850,519.000000,443.293000,1790.961,ok,347438.0,2.5957149189207858
industrial-plants,plant05,nodiag,187,gbfs,57336,551.000000,443.293000,72.178,subopt,347438.0,0.16502512678521059
industrial-plants,plant05,nodiag,188,astar,281833,635.000000,584.378000,432.309,ok,281074.0,1.00270035648975
industrial-plants,plant05,nodiag,188,rastar,422308,635.000000,584.378000,698.407,ok,281074.0,1.5024797740096913
industrial-plants,plant05,nodiag,188,mm,702540,635.000000,584.378000,1407.831,ok,281074.0,2.4994841216192176
industrial-plants,plant05,nodiag,188,bia,563277,635.000000,584.378000,1302.818,ok,281074.0,2.004016735806229
industrial-plants,plant05,nodiag,188,bae,678082,635.000000,584.378000,1694.364,ok,281074.0,2.4124678910180237
industrial-plants,plant05,nodiag,188,nbs,635394,635.000000,584.378000,1341.062,ok,281074.0,2.260593295715719
industrial-plants,plant05,nodiag,188,gbfs,9754,687.000000,584.378000,11.984,subopt,281074.0,0.03470260500793385
industrial-plants,plant05,nodiag,189,astar,185086,912.000000,876.267000,270.947,ok,183925.0,1.00631235557972
industrial-plants,plant05,nodiag,189,rastar,435655,912.000000,876.267000,780.660,ok,183925.0,2.3686557020524672
industrial-plants,plant05,nodiag,189,mm,503040,912.000000,876.267000,1038.972,ok,183925.0,2.7350278646187305
industrial-plants,plant05,nodiag,189,bia,370111,912.000000,876.267000,831.350,ok,183925.0,2.0122930542340627
industrial-plants,plant05,nodiag,189,bae,422309,912.000000,876.267000,1010.598,ok,183925.0,2.2960935163789586
industrial-plants,plant05,nodiag,189,nbs,405736,912.000000,876.267000,868.812,ok,183925.0,2.2059861356531196
industrial-plants,plant05,nodiag,189,gbfs,29412,948.000000,876.267000,36.120,subopt,183925.0,0.1599130080195732
industrial-plants,plant05,nodiag,190,astar,514,513.000000,417.636000,1.610,ok,0.0,
industrial-plants,plant05,nodiag,190,rastar,514,513.000000,417.636000,2.803,ok,0.0,
industrial-plants,plant05,nodiag,190,mm,513,513.000000,417.636000,4.047,ok,0.0,
industrial-plants,plant05,nodiag,190,bia,513,513.000000,417.636000,2.874,ok,0.0,
industrial-plants,plant05,nodiag,190,bae,513,513.000000,417.636000,3.150,ok,0.0,
industrial-plants,plant05,nodiag,190,nbs,497920,513.000000,417.636000,832.317,ok,0.0,
industrial-plants,plant05,nodiag,190,gbfs,514,513.000000,417.636000,1.926,subopt,0.0,
industrial-plants,plant05,nodiag,191,astar,582,581.000000,455.421000,3.107,ok,0.0,
industrial-plants,plant05,nodiag,191,rastar,582,581.000000,455.421000,3.032,ok,0.0,
industrial-plants,plant05,nodiag,191,mm,581,581.000000,455.421000,4.646,ok,0.0,
industrial-plants,plant05,nodiag,191,bia,581,581.000000,455.421000,3.262,ok,0.0,
industrial-plants,plant05,nodiag,191,bae,581,581.000000,455.421000,3.564,ok,0.0,
industrial-plants,plant05,nodiag,191,nbs,745379,581.000000,455.421000,1396.675,ok,0.0,
industrial-plants,plant05,nodiag,191,gbfs,582,581.000000,455.421000,1.726,subopt,0.0,
industrial-plants,plant05,nodiag,192,astar,325,324.000000,255.577000,1.433,ok,0.0,
industrial-plants,plant05,nodiag,192,rastar,325,324.000000,255.577000,1.677,ok,0.0,
industrial-plants,plant05,nodiag,192,mm,78468,324.000000,255.577000,129.547,ok,0.0,
industrial-plants,plant05,nodiag,192,bia,324,324.000000,255.577000,0.965,ok,0.0,
industrial-plants,plant05,nodiag,192,bae,324,324.000000,255.577000,1.624,ok,0.0,
industrial-plants,plant05,nodiag,192,nbs,139275,324.000000,255.577000,219.360,ok,0.0,
industrial-plants,plant05,nodiag,192,gbfs,324,324.000000,255.577000,0.984,subopt,0.0,
industrial-plants,plant05,nodiag,193,astar,292622,759.000000,674.855000,395.529,ok,292237.0,1.0013174238717206
industrial-plants,plant05,nodiag,193,rastar,340776,759.000000,674.855000,579.431,ok,292237.0,1.1660946423621923
industrial-plants,plant05,nodiag,193,mm,580689,759.000000,674.855000,1244.886,ok,292237.0,1.9870481834949032
industrial-plants,plant05,nodiag,193,bia,584473,759.000000,674.855000,918.243,ok,292237.0,1.9999965781198137
industrial-plants,plant05,nodiag,193,bae,598177,759.000000,674.855000,988.258,ok,292237.0,2.046890024192693
industrial-plants,plant05,nodiag,193,nbs,610839,759.000000,674.855000,1070.503,ok,292237.0,2.0902178711114607
industrial-plants,plant05,nodiag,193,gbfs,3090,777.000000,674.855000,5.475,subopt,292237.0,0.010573609775627317
industrial-plants,plant05,nodiag,194,astar,16686,284.000000,265.848000,25.156,ok,10646.0,1.5673492391508548
industrial-plants,plant05,nodiag,194,rastar,116071,284.000000,265.848000,150.054,ok,10646.0,10.902780386999812
industrial-plants,plant05,nodiag,194,mm,129920,284.000000,265.848000,203.250,ok,10646.0,12.203644561337592
industrial-plants,plant05,nodiag,194,bia,33367,284.000000,265.848000,42.123,ok,10646.0,3.134228818335525
industrial-plants,plant05,nodiag,194,bae,148570,284.000000,265.848000,277.580,ok,10646.0,13.955476235205712
industrial-plants,plant05,nodiag,194,nbs,59208,284.000000,265.848000,74.441,ok,10646.0,5.561525455570167
industrial-plants,plant05,nodiag,194,gbfs,7472,318.000000,265.848000,11.462,subopt,10646.0,0.7018598534660906
industrial-plants,plant05,nodiag,195,astar,257200,452.000000,394.704000,373.062,ok,250868.0,1.0252403654511535
industrial-plants,plant05,nodiag,195,rastar,255791,452.000000,394.704000,409.457,ok,250868.0,1.019623865937465
industrial-plants,plant05,nodiag,195,mm,532370,452.000000,394.704000,1060.137,ok,250868.0,2.12211202704211
industrial-plants,plant05,nodiag,195,bia,511306,452.000000,394.704000,1213.282,ok,250868.0,2.038147551700496
industrial-plants,plant05,nodiag,195,bae,507252,452.000000,394.704000,1242.716,ok,250868.0,2.021987658848478
industrial-plants,plant05,nodiag,195,nbs,553762,452.000000,394.704000,1015.623,ok,250868.0,2.207383962880878
industrial-plants,plant05,nodiag,195,gbfs,1388,452.000000,394.704000,3.640,subopt,250868.0,0.005532790152590207
industrial-plants,plant05,nodiag,196,astar,1061381,1313.000000,1218.520000,1863.270,ok,0.0,
industrial-plants,plant05,nodiag,196,rastar,1314,1313.000000,1218.520000,4.186,ok,0.0,
industrial-plants,plant05,nodiag,196,mm,859149,1313.000000,1218.520000,2127.596,ok,0.0,
industrial-plants,plant05,nodiag,196,bia,2472,1313.000000,1218.520000,9.693,ok,0.0,
industrial-plants,plant05,nodiag,196,bae,2472,1313.000000,1218.520000,11.192,ok,0.0,
industrial-plants,plant05,nodiag,196,nbs,4163750,1313.000000,1218.520000,9495.101,ok,0.0,
industrial-plants,plant05,nodiag,196,gbfs,2472,1313.000000,1218.520000,10.405,subopt,0.0,
industrial-plants,plant05,nodiag,197,astar,6375,322.000000,265.734000,12.128,ok,0.0,
industrial-plants,plant05,nodiag,197,rastar,323,322.000000,265.734000,1.051,ok,0.0,
industrial-plants,plant05,nodiag,197,mm,35266,322.000000,265.734000,58.212,ok,0.0,
industrial-plants,plant05,nodiag,197,bia,430,322.000000,265.734000,2.254,ok,0.0,
industrial-plants,plant05,nodiag,197,bae,430,322.000000,265.734000,2.404,ok,0.0,
industrial-plants,plant05,nodiag,197,nbs,61644,322.000000,265.734000,89.446,ok,0.0,
industrial-plants,plant05,nodiag,197,gbfs,430,322.000000,265.734000,1.608,subopt,0.0,
industrial-plants,plant05,nodiag,198,astar,161072,448.000000,292.672000,272.018,ok,0.0,
industrial-plants,plant05,nodiag,198,rastar,449,448.000000,292.672000,1.016,ok,0.0,
industrial-plants,plant05,nodiag,198,mm,971828,448.000000,292.672000,1768.522,ok,0.0,
industrial-plants,plant05,nodiag,198,bia,760,448.000000,292.672000,2.750,ok,0.0,
industrial-plants,plant05,nodiag,198,bae,760,448.000000,292.672000,4.022,ok,0.0,
industrial-plants,plant05,nodiag,198,nbs,1956098,448.000000,292.672000,4522.465,ok,0.0,
industrial-plants,plant05,nodiag,198,gbfs,760,448.000000,292.672000,3.427,subopt,0.0,
industrial-plants,plant05,nodiag,199,astar,680,679.000000,525.643000,3.274,ok,0.0,
industrial-plants,plant05,nodiag,199,rastar,680,679.000000,525.643000,3.489,ok,0.0,
industrial-plants,plant05,nodiag,199,mm,679,679.000000,525.643000,5.039,ok,0.0,
industrial-plants,plant05,nodiag,199,bia,679,679.000000,525.643000,3.652,ok,0.0,
industrial-plants,plant05,nodiag,199,bae,679,679.000000,525.643000,3.797,ok,0.0,
industrial-plants,plant05,nodiag,199,nbs,1854369,679.000000,525.643000,4261.805,ok,0.0,
industrial-plants,plant05,nodiag,199,gbfs,680,679.000000,525.643000,2.331,subopt,0.0,
